,,,GGBS ,,,,,,,Fly Ash,,,,,,,Silica Fume,,,,,,,Na(OH) content and composition,,Na2SiO3 content and composition,Aggregates Composition,,,Ratio,,,,Curing Conditions,,,Sample Dimensions,,,Compressive Strength,
Paper_ID,Title,Mix_ID,GGBS_kg_m3,GGBS_CaO_%,GGBS_SiO2_%,GGBS_Al2O3_%,GGBS_MgO_%,GGBS_Fe2O3_%,GGBS_SO3_%,FlyAsh_kg_m3,FA_CaO_%,FA_SiO2_%,FA_Al2O3_%,FA_MgO_%,FA_Fe2O3_%,FA_SO3_%,SF_kg_m3,SF_CaO_%,SF_SiO2_%,SF_Al2O3_%,SF_MgO_%,SF_Fe2O3_%,SF_SO3_%,Total NaOH (kg in 1m3 mix),Concentration (M) NaOH,Total Na2SiO3 (kg in 1m3 of mix),Coarse Aggregate (kg/m3),Fine Aggregates (kg/m3),Water (kg/m3),Activator_Binder_Ratio,Water_Binder_Ratio,Superplasticizer_%,SiO2 to Na2O (silicate modulus),Curing_Temperature,Relative Humidity,Condition,Length (mm),Breadth (mm),height (mm),CS 7 day (Mpa),CS 28 day (Mpa)
http://dx.doi.org/10.28991/CEJ-2024-010-03-016,Evaluation of Alkali-Activated Mortar Incorporating Combined and Uncombined Fly Ash and GGBS Enhanced with Nano Alumina,M1,0,47.75,27.17,8.6,3.89,0.42,1.45,650,15.48,48.43,17.15,1.35,11.96,0.82,0,0,0,0,0,0,0,232.1,12,92.9,0,1040,,0.5,,0.64,2.5,23,60,Ambient,150,150,150,,29
,,M2,650,47.75,27.17,8.6,3.89,0.42,1.45,0,15.48,48.43,17.15,1.35,11.96,0.82,0,0,0,0,0,0,0,232.1,12,92.9,0,1040,,0.5,,0.64,2.5,23,60,Ambient,150,150,150,,40
,,M3,325,47.75,27.17,8.6,3.89,0.42,1.45,325,15.48,48.43,17.15,1.35,11.96,0.82,0,0,0,0,0,0,0,232.1,12,92.9,0,1040,,0.5,,0.64,2.5,23,60,Ambient,150,150,150,,45
,,M4,0,47.75,27.17,8.6,3.89,0.42,1.45,637,15.48,48.43,17.15,1.35,11.96,0.82,0,0,0,0,0,0,0,232.1,12,92.9,0,1040,,0.5,,0.64,2.5,23,60,Ambient,150,150,150,,48
,,M5,637,47.75,27.17,8.6,3.89,0.42,1.45,0,15.48,48.43,17.15,1.35,11.96,0.82,0,0,0,0,0,0,0,232.1,12,92.9,0,1040,,0.5,,0.64,2.5,23,60,Ambient,150,150,150,,50.32
,,M6,318.5,47.75,27.17,8.6,3.89,0.42,1.45,318.15,15.48,48.43,17.15,1.35,11.96,0.82,0,0,0,0,0,0,0,232.1,12,92.9,0,1040,,0.5,,0.64,2.5,23,60,Ambient,150,150,150,,61.91
https://doi.org/10.1016/j.conbuildmat.2013.09.048,Fresh and hardened properties of alkali-activated fly ash/slag pastes with superplasticizers,S0,0,56.1,21,17,,0.62,0.77,1176.6,2.6,46,33,,10.5,0,0,0,0,0,0,0,0,54.1,14,196.1,0,0,338.1,0.5,0.28,0,2.16,20,,Ambient,50,50,50,,3
,,S30,362.7,56.1,21,17,,0.62,0.77,846.2,2.6,46,33,,10.5,0,0,0,0,0,0,0,0,55.6,14,201.5,0,0,347.3,0.5,0.28,0,2.16,20,,Ambient,50,50,50,,38
,,S50,615.6,56.1,21,17,,0.62,0.77,615.6,2.6,46,33,,10.5,0,0,0,0,0,0,0,0,56.6,14,205.2,0,0,353.8,0.5,0.28,0,2.16,20,,Ambient,50,50,50,34.8,32.8
,,S70,878.1,56.1,21,17,,0.62,0.77,376.3,2.6,46,33,,10.5,0,0,0,0,0,0,0,0,57.7,14,209.1,0,0,360.5,0.5,0.28,0,2.16,20,,Ambient,50,50,50,,58
,,S100,1291.1,56.1,21,17,,0.62,0.77,0,2.6,46,33,,10.5,0,0,0,0,0,0,0,0,59.4,14,215.2,0,0,371,0.5,0.28,0,2.16,20,,Ambient,50,50,50,,65
,,S50P1,615.6,56.1,21,17,,0.62,0.77,615.6,2.6,46,33,,10.5,0,0,0,0,0,0,0,0,56.6,14,205.2,0,0,353.8,0.5,0.28,1,2.16,20,,Ambient,50,50,50,38,36
,,S50P2,615.6,56.1,21,17,,0.62,0.77,615.6,2.6,46,33,,10.5,0,0,0,0,0,0,0,0,56.6,14,205.2,0,0,353.8,0.5,0.28,2,2.16,20,,Ambient,50,50,50,41.6,46.7
,,S50P3,615.6,56.1,21,17,,0.62,0.77,615.6,2.6,46,33,,10.5,0,0,0,0,0,0,0,0,56.6,14,205.2,0,0,353.8,0.5,0.28,3,2.16,20,,Ambient,50,50,50,36,40
,,S50P4,615.6,56.1,21,17,,0.62,0.77,615.6,2.6,46,33,,10.5,0,0,0,0,0,0,0,0,56.6,14,205.2,0,0,353.8,0.5,0.28,4,2.16,20,,Ambient,50,50,50,36,38
,,S50N1,615.6,56.1,21,17,,0.62,0.77,615.6,2.6,46,33,,10.5,0,0,0,0,0,0,0,0,56.6,14,205.2,0,0,353.8,0.5,0.28,1,2.16,20,,Ambient,50,50,50,35,37
,,S50N2,615.6,56.1,21,17,,0.62,0.77,615.6,2.6,46,33,,10.5,0,0,0,0,0,0,0,0,56.6,14,205.2,0,0,353.8,0.5,0.28,2,2.16,20,,Ambient,50,50,50,35,38
,,S50N3,615.6,56.1,21,17,,0.62,0.77,615.6,2.6,46,33,,10.5,0,0,0,0,0,0,0,0,56.6,14,205.2,0,0,353.8,0.5,0.28,3,2.16,20,,Ambient,50,50,50,36,36
,,S50N4,615.6,56.1,21,17,,0.62,0.77,615.6,2.6,46,33,,10.5,0,0,0,0,0,0,0,0,56.6,14,205.2,0,0,353.8,0.5,0.28,4,2.16,20,,Ambient,50,50,50,34,35
,,S0P4,0,56.1,21,17,,0.62,0.77,1176.6,2.6,46,33,,10.5,0,0,0,0,0,0,0,0,54.1,14,196.1,0,0,338.1,0.5,0.28,4,2.16,20,,Ambient,50,50,50,33,3
,,S30P4,362.7,56.1,21,17,,0.62,0.77,846.2,2.6,46,33,,10.5,0,0,0,0,0,0,0,0,55.6,14,201.5,0,0,347.3,0.5,0.28,4,2.16,20,,Ambient,50,50,50,,35
,,S70P4,878.1,56.1,21,17,,0.62,0.77,376.3,2.6,46,33,,10.5,0,0,0,0,0,0,0,0,57.7,14,209.1,0,0,360.5,0.5,0.28,4,2.16,20,,Ambient,50,50,50,,55
,,S100P4,1291.1,56.1,21,17,,0.62,0.77,0,2.6,46,33,,10.5,0,0,0,0,0,0,0,0,59.4,14,215.2,0,0,371,0.5,0.28,4,2.16,20,,Ambient,50,50,50,,60
,,S0N4,0,56.1,21,17,,0.62,0.77,1176.6,2.6,46,33,,10.5,0,0,0,0,0,0,0,0,54.1,14,196.1,0,0,338.1,0.5,0.28,4,2.16,20,,Ambient,50,50,50,,3
,,S30N4,362.7,56.1,21,17,,0.62,0.77,846.2,2.6,46,33,,10.5,0,0,0,0,0,0,0,0,55.6,14,201.5,0,0,347.3,0.5,0.28,4,2.16,20,,Ambient,50,50,50,,35
,,S70N4,878.1,56.1,21,17,,0.62,0.77,376.3,2.6,46,33,,10.5,0,0,0,0,0,0,0,0,57.7,14,209.1,0,0,360.5,0.5,0.28,4,2.16,20,,Ambient,50,50,50,,55
,,S100N4,1291.1,56.1,21,17,,0.62,0.77,0,2.6,46,33,,10.5,0,0,0,0,0,0,0,0,59.4,14,215.2,0,0,371,0.5,0.28,4,2.16,20,,Ambient,50,50,50,,60
,,S0P1,0,56.1,21,17,,0.62,0.77,1176.6,2.6,46,33,,10.5,0,0,0,0,0,0,0,0,54.1,14,196.1,0,0,338.1,0.5,0.28,1,2.16,20,,Ambient,50,50,50,,3
,,S0P2,0,56.1,21,17,,0.62,0.77,1176.6,2.6,46,33,,10.5,0,0,0,0,0,0,0,0,54.1,14,196.1,0,0,338.1,0.5,0.28,2,2.16,20,,Ambient,50,50,50,,3
,,S0P3,0,56.1,21,17,,0.62,0.77,1176.6,2.6,46,33,,10.5,0,0,0,0,0,0,0,0,54.1,14,196.1,0,0,338.1,0.5,0.28,3,2.16,20,,Ambient,50,50,50,,35
,,S30P1,362.7,56.1,21,17,,0.62,0.77,846.2,2.6,46,33,,10.5,0,0,0,0,0,0,0,0,55.6,14,201.5,0,0,347.3,0.5,0.28,1,2.16,20,,Ambient,50,50,50,,36
,,S30P2,362.7,56.1,21,17,,0.62,0.77,846.2,2.6,46,33,,10.5,0,0,0,0,0,0,0,0,55.6,14,201.5,0,0,347.3,0.5,0.28,2,2.16,20,,Ambient,50,50,50,,36
,,S30P3,362.7,56.1,21,17,,0.62,0.77,846.2,2.6,46,33,,10.5,0,0,0,0,0,0,0,0,55.6,14,201.5,0,0,347.3,0.5,0.28,3,2.16,20,,Ambient,50,50,50,,55
,,S70P1,878.1,56.1,21,17,,0.62,0.77,376.3,2.6,46,33,,10.5,0,0,0,0,0,0,0,0,57.7,14,209.1,0,0,360.5,0.5,0.28,1,2.16,20,,Ambient,50,50,50,,55
,,S70P2,878.1,56.1,21,17,,0.62,0.77,376.3,2.6,46,33,,10.5,0,0,0,0,0,0,0,0,57.7,14,209.1,0,0,360.5,0.5,0.28,2,2.16,20,,Ambient,50,50,50,,55
,,S70P3,878.1,56.1,21,17,,0.62,0.77,376.3,2.6,46,33,,10.5,0,0,0,0,0,0,0,0,57.7,14,209.1,0,0,360.5,0.5,0.28,3,2.16,20,,Ambient,50,50,50,,60
,,S100P1,1291.1,56.1,21,17,,0.62,0.77,0,2.6,46,33,,10.5,0,0,0,0,0,0,0,0,59.4,14,215.2,0,0,371,0.5,0.28,1,2.16,20,,Ambient,50,50,50,,60
,,S100P2,1291.1,56.1,21,17,,0.62,0.77,0,2.6,46,33,,10.5,0,0,0,0,0,0,0,0,59.4,14,215.2,0,0,371,0.5,0.28,2,2.16,20,,Ambient,50,50,50,,60
,,S100P3,1291.1,56.1,21,17,,0.62,0.77,0,2.6,46,33,,10.5,0,0,0,0,0,0,0,0,59.4,,215.2,0,0,371,0.5,0.28,3,2.16,20,,Ambient,50,50,50,,65
https://doi.org/10.1016/j.conbuildmat.2018.09.138,Fracture properties of slag/fly ash-based geopolymer concrete cured in ambient temperature,SFGC-1,200,38.8,33.8,14.8,7.09,,2.49,200,1.32,52.6,34.1,7.09,,0.33,0,0,0,0,0,0,0,9,,56,1074,716,145,0.45,0.36,3,1.5,21,90,Ambient,100,100,100,25,31.7
,,SFGC-2,200,38.8,33.8,14.8,7.09,,2.49,200,1.32,52.6,34.1,7.09,,0.33,0,0,0,0,0,0,0,12,,74,1068,712,133,0.45,0.33,4,1.5,21,90,Ambient,100,100,100,35,49.3
,,SFGC-3,200,38.8,33.8,14.8,7.09,,2.49,200,1.32,52.6,34.1,7.09,,0.33,0,0,0,0,0,0,0,15,,93,1062,708,122,0.45,0.305,5,1.5,21,90,Ambient,100,100,100,45,58.2
,,SFGC-4,200,38.8,33.8,14.8,7.09,,2.49,200,1.32,52.6,34.1,7.09,,0.33,0,0,0,0,0,0,0,19,,62,1068,712,139,0.45,0.35,5,1,21,90,Ambient,100,100,100,32,44.4
,,SFGC-5,200,38.8,33.8,14.8,7.09,,2.49,200,1.32,52.6,34.1,7.09,,0.33,0,0,0,0,0,0,0,12,,124,1056,704,104,0.45,0.26,5,2,21,90,Ambient,100,100,100,46,65
,,SFGC-6,200,38.8,33.8,14.8,7.09,,2.49,200,1.32,52.6,34.1,7.09,,0.33,0,0,0,0,0,0,0,15,,93,1074,716,102,0.4,0.255,5,1.5,21,90,Ambient,100,100,100,48,65.7
,,SFGC-7,200,38.8,33.8,14.8,7.09,,2.49,200,1.32,52.6,34.1,7.09,,0.33,0,0,0,0,0,0,0,15,,93,1050,700,142,0.5,0.355,5,1.5,21,90,Ambient,100,100,100,34,42.3
,,SFGC-8,300,38.8,33.8,14.8,7.09,,2.49,100,1.32,52.6,34.1,7.09,,0.33,0,0,0,0,0,0,0,12,,74,1068,712,133,0.45,0.33,4,1.5,21,90,Ambient,100,100,100,40,52.1
,,SFGC-9,400,38.8,33.8,14.8,7.09,,2.49,0,1.32,52.6,34.1,7.09,,0.33,0,0,0,0,0,0,0,12,,74,1068,712,133,0.45,0.33,4,1.5,21,90,Ambient,100,100,100,48,63.1
https://doi.org/10.1016/j.conbuildmat.2023.131168,"Fly ash, GGBS, and silica fume based geopolymer concrete with recycled aggregates: Properties and environmental impacts",GPC-FG30,128,43.17,31.65,12.4,5.8,0.37,0.98,298,2.36,54.99,28.72,0.37,3.05,0.12,0,0.4,93.74,0.19,0.17,0.95,0.34,61,12,152,1108,596,0,0.5,0,0,2.5,,,Ambient,150,150,150,20.7,36.6
,,GPC-FG40,170,43.17,31.65,12.4,5.8,0.37,0.98,256,2.36,54.99,28.72,0.37,3.05,0.12,0,0.4,93.74,0.19,0.17,0.95,0.34,61,12,152,1108,596,0,0.5,0,0,2.5,,,Ambient,150,150,150,24.5,39.2
,,GPC-FG50,213,43.17,31.65,12.4,5.8,0.37,0.98,213,2.36,54.99,28.72,0.37,3.05,0.12,0,0.4,93.74,0.19,0.17,0.95,0.34,61,12,152,1108,596,0,0.5,0,0,2.5,,,Ambient,150,150,150,26,41.8
,,GPC-FG60,256,43.17,31.65,12.4,5.8,0.37,0.98,170,2.36,54.99,28.72,0.37,3.05,0.12,0,0.4,93.74,0.19,0.17,0.95,0.34,61,12,152,1108,596,0,0.5,0,0,2.5,,,Ambient,150,150,150,24.7,38.2
,,GPC-MG5,213,43.17,31.65,12.4,5.8,0.37,0.98,191,2.36,54.99,28.72,0.37,3.05,0.12,22,0.4,93.74,0.19,0.17,0.95,0.34,61,12,152,1108,596,0,0.5,0,0,2.5,,,Ambient,150,150,150,27.1,43.2
,,GPC-MG10,213,43.17,31.65,12.4,5.8,0.37,0.98,170,2.36,54.99,28.72,0.37,3.05,0.12,43,0.4,93.74,0.19,0.17,0.95,0.34,61,12,152,1108,596,0,0.5,0,0,2.5,,,Ambient,150,150,150,30.1,49.2
,,GPC-MG15,213,43.17,31.65,12.4,5.8,0.37,0.98,149,2.36,54.99,28.72,0.37,3.05,0.12,64,0.4,93.74,0.19,0.17,0.95,0.34,61,12,152,1108,596,0,0.5,0,0,2.5,,,Ambient,150,150,150,33.3,52.2
,,GPC-MG20,213,43.17,31.65,12.4,5.8,0.37,0.98,127,2.36,54.99,28.72,0.37,3.05,0.12,86,0.4,93.74,0.19,0.17,0.95,0.34,61,12,152,1108,596,0,0.5,0,0,2.5,,,Ambient,150,150,150,28.7,47.5
https://doi.org/10.1016/j.conbuildmat.2025.142374,A comprehensive study on alkali-activated slag-based concrete: Mechanical properties and sustainability evaluation,W0.35,500,36.82,26.75,19.66,11.1,0.32,2.65,0,5.6,45.1,24.2,1.21,0.85,2.1,0,0.12,96.65,0.31,0.11,0.07,1.21,4.3,,193.9,1104,621,65.8,0.4,0.13,4,2,20,65,Ambient,100,100,100,67.55,73.19
,,W0.42,417,36.82,26.75,19.66,11.1,0.32,2.65,0,5.6,45.1,24.2,1.21,0.85,2.1,0,0.12,96.65,0.31,0.11,0.07,1.21,3.6,,161.8,1085,724,84,0.4,0.2,3.3,2,20,65,Ambient,100,100,100,59.64,65.5
,,W0.50,350,36.82,26.75,19.66,11.1,0.32,2.65,0,5.6,45.1,24.2,1.21,0.85,2.1,0,0.12,96.65,0.31,0.11,0.07,1.21,3,,135.8,1050,825,98.6,0.4,0.28,2.8,2,20,65,Ambient,100,100,100,53.61,55.89
,,N2,417,36.82,26.75,19.66,11.1,0.32,2.65,0,5.6,45.1,24.2,1.21,0.85,2.1,0,0.12,96.65,0.31,0.11,0.07,1.21,1.2,,53.9,1085,724,144.7,0.4,0.34,3.3,2,20,65,Ambient,100,100,100,46.8,49.85
,,N4,417,36.82,26.75,19.66,11.1,0.32,2.65,0,5.6,45.1,24.2,1.21,0.85,2.1,0,0.12,96.65,0.31,0.11,0.07,1.21,2.4,,107.8,1085,724,114.3,0.4,0.274,3.3,2,20,65,Ambient,100,100,100,55.25,62.51
,,N8,417,36.82,26.75,19.66,11.1,0.32,2.65,0,5.6,45.1,24.2,1.21,0.85,2.1,0,0.12,96.65,0.31,0.11,0.07,1.21,4.8,,215.7,1085,724,53.7,0.4,0.12,3.3,2,20,65,Ambient,100,100,100,70.24,75.89
,,FA10,375.3,36.82,26.75,19.66,11.1,0.32,2.65,41.7,5.6,45.1,24.2,1.21,0.85,2.1,0,0.12,96.65,0.31,0.11,0.07,1.21,3.6,,161.8,1085,724,84,0.4,0.2,3.3,2,20,65,Ambient,100,100,100,64.73,67.81
,,FA20,333.6,36.82,26.75,19.66,11.1,0.32,2.65,83.4,5.6,45.1,24.2,1.21,0.85,2.1,0,0.12,96.65,0.31,0.11,0.07,1.21,3.6,,161.8,1085,724,84,0.4,0.2,3.3,2,20,65,Ambient,100,100,100,67.17,69.33
,,FA30,291.9,36.82,26.75,19.66,11.1,0.32,2.65,125.1,5.6,45.1,24.2,1.21,0.85,2.1,0,0.12,96.65,0.31,0.11,0.07,1.21,3.6,,161.8,1085,724,84,0.4,0.2,3.3,2,20,65,Ambient,100,100,100,58.11,66.86
,,FA40,250.2,36.82,26.75,19.66,11.1,0.32,2.65,166.8,5.6,45.1,24.2,1.21,0.85,2.1,0,0.12,96.65,0.31,0.11,0.07,1.21,3.6,,161.8,1085,724,84,0.4,0.2,3.3,2,20,65,Ambient,100,100,100,47.62,60.39
,,FA60,166.8,36.82,26.75,19.66,11.1,0.32,2.65,250.2,5.6,45.1,24.2,1.21,0.85,2.1,0,0.12,96.65,0.31,0.11,0.07,1.21,3.6,,161.8,1085,724,84,0.4,0.2,3.3,2,20,65,Ambient,100,100,100,43.72,56.15
,,SF05,396.2,36.82,26.75,19.66,11.1,0.32,2.65,0,5.6,45.1,24.2,1.21,0.85,2.1,20.8,0.12,96.65,0.31,0.11,0.07,1.21,3.6,,161.8,1085,724,84,0.4,0.2,3.3,2,20,65,Ambient,100,100,100,63.92,67.53
,,SF10,375.3,36.82,26.75,19.66,11.1,0.32,2.65,0,5.6,45.1,24.2,1.21,0.85,2.1,41.7,0.12,96.65,0.31,0.11,0.07,1.21,3.6,,161.8,1085,724,84,0.4,0.2,3.3,2,20,65,Ambient,100,100,100,66.1,71.39
,,SF15,354.5,36.82,26.75,19.66,11.1,0.32,2.65,0,5.6,45.1,24.2,1.21,0.85,2.1,62.5,0.12,96.65,0.31,0.11,0.07,1.21,3.6,,161.8,1085,724,84,0.4,0.2,3.3,2,20,65,Ambient,100,100,100,59.49,62.42
https://doi.org/10.1016/j.conbuildmat.2023.134376,Mechanical properties of fly ash and silica fume based geopolymer concrete made with magnetized water activato,M1,0,0,0,0,0,0,0,428,1.19,60.25,28.57,0.24,4.99,0.04,0,0.013,96.2,0.91,0.38,1.44,0,49,16,114,1170,630,42.8,0.4,0.1,0,2,100,,Heat,100,100,100,26,33.1
,,M2 ,0,0,0,0,0,0,0,385,1.19,60.25,28.57,0.24,4.99,0.04,43,0.013,96.2,0.91,0.38,1.44,0,49,16,122,1170,630,42.8,0.4,0.1,0,2.5,100,,Heat,100,100,100,30,35.5
,,M3 ,0,0,0,0,0,0,0,342,1.19,60.25,28.57,0.24,4.99,0.04,86,0.013,96.2,0.91,0.38,1.44,0,49,16,122,1170,630,42.8,0.4,0.1,0,3,100,,Heat,100,100,100,33.5,38.5
,,M4,0,0,0,0,0,0,0,300,1.19,60.25,28.57,0.24,4.99,0.04,128,0.013,96.2,0.91,0.38,1.44,0,49,16,122,1170,630,42.8,0.4,0.1,0,2.5,100,,Heat,100,100,100,28.5,34
,,M5,0,0,0,0,0,0,0,0,1.19,60.25,28.57,0.24,4.99,0.04,428,0.013,96.2,0.91,0.38,1.44,0,49,16,122,1170,630,42.8,0.4,0.1,0,2,100,,Heat,100,100,100,8,10.5
,,M6,0,0,0,0,0,0,0,428,1.19,60.25,28.57,0.24,4.99,0.04,0,0.013,96.2,0.91,0.38,1.44,0,57,16,114,1170,630,42.8,0.4,0.1,0,2.5,100,,Heat,100,100,100,28,35
,,M7,0,0,0,0,0,0,0,428,1.19,60.25,28.57,0.24,4.99,0.04,0,0.013,96.2,0.91,0.38,1.44,0,43,16,128,1170,630,42.8,0.4,0.1,0,3,100,,Heat,100,100,100,22,27.5
,,M8,0,0,0,0,0,0,0,428,1.19,60.25,28.57,0.24,4.99,0.04,0,0.013,96.2,0.91,0.38,1.44,0,57,16,114,1170,630,42.8,0.4,0.1,0,2,100,,Heat,100,100,100,24,28
,,M9,0,0,0,0,0,0,0,428,1.19,60.25,28.57,0.24,4.99,0.04,0,0.013,96.2,0.91,0.38,1.44,0,49,16,122,1170,630,42.8,0.4,0.1,0,2.5,100,,Heat,100,100,100,28.5,30
,,M10,0,0,0,0,0,0,0,428,1.19,60.25,28.57,0.24,4.99,0.04,0,0.013,96.2,0.91,0.38,1.44,0,43,16,128,1170,630,42.8,0.4,0.1,0,3,100,,Heat,100,100,100,19.2,25
,,M11,0,0,0,0,0,0,0,342,1.19,60.25,28.57,0.24,4.99,0.04,0,0.013,96.2,0.91,0.38,1.44,0,49,16,122,1230,665,42.8,0.4,0.1,0,2,100,,Heat,100,100,100,20,25.5
,,M12,0,0,0,0,0,0,0,285,1.19,60.25,28.57,0.24,4.99,0.04,0,0.013,96.2,0.91,0.38,1.44,0,49,16,122,1276,690,42.8,0.4,0.1,0,2.5,100,,Heat,100,100,100,22.7,28.5
,,M13,0,0,0,0,0,0,0,342,1.19,60.25,28.57,0.24,4.99,0.04,86,0.013,96.2,0.91,0.38,1.44,0,49,16,122,1202,650,21.4,0.4,0.05,0,3,100,,Heat,100,100,100,28,35
,,M14,0,0,0,0,0,0,0,342,1.19,60.25,28.57,0.24,4.99,0.04,86,0.013,96.2,0.91,0.38,1.44,0,49,16,122,1147,620,53.5,0.4,0.125,0,2,100,,Heat,100,100,100,26.4,30.5
https://doi.org/10.1016/j.cemconcomp.2020.103665,Mechanical and fracture properties of ultra-high performance geopolymer concrete: Effects of steel fiber and silica fume,R0,688,38.81,33.81,14.78,7.09,0.36,2.49,172,1.24,54.22,31.18,0.47,2.63,0.35,45,1.84,95.38,,0.26,0.61,0.16,45,,314,0,905,87,,0.1,0,,20,65,Ambient,100,100,100,,101.4
,,A,688,38.81,33.81,14.78,7.09,0.36,2.49,172,1.24,54.22,31.18,0.47,2.63,0.35,45,1.84,95.38,,0.26,0.61,0.16,45,,314,0,905,87,,0.1,0,,20,65,Ambient,100,100,100,,108.5
,,B,688,38.81,33.81,14.78,7.09,0.36,2.49,172,1.24,54.22,31.18,0.47,2.63,0.35,45,1.84,95.38,,0.26,0.61,0.16,45,,314,0,905,87,,0.1,0,,20,65,Ambient,100,100,100,,127.5
,,C,688,38.81,33.81,14.78,7.09,0.36,2.49,172,1.24,54.22,31.18,0.47,2.63,0.35,45,1.84,95.38,,0.26,0.61,0.16,45,,314,0,905,87,,0.1,0,,20,65,Ambient,100,100,100,,154.9
,,D,652,38.81,33.81,14.78,7.09,0.36,2.49,163,1.24,54.22,31.18,0.47,2.63,0.35,90,1.84,95.38,,0.26,0.61,0.16,45,,314,0,905,87,,0.1,0,,20,65,Ambient,100,100,100,,104
,,E,580,38.81,33.81,14.78,7.09,0.36,2.49,145,1.24,54.22,31.18,0.47,2.63,0.35,180,1.84,95.38,,0.26,0.61,0.16,45,,314,0,905,87,,0.1,0,,20,65,Ambient,100,100,100,,138
,,F,508,38.81,33.81,14.78,7.09,0.36,2.49,127,1.24,54.22,31.18,0.47,2.63,0.35,270,1.84,95.38,,0.26,0.61,0.16,45,,314,0,905,87,,0.1,0,,20,65,Ambient,100,100,100,,151
https://doi.org/10.1016/j.nxsust.2025.100122,Mechanical and microstructural properties of sustainable ternary blended alkali-activated concrete,A4N1.5,200,38.45,34.28,20.68,7.58,0.84,0.75,160,1.23,58.7,29.4,0.87,5.3,0.43,40,0.35,93.57,0.87,0.81,0.74,0.17,72,12,108,1152,768,170,0.45,,1.4,1.5,23,60,Ambient,150,150,150,48,52.8
,,A4N2.0,200,38.45,34.28,20.68,7.58,0.84,0.75,160,1.23,58.7,29.4,0.87,5.3,0.43,40,0.35,93.57,0.87,0.81,0.74,0.17,60,12,120,1152,768,170,0.45,,1.4,2,23,60,Ambient,150,150,150,55,60.5
,,A4N2.5,200,38.45,34.28,20.68,7.58,0.84,0.75,160,1.23,58.7,29.4,0.87,5.3,0.43,40,0.35,93.57,0.87,0.81,0.74,0.17,51.4,12,128.6,1152,768,170,0.45,,1.4,2.5,23,60,Ambient,150,150,150,68,74.12
,,A5N2.0,250,38.45,34.28,20.68,7.58,0.84,0.75,200,1.23,58.7,29.4,0.87,5.3,0.43,50,0.35,93.57,0.87,0.81,0.74,0.17,75,12,150,1065,710,170,0.45,,1.7,2,23,60,Ambient,150,150,150,63,66
,,A5N2.5,250,38.45,34.28,20.68,7.58,0.84,0.75,200,1.23,58.7,29.4,0.87,5.3,0.43,50,0.35,93.57,0.87,0.81,0.74,0.17,64.3,12,160.7,1065,710,170,0.45,,1.7,2.5,23,60,Ambient,150,150,150,70,70.4
,,A6N2.5,300,38.45,34.28,20.68,7.58,0.84,0.75,240,1.23,58.7,29.4,0.87,5.3,0.43,60,0.35,93.57,0.87,0.81,0.74,0.17,77.1,12,192.9,978,652,170,0.45,,2,2.5,23,60,Ambient,150,150,150,72,68.9
,,B4N2.5,200,38.45,34.28,20.68,7.58,0.84,0.75,140,1.23,58.7,29.4,0.87,5.3,0.43,60,0.35,93.57,0.87,0.81,0.74,0.17,51.4,12,128.6,1152,768,170,0.45,,1.4,2.5,23,60,Ambient,150,150,150,60,66.7
,,B5N2.5,250,38.45,34.28,20.68,7.58,0.84,0.75,175,1.23,58.7,29.4,0.87,5.3,0.43,75,0.35,93.57,0.87,0.81,0.74,0.17,64.3,12,160.7,1065,710,170,0.45,,1.7,2.5,23,60,Ambient,150,150,150,66,69
,,C4N2.5,200,38.45,34.28,20.68,7.58,0.84,0.75,120,1.23,58.7,29.4,0.87,5.3,0.43,80,0.35,93.57,0.87,0.81,0.74,0.17,51.4,12,128.6,1152,768,170,0.45,,1.4,2.5,23,60,Ambient,150,150,150,54,58.7
,,D4N2.5,200,38.45,34.28,20.68,7.58,0.84,0.75,180,1.23,58.7,29.4,0.87,5.3,0.43,20,0.35,93.57,0.87,0.81,0.74,0.17,51.4,12,128.6,1152,768,170,0.45,,1.4,2.5,23,60,Ambient,150,150,150,50,54.9
https://doi.org/10.2478/sjce-2022-0021,Workability_and_Strength_Characteristics_of_Alkali-Activated_Fly_ASHGGBS_Concrete_Activated_with_Neutral_Grade_Na_2_SiO_3_for_Various_Binder_Contents_and_the_Ratio_of_the_LiquidBinder,FA100GGBS0AB0.6,0,32.7,34.07,20.1,7.88,0.81,0.91,300,4.01,60.1,26.54,1.26,4.24,0.36,0,0,0,0,0,0,0,56,,180,1111,909,,0.6,,0,2.92,27,70,Ambient,100,100,100,5.97,13.4
,,FA100GGBS0AB0.65,0,32.7,34.07,20.1,7.88,0.81,0.91,400,4.01,60.1,26.54,1.26,4.24,0.36,0,0,0,0,0,0,0,74,,195,1102.7,902.25,,0.65,,0,2.92,27,70,Ambient,100,100,100,5.45,12.9
,,FA100GGBS0AB0.7,0,32.7,34.07,20.1,7.88,0.81,0.91,500,4.01,60.1,26.54,1.26,4.24,0.36,0,0,0,0,0,0,0,93,,210,1094.5,895.5,,0.7,,0,2.92,27,70,Ambient,100,100,100,5.75,13.2
,,FA50GGBS50AB0.6,150,32.7,34.07,20.1,7.88,0.81,0.91,150,4.01,60.1,26.54,1.26,4.24,0.36,0,0,0,0,0,0,0,62,,240,1023,837,,0.6,,0,2.92,27,70,Ambient,100,100,100,30.9,42.8
,,FA50GGBS50AB0.65,200,32.7,34.07,20.1,7.88,0.81,0.91,200,4.01,60.1,26.54,1.26,4.24,0.36,0,0,0,0,0,0,0,124,,260,1012,828,,0.65,,0,2.92,27,70,Ambient,100,100,100,30.1,42.1
,,FA50GGBS50AB0.7,250,32.7,34.07,20.1,7.88,0.81,0.91,250,4.01,60.1,26.54,1.26,4.24,0.36,0,0,0,0,0,0,0,93,,280,1001,819,,0.7,,0,2.92,27,70,Ambient,100,100,100,27.9,40.2
,,FA0GGBS51000AB0.6,300,32.7,34.07,20.1,7.88,0.81,0.91,0,4.01,60.1,26.54,1.26,4.24,0.36,0,0,0,0,0,0,0,93,,300,935,765,,0.6,,0,2.92,27,70,Ambient,100,100,100,70.6,76.5
,,FA0GGBS51000AB0.65,400,32.7,34.07,20.1,7.88,0.81,0.91,0,4.01,60.1,26.54,1.26,4.24,0.36,0,0,0,0,0,0,0,74,,325,921.2,753.75,,0.65,,0,2.92,27,70,Ambient,100,100,100,67.9,75.3
,,FA0GGBS51000AB0.7,500,32.7,34.07,20.1,7.88,0.81,0.91,0,4.01,60.1,26.54,1.26,4.24,0.36,0,0,0,0,0,0,0,74,,350,907.5,742.5,,0.7,,0,2.92,27,70,Ambient,100,100,100,69.7,76.2
https://doi.org/10.1016/j.conbuildmat.2024.137538,"Effects of multiple precursors on strength, durability, and microstructural properties of ambiently cured geopolymer concrete",GP30M1,0,55.25,21.58,14.88,2.63,1.78,0.46,360,2.09,55,26,0.8,10.17,0.3,0,0.23,96.2,0.09,0.37,0.63,0.16,172.8,3.5,43.2,973.9,760,,0.6,,0,2,25,,Ambient,100,100,100,6.84,9.42
,,GP30M2,36,55.25,21.58,14.88,2.63,1.78,0.46,324,2.09,55,26,0.8,10.17,0.3,0,0.23,96.2,0.09,0.37,0.63,0.16,172.8,3.5,43.2,979.7,764.7,,0.6,,0,2,25,,Ambient,100,100,100,10.5,14
,,GP30M3,72,55.25,21.58,14.88,2.63,1.78,0.46,288,2.09,55,26,0.8,10.17,0.3,0,0.23,96.2,0.09,0.37,0.63,0.16,172.8,3.5,43.2,985.5,769.4,,0.6,,0,2,25,,Ambient,100,100,100,15.5,20
,,GP30M4,108,55.25,21.58,14.88,2.63,1.78,0.46,252,2.09,55,26,0.8,10.17,0.3,0,0.23,96.2,0.09,0.37,0.63,0.16,172.8,3.5,43.2,991.3,774.1,,0.6,,0,2,25,,Ambient,100,100,100,22,30
,,GP50M1,0,55.25,21.58,14.88,2.63,1.78,0.46,460,2.09,55,26,0.8,10.17,0.3,0,0.23,96.2,0.09,0.37,0.63,0.16,129.72,5,86.48,925.5,722.4,,0.47,,0,2,25,,Ambient,100,100,100,9,11.46
,,GP50M2,46,55.25,21.58,14.88,2.63,1.78,0.46,414,2.09,55,26,0.8,10.17,0.3,0,0.23,96.2,0.09,0.37,0.63,0.16,129.72,5,86.48,932.7,728.1,,0.47,,0,2,25,,Ambient,100,100,100,17,26
,,GP50M3,92,55.25,21.58,14.88,2.63,1.78,0.46,368,2.09,55,26,0.8,10.17,0.3,0,0.23,96.2,0.09,0.37,0.63,0.16,129.72,5,86.48,939.9,733.8,,0.47,,0,2,25,,Ambient,100,100,100,25,38
,,GP50M4,138,55.25,21.58,14.88,2.63,1.78,0.46,322,2.09,55,26,0.8,10.17,0.3,0,0.23,96.2,0.09,0.37,0.63,0.16,129.72,5,86.48,947.1,739.5,,0.47,,0,2,25,,Ambient,100,100,100,35,52
,,GP70M1,0,55.25,21.58,14.88,2.63,1.78,0.46,437,2.09,55,26,0.8,10.17,0.3,23,0.23,96.2,0.09,0.37,0.63,0.16,135.24,5,90.16,925.5,722.4,,0.49,,0,2,25,,Ambient,100,100,100,12,16.32
,,GP70M2,46,55.25,21.58,14.88,2.63,1.78,0.46,391,2.09,55,26,0.8,10.17,0.3,23,0.23,96.2,0.09,0.37,0.63,0.16,135.24,5,90.16,932.7,728.1,,0.49,,0,2,25,,Ambient,100,100,100,28,40
,,GP70M3,92,55.25,21.58,14.88,2.63,1.78,0.46,345,2.09,55,26,0.8,10.17,0.3,23,0.23,96.2,0.09,0.37,0.63,0.16,135.24,5,90.16,939.9,733.8,,0.49,,0,2,25,,Ambient,100,100,100,40,60
,,GP70M4,138,55.25,21.58,14.88,2.63,1.78,0.46,299,2.09,55,26,0.8,10.17,0.3,23,0.23,96.2,0.09,0.37,0.63,0.16,135.24,5,90.16,947.1,739.5,,0.49,,0,2,25,,Ambient,100,100,100,52,78
https://doi.org/10.1061/JMCEE7.MTENG-16389,Experimental Study on Characteristics of Fly Ash–GGBS-Based Geopolymer Concrete with Demolition Waste as Fine Aggregate,SH1.5M12,122.37,37.63,34.81,17.92,7.8,0.66,0.2,,1.38,61.42,24.84,3.62,6.69,0.41,0,0,0,0,0,0,0,20.79,12,86.4,1264,571,48.95,0.35,0.12,1,2.2,25,55,Ambient,150,150,150,31.45,41.04
,,SH2.0M12,122.37,37.63,34.81,17.92,7.8,0.66,0.2,,1.38,61.42,24.84,3.62,6.69,0.41,0,0,0,0,0,0,0,17.32,12,96,1264,571,48.95,0.35,0.12,1,2.2,25,55,Ambient,150,150,150,35.38,44.3
,,SH2.5M12,122.37,37.63,34.81,17.92,7.8,0.66,0.2,,1.38,61.42,24.84,3.62,6.69,0.41,0,0,0,0,0,0,0,14.85,12,102.86,1264,571,48.95,0.35,0.12,1,2.2,25,55,Ambient,150,150,150,36.45,47.85
,,SH1.5M14,122.37,37.63,34.81,17.92,7.8,0.66,0.2,,1.38,61.42,24.84,3.62,6.69,0.41,0,0,0,0,0,0,0,23.29,14,86.4,1264,571,48.95,0.35,0.12,1,2.2,25,55,Ambient,150,150,150,28.85,39.7
,,SH2.0M14,122.37,37.63,34.81,17.92,7.8,0.66,0.2,,1.38,61.42,24.84,3.62,6.69,0.41,0,0,0,0,0,0,0,19.41,14,96,1264,571,48.95,0.35,0.12,1,2.2,25,55,Ambient,150,150,150,31,42.81
,,SH2.5M14,122.37,37.63,34.81,17.92,7.8,0.66,0.2,,1.38,61.42,24.84,3.62,6.69,0.41,0,0,0,0,0,0,0,16.63,14,102.86,1264,571,48.95,0.35,0.12,1,2.2,25,55,Ambient,150,150,150,34.46,46.07
https://doi.org/10.1016/j.conbuildmat.2018.04.008,Workability and mechanical properties of alkali-activated fly ash-slag concrete cured at ambient temperature,A10,40,37.6,36.77,13.56,7.45,0.41,1.82,360,3.65,53.24,26.42,9.55,1.65,0.56,0,0,0,0,0,0,0,53,10,107,1197,644,,0.4,,1,2,20,60,Ambient,100,100,100,12,21.9
,,A15,60,37.6,36.77,13.56,7.45,0.41,1.82,340,3.65,53.24,26.42,9.55,1.65,0.56,0,0,0,0,0,0,0,53,10,107,1200,646,,0.4,,1,2,20,60,Ambient,100,100,100,17,31
,,A20,80,37.6,36.77,13.56,7.45,0.41,1.82,320,3.65,53.24,26.42,9.55,1.65,0.56,0,0,0,0,0,0,0,53,10,107,1203,648,,0.4,,1,2,20,60,Ambient,100,100,100,28,43
,,A25,100,37.6,36.77,13.56,7.45,0.41,1.82,300,3.65,53.24,26.42,9.55,1.65,0.56,0,0,0,0,0,0,0,53,10,107,1207,650,,0.4,,1,2,20,60,Ambient,100,100,100,32,50
,,A30,120,37.6,36.77,13.56,7.45,0.41,1.82,280,3.65,53.24,26.42,9.55,1.65,0.56,0,0,0,0,0,0,0,53,10,107,1200,652,,0.4,,1,2,20,60,Ambient,100,100,100,36,56.4
,,B15,60,37.6,36.77,13.56,7.45,0.41,1.82,340,3.65,53.24,26.42,9.55,1.65,0.56,0,0,0,0,0,0,0,53,12,107,1207,646,,0.4,,1,2,20,60,Ambient,100,100,100,20,38
,,B20,80,37.6,36.77,13.56,7.45,0.41,1.82,320,3.65,53.24,26.42,9.55,1.65,0.56,0,0,0,0,0,0,0,53,12,107,1222,648,,0.4,,1,2,20,60,Ambient,100,100,100,30,40
,,B25,100,37.6,36.77,13.56,7.45,0.41,1.82,300,3.65,53.24,26.42,9.55,1.65,0.56,0,0,0,0,0,0,0,53,12,107,1207,658,,0.4,,1,2,20,60,Ambient,100,100,100,40,58
,,C15,60,37.6,36.77,13.56,7.45,0.41,1.82,340,3.65,53.24,26.42,9.55,1.65,0.56,0,0,0,0,0,0,0,47,10,93,1209,651,,0.35,,1,2,20,60,Ambient,100,100,100,18,33
,,C20,80,37.6,36.77,13.56,7.45,0.41,1.82,320,3.65,53.24,26.42,9.55,1.65,0.56,0,0,0,0,0,0,0,47,10,93,1227,661,,0.35,,1,2,20,60,Ambient,100,100,100,28,42
,,C25,100,37.6,36.77,13.56,7.45,0.41,1.82,300,3.65,53.24,26.42,9.55,1.65,0.56,0,0,0,0,0,0,0,47,10,93,1246,671,,0.35,,1,2,20,60,Ambient,100,100,100,35,49
,,D15,60,37.6,36.77,13.56,7.45,0.41,1.82,340,3.65,53.24,26.42,9.55,1.65,0.56,0,0,0,0,0,0,0,64,10,96,1184,637,,0.4,,1,2,20,60,Ambient,100,100,100,19,34
,,D25,100,37.6,36.77,13.56,7.45,0.41,1.82,300,3.65,53.24,26.42,9.55,1.65,0.56,0,0,0,0,0,0,0,46,10,114,1223,659,,0.4,,1,2,20,60,Ambient,100,100,100,36,46
https://doi.org/10.1016/j.cemconcomp.2018.07.009,A mixture proportioning method for the development of performance-based alkali-activated slag-based concret,TM1,311,38.81,33.81,14.78,7.09,0.36,2.49,0,1.24,54.22,31.18,0.47,2.36,0.35,0,0,0,0,0,0,0,6.81,,10.4,1163,744,155.5,0.6,0.5,0,0.5,20,55,Ambient,100,100,100,,2.64
,,TM2,281,38.81,33.81,14.78,7.09,0.36,2.49,50,1.24,54.22,31.18,0.47,2.36,0.35,0,0,0,0,0,0,0,8.9,,33.11,1132,723,144.47,0.6,0.5,0,0.5,20,55,Ambient,100,100,100,,7.52
,,TM3,244,38.81,33.81,14.78,7.09,0.36,2.49,105,1.24,54.22,31.18,0.47,2.36,0.35,0,0,0,0,0,0,0,9.83,,70.07,1099,703,131.16,0.6,0.5,0,0.5,20,55,Ambient,100,100,100,,61.35
,,TM4,202,38.81,33.81,14.78,7.09,0.36,2.49,165,1.24,54.22,31.18,0.47,2.36,0.35,0,0,0,0,0,0,0,9.35,,122.96,1067,682,107.61,0.6,0.5,0,0.5,20,55,Ambient,100,100,100,,68.54
,,TM5,400,38.81,33.81,14.78,7.09,0.36,2.49,0,1.24,54.22,31.18,0.47,2.36,0.35,0,0,0,0,0,0,0,8.45,,60.19,1067,682,142.68,0.6,0.45,0,1,20,55,Ambient,100,100,100,,47.26
,,TM6,317,38.81,33.81,14.78,7.09,0.36,2.49,56,1.24,54.22,31.18,0.47,2.36,0.35,0,0,0,0,0,0,0,3.79,,49.88,1099,703,136.88,0.6,0.45,0,1,20,55,Ambient,100,100,100,,10.45
,,TM7,242,38.81,33.81,14.78,7.09,0.36,2.49,104,1.24,54.22,31.18,0.47,2.36,0.35,0,0,0,0,0,0,0,18.96,,28.95,1132,723,137.87,0.6,0.45,0,1,20,55,Ambient,100,100,100,,76.35
,,TM8,176,38.81,33.81,14.78,7.09,0.36,2.49,144,1.24,54.22,31.18,0.47,2.36,0.35,0,0,0,0,0,0,0,11.52,,42.83,1163,744,117.52,0.6,0.45,0,1,20,55,Ambient,100,100,100,,70.56
,,TM9,375,38.81,33.81,14.78,7.09,0.36,2.49,0,1.24,54.22,31.18,0.47,2.36,0.35,0,0,0,0,0,0,0,7.62,,100.32,1132,723,87.8,0.6,0.4,0,1.5,20,55,Ambient,100,100,100,,86.24
,,TM10,294,38.81,33.81,14.78,7.09,0.36,2.49,52,1.24,54.22,31.18,0.47,2.36,0.35,0,0,0,0,0,0,0,12.19,,86.9,1163,744,84.71,0.6,0.4,0,1.5,20,55,Ambient,100,100,100,,89.52
,,TM11,292,38.81,33.81,14.78,7.09,0.36,2.49,125,1.24,54.22,31.18,0.47,2.36,0.35,0,0,0,0,0,0,0,7.49,,27.86,1067,682,149.32,0.6,0.4,0,1.5,20,55,Ambient,100,100,100,,16.58
,,TM12,213,38.81,33.81,14.78,7.09,0.36,2.49,175,1.24,54.22,31.18,0.47,2.36,0.35,0,0,0,0,0,0,0,12.75,,19.47,1099,703,143.17,0.6,0.4,0,1.5,20,55,Ambient,100,100,100,,53.68
,,TM13,427,38.81,33.81,14.78,7.09,0.36,2.49,0,1.24,54.22,31.18,0.47,2.36,0.35,0,0,0,0,0,0,0,19.19,,71.34,1099,703,105.1,0.6,0.35,0,2,20,55,Ambient,100,100,100,,96.58
,,TM14,381,38.81,33.81,14.78,7.09,0.36,2.49,67,1.24,54.22,31.18,0.47,2.36,0.35,0,0,0,0,0,0,0,19.64,,29.99,1067,682,138.36,0.6,0.35,0,2,20,55,Ambient,100,100,100,,92.24
,,TM15,256,38.81,33.81,14.78,7.09,0.36,2.49,110,1.24,54.22,31.18,0.47,2.36,0.35,0,0,0,0,0,0,0,5.57,,78.31,1163,744,82.42,0.6,0.35,0,2,20,55,Ambient,100,100,100,,62.54
,,TM16,213,38.81,33.81,14.78,7.09,0.36,2.49,174,1.24,54.22,31.18,0.47,2.36,0.35,0,0,0,0,0,0,0,5.45,,38.36,1132,723,111.47,0.6,0.35,0,2,20,55,Ambient,100,100,100,,35.64
,,C1,208,38.81,33.81,14.78,7.09,0.36,2.49,139,1.24,54.22,31.18,0.47,2.36,0.35,0,0,0,0,0,0,0,4.77,,70.72,1099,702.78,129.72,0.6,0.5,0,0.5,20,55,Ambient,100,100,100,,3.36
,,C2,208,38.81,33.81,14.78,7.09,0.36,2.49,139,1.24,54.22,31.18,0.47,2.36,0.35,0,0,0,0,0,0,0,3.18,,47.15,1067,703,144.34,0.6,0.5,0,0.5,20,55,Ambient,100,100,100,,1.25
,,C3,208,38.81,33.81,14.78,7.09,0.36,2.49,139,1.24,54.22,31.18,0.47,2.36,0.35,0,0,0,0,0,0,0,4.77,,70.72,1067,702.78,129.72,0.6,0.5,0,0.5,20,55,Ambient,100,100,100,,7.82
,,C4,275,38.81,33.81,14.78,7.09,0.36,2.49,118,1.24,54.22,31.18,0.47,2.36,0.35,0,0,0,0,0,0,0,7.19,,106.61,1099,682.11,110.5,0.6,0.5,0,0.5,20,55,Ambient,100,100,100,,51.35
,,C5,275,38.81,33.81,14.78,7.09,0.36,2.49,118,1.24,54.22,31.18,0.47,2.36,0.35,0,0,0,0,0,0,0,4.49,,66.63,1132,682,135.29,0.6,0.45,0,1,20,55,Ambient,100,100,100,,48.65
,,C6,275,38.81,33.81,14.78,7.09,0.36,2.49,118,1.24,54.22,31.18,0.47,2.36,0.35,0,0,0,0,0,0,0,7.19,,106.61,1163,682.11,110.5,0.6,0.45,0,1,20,55,Ambient,100,100,100,,72.68
,,C7,355,38.81,33.81,14.78,7.09,0.36,2.49,89,1.24,54.22,31.18,0.47,2.36,0.35,0,0,0,0,0,0,0,8.13,,120.6,1132,661.44,102.81,0.6,0.45,0,1,20,55,Ambient,100,100,100,,89.98
,,C8,355,38.81,33.81,14.78,7.09,0.36,2.49,89,1.24,54.22,31.18,0.47,2.36,0.35,0,0,0,0,0,0,0,3.1,,90.45,1163,661,121.5,0.6,0.45,0,1,20,55,Ambient,100,100,100,,83.26
,,C9,355,38.81,33.81,14.78,7.09,0.36,2.49,89,1.24,54.22,31.18,0.47,2.36,0.35,0,0,0,0,0,0,0,10.16,,150.75,1067,661.44,84.12,0.6,0.4,0,1.5,20,55,Ambient,100,100,100,,27.25
,,C10,355,38.81,33.81,14.78,7.09,0.36,2.49,89,1.24,54.22,31.18,0.47,2.36,0.35,0,0,0,0,0,0,0,8.13,,120.6,1099,661.44,102.81,0.6,0.4,0,1.5,20,55,Ambient,100,100,100,,95.21
,,C11,275,38.81,33.81,14.78,7.09,0.36,2.49,118,1.24,54.22,31.18,0.47,2.36,0.35,0,0,0,0,0,0,0,7.19,,106.61,1099,661.44,130.12,0.6,0.4,0,1.5,20,55,Ambient,100,100,100,,73.48
,,C12,275,38.81,33.81,14.78,7.09,0.36,2.49,118,1.24,54.22,31.18,0.47,2.36,0.35,0,0,0,0,0,0,0,7.19,,106.61,1067,682.11,90.88,0.6,0.4,0,1.5,20,55,Ambient,100,100,100,,83.31
,,C13,275,38.81,33.81,14.78,7.09,0.36,2.49,118,1.24,54.22,31.18,0.47,2.36,0.35,0,0,0,0,0,0,0,10.45,,79.95,1163,682.11,127.03,0.6,0.35,0,2,20,55,Ambient,100,100,100,,85.62
,,C14,275,38.81,33.81,14.78,7.09,0.36,2.49,118,1.24,54.22,31.18,0.47,2.36,0.35,0,0,0,0,0,0,0,13.72,,53.3,1132,682.11,143.55,0.6,0.35,0,2,20,55,Ambient,100,100,100,,67.51
,,TM1,311,38.81,33.81,14.78,7.09,0.36,2.49,0,1.24,54.22,31.18,0.47,2.36,0.35,0,0,0,0,0,0,0,6.81,,10.4,1163,744,155.5,0.6,0.5,0,0.5,20,80,Heat,100,100,100,,3.24
,,TM2,281,38.81,33.81,14.78,7.09,0.36,2.49,50,1.24,54.22,31.18,0.47,2.36,0.35,0,0,0,0,0,0,0,8.9,,33.11,1132,723,144.47,0.6,0.5,0,0.5,20,80,Heat,100,100,100,,5.36
,,TM3,244,38.81,33.81,14.78,7.09,0.36,2.49,105,1.24,54.22,31.18,0.47,2.36,0.35,0,0,0,0,0,0,0,9.83,,70.07,1099,703,131.16,0.6,0.5,0,0.5,20,80,Heat,100,100,100,,75.24
,,TM4,202,38.81,33.81,14.78,7.09,0.36,2.49,165,1.24,54.22,31.18,0.47,2.36,0.35,0,0,0,0,0,0,0,9.35,,122.96,1067,682,107.61,0.6,0.5,0,0.5,20,80,Heat,100,100,100,,80.51
,,TM5,400,38.81,33.81,14.78,7.09,0.36,2.49,0,1.24,54.22,31.18,0.47,2.36,0.35,0,0,0,0,0,0,0,8.45,,60.19,1067,682,142.68,0.6,0.45,0,1,20,80,Heat,100,100,100,,62.35
,,TM6,317,38.81,33.81,14.78,7.09,0.36,2.49,56,1.24,54.22,31.18,0.47,2.36,0.35,0,0,0,0,0,0,0,3.79,,49.88,1099,703,136.88,0.6,0.45,0,1,20,80,Heat,100,100,100,,5.24
,,TM7,242,38.81,33.81,14.78,7.09,0.36,2.49,104,1.24,54.22,31.18,0.47,2.36,0.35,0,0,0,0,0,0,0,18.96,,28.95,1132,723,137.87,0.6,0.45,0,1,20,80,Heat,100,100,100,,110.21
,,TM8,176,38.81,33.81,14.78,7.09,0.36,2.49,144,1.24,54.22,31.18,0.47,2.36,0.35,0,0,0,0,0,0,0,11.52,,42.83,1163,744,117.52,0.6,0.45,0,1,20,80,Heat,100,100,100,,86.21
,,TM9,375,38.81,33.81,14.78,7.09,0.36,2.49,0,1.24,54.22,31.18,0.47,2.36,0.35,0,0,0,0,0,0,0,7.62,,100.32,1132,723,87.8,0.6,0.4,0,1.5,20,80,Heat,100,100,100,,110.25
,,TM10,294,38.81,33.81,14.78,7.09,0.36,2.49,52,1.24,54.22,31.18,0.47,2.36,0.35,0,0,0,0,0,0,0,12.19,,86.9,1163,744,84.71,0.6,0.4,0,1.5,20,80,Heat,100,100,100,,108.24
,,TM11,292,38.81,33.81,14.78,7.09,0.36,2.49,125,1.24,54.22,31.18,0.47,2.36,0.35,0,0,0,0,0,0,0,7.49,,27.86,1067,682,149.32,0.6,0.4,0,1.5,20,80,Heat,100,100,100,,20.34
,,TM12,213,38.81,33.81,14.78,7.09,0.36,2.49,175,1.24,54.22,31.18,0.47,2.36,0.35,0,0,0,0,0,0,0,12.75,,19.47,1099,703,143.17,0.6,0.4,0,1.5,20,80,Heat,100,100,100,,68.35
,,TM13,427,38.81,33.81,14.78,7.09,0.36,2.49,0,1.24,54.22,31.18,0.47,2.36,0.35,0,0,0,0,0,0,0,19.19,,71.34,1099,703,105.1,0.6,0.35,0,2,20,80,Heat,100,100,100,,120.35
,,TM14,381,38.81,33.81,14.78,7.09,0.36,2.49,67,1.24,54.22,31.18,0.47,2.36,0.35,0,0,0,0,0,0,0,19.64,,29.99,1067,682,138.36,0.6,0.35,0,2,20,80,Heat,100,100,100,,110.35
,,TM15,256,38.81,33.81,14.78,7.09,0.36,2.49,110,1.24,54.22,31.18,0.47,2.36,0.35,0,0,0,0,0,0,0,5.57,,78.31,1163,744,82.42,0.6,0.35,0,2,20,80,Heat,100,100,100,,79.25
,,TM16,213,38.81,33.81,14.78,7.09,0.36,2.49,174,1.24,54.22,31.18,0.47,2.36,0.35,0,0,0,0,0,0,0,5.45,,38.36,1132,723,111.47,0.6,0.35,0,2,20,80,Heat,100,100,100,,45.24
,,C1,208,38.81,33.81,14.78,7.09,0.36,2.49,139,1.24,54.22,31.18,0.47,2.36,0.35,0,0,0,0,0,0,0,4.77,,70.72,1099,702.78,129.72,0.6,0.5,0,0.5,20,80,Heat,100,100,100,,6.35
,,C2,208,38.81,33.81,14.78,7.09,0.36,2.49,139,1.24,54.22,31.18,0.47,2.36,0.35,0,0,0,0,0,0,0,3.18,,47.15,1067,703,144.34,0.6,0.5,0,0.5,20,80,Heat,100,100,100,,5.24
,,C3,208,38.81,33.81,14.78,7.09,0.36,2.49,139,1.24,54.22,31.18,0.47,2.36,0.35,0,0,0,0,0,0,0,4.77,,70.72,1067,702.78,129.72,0.6,0.5,0,0.5,20,80,Heat,100,100,100,,5
,,C4,275,38.81,33.81,14.78,7.09,0.36,2.49,118,1.24,54.22,31.18,0.47,2.36,0.35,0,0,0,0,0,0,0,7.19,,106.61,1099,682.11,110.5,0.6,0.5,0,0.5,20,80,Heat,100,100,100,,66.81
,,C5,275,38.81,33.81,14.78,7.09,0.36,2.49,118,1.24,54.22,31.18,0.47,2.36,0.35,0,0,0,0,0,0,0,4.49,,66.63,1132,682,135.29,0.6,0.45,0,1,20,80,Heat,100,100,100,,70.44
,,C6,275,38.81,33.81,14.78,7.09,0.36,2.49,118,1.24,54.22,31.18,0.47,2.36,0.35,0,0,0,0,0,0,0,7.19,,106.61,1163,682.11,110.5,0.6,0.45,0,1,20,80,Heat,100,100,100,,84.24
,,C7,355,38.81,33.81,14.78,7.09,0.36,2.49,89,1.24,54.22,31.18,0.47,2.36,0.35,0,0,0,0,0,0,0,8.13,,120.6,1132,661.44,102.81,0.6,0.45,0,1,20,80,Heat,100,100,100,,106.52
,,C8,355,38.81,33.81,14.78,7.09,0.36,2.49,89,1.24,54.22,31.18,0.47,2.36,0.35,0,0,0,0,0,0,0,3.1,,90.45,1163,661,121.5,0.6,0.45,0,1,20,80,Heat,100,100,100,,103.24
,,C9,355,38.81,33.81,14.78,7.09,0.36,2.49,89,1.24,54.22,31.18,0.47,2.36,0.35,0,0,0,0,0,0,0,10.16,,150.75,1067,661.44,84.12,0.6,0.4,0,1.5,20,80,Heat,100,100,100,,107.1
,,C10,355,38.81,33.81,14.78,7.09,0.36,2.49,89,1.24,54.22,31.18,0.47,2.36,0.35,0,0,0,0,0,0,0,8.13,,120.6,1099,661.44,102.81,0.6,0.4,0,1.5,20,80,Heat,100,100,100,,112.4
,,C11,275,38.81,33.81,14.78,7.09,0.36,2.49,118,1.24,54.22,31.18,0.47,2.36,0.35,0,0,0,0,0,0,0,7.19,,106.61,1099,661.44,130.12,0.6,0.4,0,1.5,20,80,Heat,100,100,100,,98.62
,,C12,275,38.81,33.81,14.78,7.09,0.36,2.49,118,1.24,54.22,31.18,0.47,2.36,0.35,0,0,0,0,0,0,0,7.19,,106.61,1067,682.11,90.88,0.6,0.4,0,1.5,20,80,Heat,100,100,100,,107.25
,,C13,275,38.81,33.81,14.78,7.09,0.36,2.49,118,1.24,54.22,31.18,0.47,2.36,0.35,0,0,0,0,0,0,0,10.45,,79.95,1163,682.11,127.03,0.6,0.35,0,2,20,80,Heat,100,100,100,,103.5
,,C14,275,38.81,33.81,14.78,7.09,0.36,2.49,118,1.24,54.22,31.18,0.47,2.36,0.35,0,0,0,0,0,0,0,13.72,,53.3,1132,682.11,143.55,0.6,0.35,0,2,20,80,Heat,100,100,100,,78.2
https://doi.org/10.1016/j.conbuildmat.2013.05.107,Setting and mechanical properties of alkali-activated fly ash/slag concrete manufactured at room temperature,S20-6M0.5,88,56.1,21,17,,0.62,0.77,293,2.6,46,33,,10.5,,0,0,0,0,0,0,0,143.3,6,71.7,1005,760,160,0.55,0.42,0,2.9,20,80,Heat,100,100,100,,62.54
,,S20-6M1.0,88,56.1,21,17,,0.62,0.77,293,2.6,46,33,,,,0,0,0,0,0,0,0,107.5,6,107.5,1005,760,152.4,0.55,0.4,0,2.9,20,60,Ambient,,,,10.4,37.4
,,S20-4M0.5,88,56.1,21,17,,0.62,0.77,293,2.6,46,33,,,,0,0,0,0,0,0,0,143.3,4,71.7,1005,760,167.6,0.55,0.44,0,2.9,20,60,Ambient,,,,12.8,26.6
,,S20-4M1.0,88,56.1,21,17,,0.62,0.77,293,2.6,46,33,,,,0,0,0,0,0,0,0,107.5,4,107.5,1005,760,160,0.55,0.42,0,2.9,20,60,Ambient,,,,12.9,29.9
,,S10-4M0.5,88,56.1,21,17,,0.62,0.77,344,2.6,46,33,,,,0,0,0,0,0,0,0,143.3,4,107.5,1005,760,166.3,0.55,0.44,0,2.9,20,60,Ambient,,,,18.6,30.7
,,S15-4M0.5,88,56.1,21,17,,0.62,0.77,316,2.6,46,33,,,,0,0,0,0,0,0,0,143.3,4,177,1005,760,166.8,0.55,0.44,0,2.9,20,60,Ambient,,,,7.6,15.5
https://doi.org/10.1016/j.conbuildmat.2025.140702,Synergistic enhancement of compressive strength and impact resistance in alkali-activated fiber-reinforced concrete through silica fume and hybrid fiber integration,G,250,37.56,33.68,21.7,7.82,0.72,0.3,250,1.4,60.32,27.68,0.62,4.8,0.37,0,0.45,92.68,0.68,0.71,0.92,0.11,72,10,177,1085,690,249,0.5,0.5,1.58,3,27,70,Ambient,150,150,150,,73
,,GS5,225,37.56,33.68,21.7,7.82,0.72,0.3,250,1.4,60.32,27.68,0.62,4.8,0.37,25,0.45,92.68,0.68,0.71,0.92,0.11,72,10,177,1085,690,249,0.5,0.5,1.58,3,27,70,Ambient,150,150,150,,77
,,GS10,200,37.56,33.68,21.7,7.82,0.72,0.3,250,1.4,60.32,27.68,0.62,4.8,0.37,50,0.45,92.68,0.68,0.71,0.92,0.11,72,10,177,1085,690,249,0.5,0.5,1.58,3,27,70,Ambient,150,150,150,,82
,,GS15,175,37.56,33.68,21.7,7.82,0.72,0.3,250,1.4,60.32,27.68,0.62,4.8,0.37,75,0.45,92.68,0.68,0.71,0.92,0.11,72,10,161,1085,690,249,0.5,0.5,1.58,3,27,70,Ambient,150,150,150,,79
,,GP0.3,250,37.56,33.68,21.7,7.82,0.72,0.3,250,1.4,60.32,27.68,0.62,4.8,0.37,0,0.45,92.68,0.68,0.71,0.92,0.11,65,10,161,1066,711,226,0.452,0.45,1.5,3,27,70,Ambient,150,150,150,,67
,,GP0.45,250,37.56,33.68,21.7,7.82,0.72,0.3,250,1.4,60.32,27.68,0.62,4.8,0.37,0,0.45,92.68,0.68,0.71,0.92,0.11,65,10,161,1066,711,226,0.452,0.45,1.5,3,27,70,Ambient,150,150,150,,70
,,GP0.6,250,37.56,33.68,21.7,7.82,0.72,0.3,250,1.4,60.32,27.68,0.62,4.8,0.37,0,0.45,92.68,0.68,0.71,0.92,0.11,65,10,161,1066,711,226,0.452,0.45,1.5,3,27,70,Ambient,150,150,150,,72
,,GS5P0.3,225,37.56,33.68,21.7,7.82,0.72,0.3,250,1.4,60.32,27.68,0.62,4.8,0.37,25,0.45,92.68,0.68,0.71,0.92,0.11,65,10,161,1066,711,226,0.452,0.45,1.5,3,27,70,Ambient,150,150,150,,75
,,GS5P0.45,225,37.56,33.68,21.7,7.82,0.72,0.3,250,1.4,60.32,27.68,0.62,4.8,0.37,25,0.45,92.68,0.68,0.71,0.92,0.11,65,10,161,1066,711,226,0.452,0.45,1.5,3,27,70,Ambient,150,150,150,,78
,,GS5P0.6,225,37.56,33.68,21.7,7.82,0.72,0.3,250,1.4,60.32,27.68,0.62,4.8,0.37,25,0.45,92.68,0.68,0.71,0.92,0.11,65,10,161,1066,711,226,0.452,0.45,1.5,3,27,70,Ambient,150,150,150,,80
,,GS10P0.3,200,37.56,33.68,21.7,7.82,0.72,0.3,250,1.4,60.32,27.68,0.62,4.8,0.37,50,0.45,92.68,0.68,0.71,0.92,0.11,65,10,161,1066,711,226,0.452,0.45,1.5,3,27,70,Ambient,150,150,150,,82
,,GS10P0.45,200,37.56,33.68,21.7,7.82,0.72,0.3,250,1.4,60.32,27.68,0.62,4.8,0.37,50,0.45,92.68,0.68,0.71,0.92,0.11,65,10,161,1066,711,226,0.452,0.45,1.5,3,27,70,Ambient,150,150,150,,85
,,GS10P0.6,200,37.56,33.68,21.7,7.82,0.72,0.3,250,1.4,60.32,27.68,0.62,4.8,0.37,50,0.45,92.68,0.68,0.71,0.92,0.11,65,10,161,1066,711,226,0.452,0.45,1.5,3,27,70,Ambient,150,150,150,,86
,,GS15P0.3,175,37.56,33.68,21.7,7.82,0.72,0.3,250,1.4,60.32,27.68,0.62,4.8,0.37,75,0.45,92.68,0.68,0.71,0.92,0.11,65,10,161,1066,711,226,0.452,0.45,1.5,3,27,70,Ambient,150,150,150,,80
,,GS15P0.45,175,37.56,33.68,21.7,7.82,0.72,0.3,250,1.4,60.32,27.68,0.62,4.8,0.37,75,0.45,92.68,0.68,0.71,0.92,0.11,65,10,161,1066,711,226,0.452,0.45,1.5,3,27,70,Ambient,150,150,150,,83
,,GS15P0.6,175,37.56,33.68,21.7,7.82,0.72,0.3,250,1.4,60.32,27.68,0.62,4.8,0.37,75,0.45,92.68,0.68,0.71,0.92,0.11,65,10,119,1066,711,226,0.452,0.45,1.5,3,27,70,Ambient,150,150,150,,84
,,GSF1.5,250,37.56,33.68,21.7,7.82,0.72,0.3,250,1.4,60.32,27.68,0.62,4.8,0.37,0,0.45,92.68,0.68,0.71,0.92,0.11,47,10,119,1006,651,166,0.332,0.33,1.28,3,27,70,Ambient,150,150,150,,90
,,GSF2,250,37.56,33.68,21.7,7.82,0.72,0.3,250,1.4,60.32,27.68,0.62,4.8,0.37,0,0.45,92.68,0.68,0.71,0.92,0.11,47,10,119,1006,651,166,0.332,0.33,1.28,3,27,70,Ambient,150,150,150,,95
,,GSF2.5,250,37.56,33.68,21.7,7.82,0.72,0.3,250,1.4,60.32,27.68,0.62,4.8,0.37,0,0.45,92.68,0.68,0.71,0.92,0.11,47,10,119,1006,651,166,0.332,0.33,1.28,3,27,70,Ambient,150,150,150,,100
,,GS55SF1.5,225,37.56,33.68,21.7,7.82,0.72,0.3,250,1.4,60.32,27.68,0.62,4.8,0.37,25,0.45,92.68,0.68,0.71,0.92,0.11,47,10,119,1006,651,166,0.332,0.33,1.28,3,27,70,Ambient,150,150,150,,98
,,GS55SF2.0,225,37.56,33.68,21.7,7.82,0.72,0.3,250,1.4,60.32,27.68,0.62,4.8,0.37,25,0.45,92.68,0.68,0.71,0.92,0.11,47,10,119,1006,651,166,0.332,0.33,1.28,3,27,70,Ambient,150,150,150,,102
,,GS55SF2.5,225,37.56,33.68,21.7,7.82,0.72,0.3,250,1.4,60.32,27.68,0.62,4.8,0.37,25,0.45,92.68,0.68,0.71,0.92,0.11,47,10,119,1006,651,166,0.332,0.33,1.28,3,27,70,Ambient,150,150,150,,104.65
,,GS510SF1.5,200,37.56,33.68,21.7,7.82,0.72,0.3,250,1.4,60.32,27.68,0.62,4.8,0.37,50,0.45,92.68,0.68,0.71,0.92,0.11,47,10,119,1006,651,166,0.332,0.33,1.28,3,27,70,Ambient,150,150,150,,93.86
,,GS510SF2.0,200,37.56,33.68,21.7,7.82,0.72,0.3,250,1.4,60.32,27.68,0.62,4.8,0.37,50,0.45,92.68,0.68,0.71,0.92,0.11,47,10,119,1006,651,166,0.332,0.33,1.28,3,27,70,Ambient,150,150,150,,105
,,GS510SF2.5,200,37.56,33.68,21.7,7.82,0.72,0.3,250,1.4,60.32,27.68,0.62,4.8,0.37,50,0.45,92.68,0.68,0.71,0.92,0.11,47,10,119,1006,651,166,0.332,0.33,1.28,3,27,70,Ambient,150,150,150,,110.45
,,GS15SF1.5,175,37.56,33.68,21.7,7.82,0.72,0.3,250,1.4,60.32,27.68,0.62,4.8,0.37,75,0.45,92.68,0.68,0.71,0.92,0.11,47,10,119,1006,651,166,0.332,0.33,1.28,3,27,70,Ambient,150,150,150,,100
,,GS15SF2.0,175,37.56,33.68,21.7,7.82,0.72,0.3,250,1.4,60.32,27.68,0.62,4.8,0.37,75,0.45,92.68,0.68,0.71,0.92,0.11,47,10,119,1006,651,166,0.332,0.33,1.28,3,27,70,Ambient,150,150,150,,104
,,GS15SF2.5,175,37.56,33.68,21.7,7.82,0.72,0.3,250,1.4,60.32,27.68,0.62,4.8,0.37,75,0.45,92.68,0.68,0.71,0.92,0.11,47,10,178,1006,651,166,0.332,0.33,1.28,3,27,70,Ambient,150,150,150,,108
,,GHF1.5,250,37.56,33.68,21.7,7.82,0.72,0.3,250,1.4,60.32,27.68,0.62,4.8,0.37,0,0.45,92.68,0.68,0.71,0.92,0.11,72,10,178,1022,680,250,0.5,0.5,1.36,3,27,70,Ambient,150,150,150,,92
,,GHF2.0,250,37.56,33.68,21.7,7.82,0.72,0.3,250,1.4,60.32,27.68,0.62,4.8,0.37,0,0.45,92.68,0.68,0.71,0.92,0.11,72,10,178,1022,680,250,0.5,0.5,1.36,3,27,70,Ambient,150,150,150,,97
,,GHF2.5,250,37.56,33.68,21.7,7.82,0.72,0.3,250,1.4,60.32,27.68,0.62,4.8,0.37,0,0.45,92.68,0.68,0.71,0.92,0.11,72,10,178,1022,680,250,0.5,0.5,1.36,3,27,70,Ambient,150,150,150,,100
,,GS10HF1.5,200,37.56,33.68,21.7,7.82,0.72,0.3,250,1.4,60.32,27.68,0.62,4.8,0.37,50,0.45,92.68,0.68,0.71,0.92,0.11,72,10,178,1022,680,250,0.5,0.5,1.36,3,27,70,Ambient,150,150,150,,102
,,GS10HF2.0,200,37.56,33.68,21.7,7.82,0.72,0.3,250,1.4,60.32,27.68,0.62,4.8,0.37,50,0.45,92.68,0.68,0.71,0.92,0.11,72,10,178,1022,680,250,0.5,0.5,1.36,3,27,70,Ambient,150,150,150,,105
,,GS10HF2.5,200,37.56,33.68,21.7,7.82,0.72,0.3,250,1.4,60.32,27.68,0.62,4.8,0.37,50,0.45,92.68,0.68,0.71,0.92,0.11,72,10,178,1022,680,250,0.5,0.5,1.36,3,27,70,Ambient,150,150,150,,108.2
https://doi.org/10.1016/j.heliyon.2022.e08783,A consideration on the one-part mixing method of alkali-activated material: problems of sodium silicate solubility and quick setting,M1,105.7,46,35,16,,0.7,,422.8,4.06,55.19,25.35,,7.57,,0,0.31,93.67,0.83,,1.3,,29.8,8,93.9,0,1536.2,160.8,0.23,0.3,2,1.5,24,45,Ambient,160,40,40,26.4,28
,,M2,160.2,46,35,16,,0.7,,373.9,4.06,55.19,25.35,,7.57,,0,0.31,93.67,0.83,,1.3,,31,8,97.2,0,1536.2,166.4,0.23,0.3,2,1.5,24,45,Ambient,160,40,40,39.6,43.4
,,M3,106.1,46,35,16,,0.7,,397.9,4.06,55.19,25.35,,7.57,,26.5,0.31,93.67,0.83,,1.3,,29.8,8,93.9,0,1536.2,160.8,0.23,0.3,2,1.5,24,45,Ambient,160,40,40,27.2,35
,,M4,0,46,35,16,,0.7,,517.6,4.06,55.19,25.35,,7.57,,0,0.31,93.67,0.83,,1.3,,29.2,8,92.1,0,1536.2,157.5,0.23,0.3,2,1.5,24,45,Ambient,160,40,40,20.6,21.2
https://doi.org/10.1016/j.jobe.2023.106088,"Workability, compressive strength, and microstructures of one-part rubberized geopolymer mortar",0%TRGM,225,37.14,33.21,15.76,8.51,0.71,,225,4.87,56.74,24.58,1.2,6.55,,0,0,0,0,0,0,0,99,,113,0,1125,64,0.42,0.12,2,,80,70,Heat,70.7,70.7,70.7,52.04,64.27
,,5%TRGM,225,37.14,33.21,15.76,8.51,0.71,,225,4.87,56.74,24.58,1.2,6.55,,0,0,0,0,0,0,0,99,,113,0,1069,64,0.42,0.12,2,,80,70,Heat,70.7,70.7,70.7,45.62,50.48
,,10%TRGM,225,37.14,33.21,15.76,8.51,0.71,,225,4.87,56.74,24.58,1.2,6.55,,0,0,0,0,0,0,0,99,,113,0,1012,64,0.42,0.12,2,,80,70,Heat,70.7,70.7,70.7,35.23,41.78
,,15%TRGM,225,37.14,33.21,15.76,8.51,0.71,,225,4.87,56.74,24.58,1.2,6.55,,0,0,0,0,0,0,0,99,,113,0,956,64,0.42,0.12,2,,80,70,Heat,70.7,70.7,70.7,29.81,35.24
,,0%ORGM-NS,225,37.14,33.21,15.76,8.51,0.71,,225,4.87,56.74,24.58,1.2,6.55,,0,0,0,0,0,0,0,0,,69,0,1125,203,0.13,0.4,2,,80,70,Heat,70.7,70.7,70.7,49.78,63.29
,,5%ORGM-NS,225,37.14,33.21,15.76,8.51,0.71,,225,4.87,56.74,24.58,1.2,6.55,,0,0,0,0,0,0,0,0,,69,0,1069,203,0.13,0.4,2,,80,70,Heat,70.7,70.7,70.7,39.14,47.47
,,10%ORGM-NS,225,37.14,33.21,15.76,8.51,0.71,,225,4.87,56.74,24.58,1.2,6.55,,0,0,0,0,0,0,0,0,,69,0,1012,203,0.13,0.4,2,,80,70,Heat,70.7,70.7,70.7,32.16,40.73
,,15%ORGM-NS,225,37.14,33.21,15.76,8.51,0.71,,225,4.87,56.74,24.58,1.2,6.55,,0,0,0,0,0,0,0,0,,69,0,956,203,0.13,0.4,2,,80,70,Heat,70.7,70.7,70.7,27.04,35.1
,,0%ORGM-NH,225,37.14,33.21,15.76,8.51,0.71,,225,4.87,56.74,24.58,1.2,6.55,,0,0,0,0,0,0,0,25,,43,0,1125,203,0.14,0.4,2,,80,70,Heat,70.7,70.7,70.7,13.74,18.56
,,5%ORGM-NH,225,37.14,33.21,15.76,8.51,0.71,,225,4.87,56.74,24.58,1.2,6.55,,0,0,0,0,0,0,0,25,,43,0,1069,203,0.14,0.4,2,,80,70,Heat,70.7,70.7,70.7,11.42,16.04
,,10%ORGM-NH,225,37.14,33.21,15.76,8.51,0.71,,225,4.87,56.74,24.58,1.2,6.55,,0,0,0,0,0,0,0,25,,43,0,1012,203,0.14,0.4,2,,80,70,Heat,70.7,70.7,70.7,11.12,15.27
,,15%ORGM-NH,225,37.14,33.21,15.76,8.51,0.71,,225,4.87,56.74,24.58,1.2,6.55,,0,0,0,0,0,0,0,25,,43,0,956,203,0.14,0.4,2,,80,70,Heat,70.7,70.7,70.7,10.44,13.82
https://doi.org/10.1016/j.jmrt.2021.10.018,Comparative mechanical and microstructural properties of high calcium fly ash one-part geopolymers activated with Na2SiO3,M1,0,0,0,0,0,0,0,181.82,19.1,36.7,18.7,,17.2,3.04,0,0,0,0,0,0,0,0,,18.18,0,0,50,0.1,0.25,0,0,30,,Ambient,50,50,50,,12.2
,,M2,0,0,0,0,0,0,0,173.91,19.1,36.7,18.7,,17.2,3.04,0,0,0,0,0,0,0,0,,26.09,0,0,50,0.15,0.25,0,0,30,,Ambient,50,50,50,,38
,,M3,0,0,0,0,0,0,0,166.67,19.1,36.7,18.7,,17.2,3.04,0,0,0,0,0,0,0,0,,33.33,0,0,50,0.2,0.25,0,0,30,,Ambient,50,50,50,,86.6
,,M4,0,0,0,0,0,0,0,160,19.1,36.7,18.7,,17.2,3.04,0,0,0,0,0,0,0,0,,40,0,0,50,0.25,0.25,0,0,30,,Ambient,50,50,50,,36.3
,,M5,0,0,0,0,0,0,0,173.61,19.1,36.7,18.7,,17.2,3.04,0,0,0,0,0,0,0,0,,34.72,0,0,41.67,0.2,0.2,0,0,30,,Ambient,50,50,50,,62.2
,,M6,0,0,0,0,0,0,0,166.67,19.1,36.7,18.7,,17.2,3.04,0,0,0,0,0,0,0,0,,33.33,0,0,50,0.2,0.25,0,0,30,,Ambient,50,50,50,,83.6
,,M7,0,0,0,0,0,0,0,160.26,19.1,36.7,18.7,,17.2,3.04,0,0,0,0,0,0,0,0,,32.05,0,0,57.69,0.2,0.3,0,0,30,,Ambient,50,50,50,,25
https://doi.org/10.1016/j.ceramint.2022.07.163,Characterization of class C and F fly ashes based geopolymers incorporating silica fume,C1,0,0,0,0,0,0,0,125,21.93,34.9,13.11,8.29,5.43,2.81,375,0.19,78.02,1.68,14.32,0.32,0.3,100,10,100,0,0,136,0.4,0.27,0,3.02,65,,Heat,50,50,50,,14.13
,,C2,0,0,0,0,0,0,0,250,21.93,34.9,13.11,8.29,5.43,2.81,250,0.19,78.02,1.68,14.32,0.32,0.3,100,8,100,0,0,136,0.4,0.27,0,3.02,65,,Heat,50,50,50,,9.39
,,C3,0,0,0,0,0,0,0,250,21.93,34.9,13.11,8.29,5.43,2.81,250,0.19,78.02,1.68,14.32,0.32,0.3,100,9,100,0,0,136,0.4,0.27,0,3.02,65,,Heat,50,50,50,,12.32
,,C4,0,0,0,0,0,0,0,250,21.93,34.9,13.11,8.29,5.43,2.81,250,0.19,78.02,1.68,14.32,0.32,0.3,100,10,100,0,0,136,0.4,0.27,0,3.02,65,,Heat,50,50,50,,21.31
,,C5,0,0,0,0,0,0,0,250,21.93,34.9,13.11,8.29,5.43,2.81,250,0.19,78.02,1.68,14.32,0.32,0.3,100,11,100,0,0,136,0.4,0.27,0,3.02,65,,Heat,50,50,50,,13.73
,,C6,0,0,0,0,0,0,0,250,21.93,34.9,13.11,8.29,5.43,2.81,250,0.19,78.02,1.68,14.32,0.32,0.3,100,12,100,0,0,136,0.4,0.27,0,3.02,65,,Heat,50,50,50,,16.25
,,C7,0,0,0,0,0,0,0,375,21.93,34.9,13.11,8.29,5.43,2.81,125,0.19,78.02,1.68,14.32,0.32,0.3,100,10,100,0,0,136,0.4,0.27,0,3.02,65,,Heat,50,50,50,,19.96
,,C8,0,0,0,0,0,0,0,500,21.93,34.9,13.11,8.29,5.43,2.81,0,0.19,78.02,1.68,14.32,0.32,0.3,100,10,100,0,0,136,0.4,0.27,0,3.02,65,,Heat,50,50,50,,19.96
,,F9,0,0,0,0,0,0,0,0,3.12,51.04,24.89,3.65,11.79,0.32,500,0.19,78.02,1.68,14.32,0.32,0.3,100,10,100,0,0,136,0.4,0.27,0,3.02,65,,Heat,50,50,50,,7.83
,,F10,0,0,0,0,0,0,0,125,3.12,51.04,24.89,3.65,11.79,0.32,375,0.19,78.02,1.68,14.32,0.32,0.3,100,10,100,0,0,136,0.4,0.27,0,3.02,65,,Heat,50,50,50,,12.63
,,F11,0,0,0,0,0,0,0,250,3.12,51.04,24.89,3.65,11.79,0.32,250,0.19,78.02,1.68,14.32,0.32,0.3,100,10,100,0,0,136,0.4,0.27,0,3.02,65,,Heat,50,50,50,,20.25
,,F12,0,0,0,0,0,0,0,375,3.12,51.04,24.89,3.65,11.79,0.32,125,0.19,78.02,1.68,14.32,0.32,0.3,100,10,100,0,0,136,0.4,0.27,0,3.02,65,,Heat,50,50,50,,31.91
,,F13,0,0,0,0,0,0,0,500,3.12,51.04,24.89,3.65,11.79,0.32,0,0.19,78.02,1.68,14.32,0.32,0.3,100,10,100,0,0,136,0.4,0.27,0,3.02,65,,Heat,50,50,50,,13.6
https://doi.org/10.1016/j.conbuildmat.2026.145722,Efflorescence and strength effects of different ambient regimes of curing fly ash – based geopolymer concrete,CA0,0,34.54,41.36,15.77,8.21,0.84,,159.2,4.59,56.45,30.27,1.06,3.58,,0,0,0,0,0,0,0,26.53,12,53.07,398.1,358.3,46.95,0.5,0.3,2,1.31,,,Ambient,100,100,100,18.3,23.33
,,CA20,31.8,34.54,41.36,15.77,8.21,0.84,,127.4,4.59,56.45,30.27,1.06,3.58,,0,0,0,0,0,0,0,26.53,12,53.07,398.1,358.3,46.95,0.5,0.3,2,1.31,,,Ambient,100,100,100,30.18,40.21
,,CA30,47.7,34.54,41.36,15.77,8.21,0.84,,111.5,4.59,56.45,30.27,1.06,3.58,,0,0,0,0,0,0,0,26.53,12,53.07,398.1,358.3,46.95,0.5,0.3,2,1.31,,,Ambient,100,100,100,35.6,45.6
,,CA40,63.7,34.54,41.36,15.77,8.21,0.84,,95.5,4.59,56.45,30.27,1.06,3.58,,0,0,0,0,0,0,0,26.53,12,53.07,398.1,358.3,46.95,0.5,0.3,2,1.31,,,Ambient,100,100,100,38.03,48.17
,,CB0,0,34.54,41.36,15.77,8.21,0.84,,159.2,4.59,56.45,30.27,1.06,3.58,,0,0,0,0,0,0,0,29.92,8,49.68,398.1,358.3,84.27,0.5,0.53,2,1.43,,,Ambient,100,100,100,15.33,20.01
,,CB20,31.8,34.54,41.36,15.77,8.21,0.84,,127.4,4.59,56.45,30.27,1.06,3.58,,0,0,0,0,0,0,0,29.92,8,49.68,398.1,358.3,84.27,0.5,0.53,2,1.43,,,Ambient,100,100,100,25.16,35.66
,,CB30,47.7,34.54,41.36,15.77,8.21,0.84,,111.5,4.59,56.45,30.27,1.06,3.58,,0,0,0,0,0,0,0,29.92,8,49.68,398.1,358.3,84.27,0.5,0.53,2,1.43,,,Ambient,100,100,100,30.45,40.18
,,CB40,63.7,34.54,41.36,15.77,8.21,0.84,,95.5,4.59,56.45,30.27,1.06,3.58,,0,0,0,0,0,0,0,29.92,8,49.68,398.1,358.3,84.27,0.5,0.53,2,1.43,,,Ambient,100,100,100,33.2,43.65
https://doi.org/10.1016/j.conbuildmat.2018.05.286,Mechanical and microstructural properties of fly ash based geopolymer concrete incorporating alccofine at ambient curing,AGPC1,0,0,0,0,0,0,0,350,1.1,62.55,29.02,,4.22,0.22,0,0,0,0,0,0,0,45,8,112.5,1243,533,26,0.45,0.1,2,2,27,,Ambient,150,150,150,11.01,22.45
,,AGPC2,0,0,0,0,0,0,0,375,1.1,62.55,29.02,,4.22,0.22,0,0,0,0,0,0,0,48.22,8,120.5,1215,521,28,0.45,0.1,2,2,27,,Ambient,150,150,150,13.13,25.61
,,AGPC3,0,0,0,0,0,0,0,400,1.1,62.55,29.02,,4.22,0.22,0,0,0,0,0,0,0,51.42,8,128.5,1186,508,28,0.45,0.1,2,2,27,,Ambient,150,150,150,16.33,27.12
,,AGPC4,0,0,0,0,0,0,0,350,1.1,62.55,29.02,,4.22,0.22,0,0,0,0,0,0,0,45,12,112.5,1239,531,30,0.45,0.1,2,2,27,,Ambient,150,150,150,14.6,30.2
,,AGPC5,0,0,0,0,0,0,0,375,1.1,62.55,29.02,,4.22,0.22,0,0,0,0,0,0,0,48.22,12,120.5,1210,519,30,0.45,0.1,2,2,27,,Ambient,150,150,150,17.2,35.17
,,AGPC6,0,0,0,0,0,0,0,400,1.1,62.55,29.02,,4.22,0.22,0,0,0,0,0,0,0,51.42,12,128.5,1181,506,32,0.45,0.1,2,2,27,,Ambient,150,150,150,20.14,38.61
,,AGPC7,0,0,0,0,0,0,0,350,1.1,62.55,29.02,,4.22,0.22,0,0,0,0,0,0,0,45,16,112.5,1236,530,32,0.45,0.1,2,2,27,,Ambient,150,150,150,19.17,33.2
,,AGPC8,0,0,0,0,0,0,0,375,1.1,62.55,29.02,,4.22,0.22,0,0,0,0,0,0,0,48.22,16,120.5,1207,517,34,0.45,0.1,2,2,27,,Ambient,150,150,150,21,38.9
,,AGPC9,0,0,0,0,0,0,0,400,1.1,62.55,29.02,,4.22,0.22,0,0,0,0,0,0,0,51.42,16,128.5,1178,505,36,0.45,0.1,2,2,27,,Ambient,150,150,150,25.3,41.27
https://doi.org/10.1016/j.cscm.2022.e01234,Influence of polypropylene and steel fibers on the mechanical properties of ultra-high-performance fiber-reinforced geopolymer concrete,SS/SH-3.5-M14,860,39,36,11,12.5,1.5,,0,0,0,0,0,0,0,285,0.59,95.1,1.22,0.95,0.95,,27.06,14,99,1210,850,,0.33,,0,3.5,20,65,Ambient,70.5,70.5,70.5,101,115
,,1.0-SF,860,39,36,11,12.5,1.5,,0,0,0,0,0,0,0,285,0.59,95.1,1.22,0.95,0.95,,27.06,14,99,1210,850,,0.33,,0,3.5,20,65,Ambient,70.5,70.5,70.5,115,140
,,1.25-SF,860,39,36,11,12.5,1.5,,0,0,0,0,0,0,0,285,0.59,95.1,1.22,0.95,0.95,,27.06,14,99,1210,850,,0.33,,0,3.5,20,65,Ambient,70.5,70.5,70.5,122,147
,,1.5-SF,860,39,36,11,12.5,1.5,,0,0,0,0,0,0,0,285,0.59,95.1,1.22,0.95,0.95,,27.06,14,99,1210,850,,0.33,,0,3.5,20,65,Ambient,70.5,70.5,70.5,123,144
,,1.75-SF,860,39,36,11,12.5,1.5,,0,0,0,0,0,0,0,285,0.59,95.1,1.22,0.95,0.95,,27.06,14,99,1210,850,,0.33,,0,3.5,20,65,Ambient,70.5,70.5,70.5,126,152
,,2.0-SF,860,39,36,11,12.5,1.5,,0,0,0,0,0,0,0,285,0.59,95.1,1.22,0.95,0.95,,27.06,14,99,1210,850,,0.33,,0,3.5,20,65,Ambient,70.5,70.5,70.5,127,150
,,2.25-SF,860,39,36,11,12.5,1.5,,0,0,0,0,0,0,0,285,0.59,95.1,1.22,0.95,0.95,,27.06,14,99,1210,850,,0.33,,0,3.5,20,65,Ambient,70.5,70.5,70.5,129,162
,,1.0-SF-0.25-PF,860,39,36,11,12.5,1.5,,0,0,0,0,0,0,0,285,0.59,95.1,1.22,0.95,0.95,,27.06,14,99,1210,850,,0.33,,0,3.5,20,65,Ambient,70.5,70.5,70.5,123,145
,,1.5-SF-0.25-PF,860,39,36,11,12.5,1.5,,0,0,0,0,0,0,0,285,0.59,95.1,1.22,0.95,0.95,,27.06,14,99,1210,850,,0.33,,0,3.5,20,65,Ambient,70.5,70.5,70.5,127,153
,,2.0-SF-0.25-PF,860,39,36,11,12.5,1.5,,0,0,0,0,0,0,0,285,0.59,95.1,1.22,0.95,0.95,,27.06,14,99,1210,850,,0.33,,0,3.5,20,65,Ambient,70.5,70.5,70.5,128,154
https://doi.org/10.1016/j.conbuildmat.2018.03.166,Enhancement of the properties of Ground Granulated Blast Furnace Slag based Self Compacting Geopolymer Concrete by incorporating Rice Husk Ash,MF ,0,39.7,34,14.3,9,0.5,0.35,500,1.4,51.75,34.75,1.35,6,0.04,0,0,0,0,0,0,0,65,12,163,1100,785,25,0.45,0.05,0.9,2.5,27,55,Ambient,100,100,100,19.65,20
,,M1 ,0,39.7,34,14.3,9,0.5,0.35,0,1.4,51.75,34.75,1.35,6,0.04,0,0,0,0,0,0,0,65,12,163,1100,785,25,0.45,0.05,0.9,2.5,27,55,Ambient,100,100,100,37.05,41.35
,,M2 ,475,39.7,34,14.3,9,0.5,0.35,0,1.4,51.75,34.75,1.35,6,0.04,0,0,0,0,0,0,0,65,12,163,1100,785,25,0.45,0.05,0.9,2.5,27,55,Ambient,100,100,100,38.27,42.6
,,M3 ,425,39.7,34,14.3,9,0.5,0.35,0,1.4,51.75,34.75,1.35,6,0.04,0,0,0,0,0,0,0,65,12,163,1100,785,25,0.45,0.05,0.9,2.5,27,55,Ambient,100,100,100,33.53,39.31
,,M4 ,375,39.7,34,14.3,9,0.5,0.35,0,1.4,51.75,34.75,1.35,6,0.04,0,0,0,0,0,0,0,65,12,163,1100,785,25,0.45,0.05,0.9,2.5,27,55,Ambient,100,100,100,27.81,31.59
https://doi.org/10.1016/j.conbuildmat.2019.03.228,Development of fly ash/slag based self-compacting geopolymer concrete using nano-silica and steel fiber,SF0NS0,225,34.12,36.4,11.39,1.69,10.3,0.49,225,1.6,62.33,21.14,7.15,2.4,0.1,0,,,,,,,64.3,12,160.7,742.88,865.61,36,0.5,0.08,5,2.5,70,,Heat,100,100,100,,60.7
,,SF0NS1,225,34.12,36.4,11.39,1.69,10.3,0.49,225,1.6,62.33,21.14,7.15,2.4,0.1,0,,,,,,,64.3,12,160.7,740.34,862.65,36,0.5,0.08,5,2.5,70,,Heat,100,100,100,,58.4
,,SF0NS2,225,34.12,36.4,11.39,1.69,10.3,0.49,225,1.6,62.33,21.14,7.15,2.4,0.1,0,,,,,,,64.3,12,160.7,737.8,859.69,36,0.5,0.08,5,2.5,70,,Heat,100,100,100,,57.7
,,SF0.5NS0,225,34.12,36.4,11.39,1.69,10.3,0.49,225,1.6,62.33,21.14,7.15,2.4,0.1,39.2,,,,,,,64.3,12,160.7,742.88,865.61,36,0.5,0.08,5,2.5,70,,Heat,100,100,100,,63.8
,,SF0.5NS1,225,34.12,36.4,11.39,1.69,10.3,0.49,225,1.6,62.33,21.14,7.15,2.4,0.1,39.2,,,,,,,64.3,12,160.7,742.88,865.61,36,0.5,0.08,5,2.5,70,,Heat,100,100,100,,60.2
,,SF0.5NS2,222.8,34.12,36.4,11.39,1.69,10.3,0.49,222.8,1.6,62.33,21.14,7.15,2.4,0.1,39.2,,,,,,,64.3,12,160.7,742.54,865.22,36,0.5,0.08,5,2.5,70,,Heat,100,100,100,,58
,,SF1NS0,220.5,34.12,36.4,11.39,1.69,10.3,0.49,220.5,1.6,62.33,21.14,7.15,2.4,0.1,78.4,,,,,,,64.3,12,160.7,742.21,864.83,36,0.5,0.08,5,2.5,70,,Heat,100,100,100,,65.1
,,SF1NS1,222.8,34.12,36.4,11.39,1.69,10.3,0.49,222.8,1.6,62.33,21.14,7.15,2.4,0.1,78.4,,,,,,,64.3,12,160.7,742.54,865.22,36,0.5,0.08,5,2.5,70,,Heat,100,100,100,,61.7
,,SF1NS2,220.5,34.12,36.4,11.39,1.69,10.3,0.49,220.5,1.6,62.33,21.14,7.15,2.4,0.1,78.4,,,,,,,64.3,12,160.7,742.21,864.83,36,0.5,0.08,5,2.5,70,,Heat,100,100,100,,59.9
https://doi.org/10.1016/j.conbuildmat.2014.04.010,Effect of sodium hydroxide concentration on chloride penetration and steel corrosion of fly ash-based geopolymer concrete under marine site,8-M,0,0,0,0,0,0,0,390,18.75,32.1,19.9,3.47,16.91,2.24,0,0,0,0,0,0,0,67,8,0,1092,585,135.4,0.6,0.35,0,3.3,26,,Ambient,150,150,150,,23.4
,,10-M,0,0,0,0,0,0,0,390,18.75,32.1,19.9,3.47,16.91,2.24,0,0,0,0,0,0,0,67,10,0,1092,585,135.4,0.6,0.35,0,3.3,26,,Ambient,150,150,150,,25
,,12-M,0,0,0,0,0,0,0,390,18.75,32.1,19.9,3.47,16.91,2.24,0,0,0,0,0,0,0,67,12,0,1092,585,135.4,0.6,0.35,0,3.3,26,,Ambient,150,150,150,,28.2
,,14-M,0,0,0,0,0,0,0,390,18.75,32.1,19.9,3.47,16.91,2.24,0,0,0,0,0,0,0,67,14,0,1092,585,135.4,0.6,0.35,0,3.3,26,,Ambient,150,150,150,,31.8
,,16-M,0,0,0,0,0,0,0,390,18.75,32.1,19.9,3.47,16.91,2.24,0,0,0,0,0,0,0,67,16,0,1092,585,135.4,0.6,0.35,0,3.3,26,,Ambient,150,150,150,,32.2
,,18-M,0,0,0,0,0,0,0,390,18.75,32.1,19.9,3.47,16.91,2.24,0,0,0,0,0,0,0,67,18,0,1092,585,135.4,0.6,0.35,0,3.3,26,,Ambient,150,150,150,,30.3
https://doi.org/10.1016/j.jclepro.2020.123697,Artificial neural network model to predict the compressive strength of eco-friendly geopolymer concrete incorporating silica fume and natural zeolite,SM4,379.31,37.71,35.85,13.39,9.1,1.06,2.52,0,0,0,0,0,0,0,0,0.95,94,1.2,0.95,1.6,,28.45,4,142.23,1108.8,739.2,254,0.45,0.48,0,2.35,23,,Ambient,100,100,100,52.1,62.5
,,SM4SF5,360.34,37.71,35.85,13.39,9.1,1.06,2.52,0,0,0,0,0,0,0,18.97,0.95,94,1.2,0.95,1.6,,27.03,4,135.17,1108.8,739.2,241.3,0.45,0.48,0,2.35,23,,Ambient,100,100,100,59,71.9
,,SM4SF10,341.38,37.71,35.85,13.39,9.1,1.06,2.52,0,0,0,0,0,0,0,37.93,0.95,94,1.2,0.95,1.6,,25.6,4,127.99,1108.8,739.2,228.6,0.45,0.48,0,2.35,23,,Ambient,100,100,100,63,72.2
,,SM4SF15,322.41,37.71,35.85,13.39,9.1,1.06,2.52,0,0,0,0,0,0,0,56.9,0.95,94,1.2,0.95,1.6,,24.18,4,120.92,1108.8,739.2,215.9,0.45,0.48,0,2.35,23,,Ambient,100,100,100,66,71
,,SM4SF20,303.49,37.71,35.85,13.39,9.1,1.06,2.52,0,0,0,0,0,0,0,75.86,0.95,94,1.2,0.95,1.6,,22.76,4,113.82,1108.8,739.2,203.3,0.45,0.48,0,2.35,23,,Ambient,100,100,100,67.5,80.3
,,SM4SF25,284.48,37.71,35.85,13.39,9.1,1.06,2.52,0,0,0,0,0,0,0,94.83,0.95,94,1.2,0.95,1.6,,21.34,4,106.69,1108.8,739.2,190.6,0.45,0.48,0,2.35,23,,Ambient,100,100,100,69.2,84
,,SM4SF30,265.52,37.71,35.85,13.39,9.1,1.06,2.52,0,0,0,0,0,0,0,113.79,0.95,94,1.2,0.95,1.6,,19.91,4,99.55,1108.8,739.2,177.9,0.45,0.48,0,2.35,23,,Ambient,100,100,100,71.3,88
,,SM6,379.31,37.71,35.85,13.39,9.1,1.06,2.52,0,0,0,0,0,0,0,0,0.95,94,1.2,0.95,1.6,,28.45,6,142.23,1108.8,739.2,254,0.45,0.48,0,2.35,23,,Ambient,100,100,100,48.5,58.4
,,SM6SF5,360.34,37.71,35.85,13.39,9.1,1.06,2.52,0,0,0,0,0,0,0,0,0.95,94,1.2,0.95,1.6,,27.03,6,135.17,1108.8,739.2,241.3,0.45,0.48,0,2.35,23,,Ambient,100,100,100,55.2,66.7
,,SM6SF10,341.38,37.71,35.85,13.39,9.1,1.06,2.52,0,0,0,0,0,0,0,0,0.95,94,1.2,0.95,1.6,,25.6,6,127.99,1108.8,739.2,228.6,0.45,0.48,0,2.35,23,,Ambient,100,100,100,60.1,70.3
,,SM6SF15,322.41,37.71,35.85,13.39,9.1,1.06,2.52,0,0,0,0,0,0,0,0,0.95,94,1.2,0.95,1.6,,24.18,6,120.92,1108.8,739.2,215.9,0.45,0.48,0,2.35,23,,Ambient,100,100,100,54,72.9
,,SM6SF20,303.49,37.71,35.85,13.39,9.1,1.06,2.52,0,0,0,0,0,0,0,0,0.95,94,1.2,0.95,1.6,,22.76,6,113.82,1108.8,739.2,203.3,0.45,0.48,0,2.35,23,,Ambient,100,100,100,67.1,78.9
,,SM6SF25,284.48,37.71,35.85,13.39,9.1,1.06,2.52,0,0,0,0,0,0,0,0,0.95,94,1.2,0.95,1.6,,21.34,6,106.69,1108.8,739.2,190.6,0.45,0.48,0,2.35,23,,Ambient,100,100,100,69.3,82.6
,,SM6SF30,265.52,37.71,35.85,13.39,9.1,1.06,2.52,0,0,0,0,0,0,0,0,0.95,94,1.2,0.95,1.6,,19.91,6,99.55,1108.8,739.2,177.9,0.45,0.48,0,2.35,23,,Ambient,100,100,100,71.5,86.8
,,SM8,360.34,37.71,35.85,13.39,9.1,1.06,2.52,0,0,0,0,0,0,0,18.97,0.95,94,1.2,0.95,1.6,,28.45,8,142.23,1108.8,739.2,254,0.45,0.48,0,2.35,23,,Ambient,100,100,100,45.3,55.1
,,SM8SF5,341.38,37.71,35.85,13.39,9.1,1.06,2.52,0,0,0,0,0,0,0,37.93,0.95,94,1.2,0.95,1.6,,27.03,8,135.17,1108.8,739.2,241.3,0.45,0.48,0,2.35,23,,Ambient,100,100,100,51.8,63.4
,,SM8SF10,322.41,37.71,35.85,13.39,9.1,1.06,2.52,0,0,0,0,0,0,0,56.9,0.95,94,1.2,0.95,1.6,,25.6,8,127.99,1108.8,739.2,228.6,0.45,0.48,0,2.35,23,,Ambient,100,100,100,56.7,68.2
,,SM8SF15,303.49,37.71,35.85,13.39,9.1,1.06,2.52,0,0,0,0,0,0,0,75.86,0.95,94,1.2,0.95,1.6,,24.18,8,120.92,1108.8,739.2,215.9,0.45,0.48,0,2.35,23,,Ambient,100,100,100,60.4,71
,,SM8SF20,284.48,37.71,35.85,13.39,9.1,1.06,2.52,0,0,0,0,0,0,0,94.83,0.95,94,1.2,0.95,1.6,,22.76,8,113.82,1108.8,739.2,203.3,0.45,0.48,0,2.35,23,,Ambient,100,100,100,63,75.2
,,SM8SF25,265.52,37.71,35.85,13.39,9.1,1.06,2.52,0,0,0,0,0,0,0,113.79,0.95,94,1.2,0.95,1.6,,21.34,8,106.69,1108.8,739.2,190.6,0.45,0.48,0,2.35,23,,Ambient,100,100,100,65.1,77.8
,,SM8SF30,265.52,37.71,35.85,13.39,9.1,1.06,2.52,0,0,0,0,0,0,0,75.86,0.95,94,1.2,0.95,1.6,,19.91,8,99.55,1108.8,739.2,177.9,0.45,0.48,0,2.35,23,,Ambient,100,100,100,67.2,79.5
https://doi.org/10.1080/19397038.2025.2538862,Influence of NaOH activator concentration on efflorescence and compressive strength of sustainable mortar with alkali-activated slag and fly ash binders,S100F0,436,59.41,25.75,8.03,,1.5,2.81,0,4.294,58.158,24.351,,8.517,0.068,0,0,0,0,0,0,0,95.92,6,143.88,0,1199,,0.55,,0,2.94,25,,Ambient,50,50,50,,15.59
,,S100F0,436,59.41,25.75,8.03,,1.5,2.81,0,4.294,58.158,24.351,,8.517,0.068,0,0,0,0,0,0,0,95.92,8,143.88,0,1199,,0.55,,0,2.94,25,,Ambient,50,50,50,,36.3
,,S100F0,436,59.41,25.75,8.03,,1.5,2.81,0,4.294,58.158,24.351,,8.517,0.068,0,0,0,0,0,0,0,95.92,10,143.88,0,1199,,0.55,,0,2.94,25,,Ambient,50,50,50,,50.23
,,S100F0,436,59.41,25.75,8.03,,1.5,2.81,0,4.294,58.158,24.351,,8.517,0.068,0,0,0,0,0,0,0,95.92,12,143.88,0,1199,,0.55,,0,2.94,25,,Ambient,50,50,50,,55
,,S75F25,327,59.41,25.75,8.03,,1.5,2.81,109,4.294,58.158,24.351,,8.517,0.068,0,0,0,0,0,0,0,95.92,6,143.88,0,1199,,0.55,,0,2.94,25,,Ambient,50,50,50,,26.52
,,S75F25,327,59.41,25.75,8.03,,1.5,2.81,109,4.294,58.158,24.351,,8.517,0.068,0,0,0,0,0,0,0,95.92,8,143.88,0,1199,,0.55,,0,2.94,25,,Ambient,50,50,50,,43.67
,,S75F25,327,59.41,25.75,8.03,,1.5,2.81,109,4.294,58.158,24.351,,8.517,0.068,0,0,0,0,0,0,0,95.92,10,143.88,0,1199,,0.55,,0,2.94,25,,Ambient,50,50,50,,41.52
,,S75F25,327,59.41,25.75,8.03,,1.5,2.81,109,4.294,58.158,24.351,,8.517,0.068,0,0,0,0,0,0,0,95.92,12,143.88,0,1199,s,0.55,,0,2.94,25,,Ambient,50,50,50,,47.6
,,S50F50,218,59.41,25.75,8.03,,1.5,2.81,218,4.294,58.158,24.351,,8.517,0.068,0,0,0,0,0,0,0,95.92,6,143.88,0,1199,,0.55,,0,2.94,25,,Ambient,50,50,50,,16.99
,,S50F50,218,59.41,25.75,8.03,,1.5,2.81,218,4.294,58.158,24.351,,8.517,0.068,0,0,0,0,0,0,0,95.92,8,143.88,0,1199,,0.55,,0,2.94,25,,Ambient,50,50,50,,29.55
,,S50F50,218,59.41,25.75,8.03,,1.5,2.81,218,4.294,58.158,24.351,,8.517,0.068,0,0,0,0,0,0,0,95.92,10,143.88,0,1199,,0.55,,0,2.94,25,,Ambient,50,50,50,,40.8
,,S50F50,109,59.41,25.75,8.03,,1.5,2.81,327,4.294,58.158,24.351,,8.517,0.068,0,0,0,0,0,0,0,95.92,12,143.88,0,1199,,0.55,,0,2.94,25,,Ambient,50,50,50,,38.97
,,S25F75,109,59.41,25.75,8.03,,1.5,2.81,327,4.294,58.158,24.351,,8.517,0.068,0,0,0,0,0,0,0,95.92,6,143.88,0,1199,,0.55,,0,2.94,25,,Ambient,50,50,50,,7.02
,,S25F76,109,59.41,25.75,8.03,,1.5,2.81,327,4.294,58.158,24.351,,8.517,0.068,0,0,0,0,0,0,0,95.92,8,143.88,0,1199,,0.55,,0,2.94,25,,Ambient,50,50,50,,15.87
,,S25F77,109,59.41,25.75,8.03,,1.5,2.81,327,4.294,58.158,24.351,,8.517,0.068,0,0,0,0,0,0,0,95.92,10,143.88,0,1199,,0.55,,0,2.94,25,,Ambient,50,50,50,,25.44
,,S25F78,109,59.41,25.75,8.03,,1.5,2.81,327,4.294,58.158,24.351,,8.517,0.068,0,0,0,0,0,0,0,95.92,12,143.88,0,1199,,0.55,,0,2.94,25,,Ambient,50,50,50,,32.18
https://doi.org/10.1109/IEC57380.2023.10438710,Effect of Pumice Powder and Silica Fume on Flowability and Compressive Strength of SlagBased Geopolymer,S,500,38.88,33.97,8.51,3.42,2.357,1.01,0,0,0,0,0,0,0,0,,,,,,,78.6,,196.4,0,1250,45,0.55,0.1,0,1,25,,Ambient,50,50,50,21.46,25.12
,,SS5,475,38.88,33.97,8.51,3.42,2.357,1.01,0,0,0,0,0,0,0,25,,,,,,,78.6,,196.4,0,1250,45,0.55,0.1,0,1.11,25,,Ambient,50,50,50,17.84,21.63
,,SS10,450,38.88,33.97,8.51,3.42,2.357,1.01,0,0,0,0,0,0,0,50,,,,,,,78.6,,196.4,0,1250,45,0.55,0.1,0,1.11,25,,Ambient,50,50,50,18.27,23.05
,,SS15,425,38.88,33.97,8.51,3.42,2.357,1.01,0,0,0,0,0,0,0,75,,,,,,,78.6,,196.4,0,1250,45,0.55,0.1,0,1.11,25,,Ambient,50,50,50,21.94,27.41
,,SS20,400,38.88,33.97,8.51,3.42,2.357,1.01,0,0,0,0,0,0,0,100,,,,,,,78.6,,196.4,0,1250,45,0.55,0.1,0,1.11,25,,Ambient,50,50,50,24.18,31.62
,,SS25,375,38.88,33.97,8.51,3.42,2.357,1.01,0,0,0,0,0,0,0,150,,,,,,,78.6,,196.4,0,1250,45,0.55,0.1,0,1.11,25,,Ambient,50,50,50,22.73,29.84
,,SS30,350,38.88,33.97,8.51,3.42,2.357,1.01,0,0,0,0,0,0,0,175,,,,,,,78.6,,196.4,0,1250,45,0.55,0.1,0,1.11,25,,Ambient,50,50,50,20.56,27.93
,,S,500,38.88,33.97,8.51,3.42,2.357,1.01,0,0,0,0,0,0,0,0,,,,,,,78.6,,196.4,0,1250,45,0.55,0.1,0,1,80,,Heat,50,50,50,28.63,35.51
,,SS5,475,38.88,33.97,8.51,3.42,2.357,1.01,0,0,0,0,0,0,0,25,,,,,,,78.6,,196.4,0,1250,45,0.55,0.1,0,1.11,80,,Heat,50,50,50,18.54,23.06
,,SS10,450,38.88,33.97,8.51,3.42,2.357,1.01,0,0,0,0,0,0,0,50,,,,,,,78.6,,196.4,0,1250,45,0.55,0.1,0,1.11,80,,Heat,50,50,50,22.47,28.36
,,SS15,425,38.88,33.97,8.51,3.42,2.357,1.01,0,0,0,0,0,0,0,75,,,,,,,78.6,,196.4,0,1250,45,0.55,0.1,0,1.11,80,,Heat,50,50,50,28.95,34.82
,,SS20,400,38.88,33.97,8.51,3.42,2.357,1.01,0,0,0,0,0,0,0,100,,,,,,,78.6,,196.4,0,1250,45,0.55,0.1,0,1.11,80,,Heat,50,50,50,35.62,42.37
,,SS25,375,38.88,33.97,8.51,3.42,2.357,1.01,0,0,0,0,0,0,0,150,,,,,,,78.6,,196.4,0,1250,45,0.55,0.1,0,1.11,80,,Heat,50,50,50,41.74,48.96
,,SS30,350,38.88,33.97,8.51,3.42,2.357,1.01,0,0,0,0,0,0,0,175,,,,,,,78.6,,196.4,0,1250,45,0.55,0.1,0,1.11,80,,Heat,50,50,50,44.31,52.59
https://doi.org/10.1016/j.conbuildmat.2026.145330,Shape and size effect on the compressive strength of ultra-high performance geopolymer concrete: Effects of steel fiber and binder material composition,UHPGC-0,688,39.52,33.21,13.76,5.52,0.31,2.41,154,1.36,53.73,36.07,0.63,4.02,1.29,45,1.06,96.55,0.51,0.33,0.49,0.15,45,,314,0,905,87,0.4,0.32,0,1.5,80,65,Heat,70,100,150,,127.3
,,UHPGC-1,688,39.52,33.21,13.76,5.52,0.31,2.41,172,1.36,53.73,36.07,0.63,4.02,1.29,45,1.06,96.55,0.51,0.33,0.49,0.15,45,,314,0,905,87,0.4,0.32,0,1.5,80,65,Heat,70,100,150,,139.8
,,UHPGC-2,688,39.52,33.21,13.76,5.52,0.31,2.41,172,1.36,53.73,36.07,0.63,4.02,1.29,45,1.06,96.55,0.51,0.33,0.49,0.15,45,,314,0,905,87,0.4,0.32,0,1.5,80,65,Heat,70,100,150,,153.9
,,UHPGC-3,688,39.52,33.21,13.76,5.52,0.31,2.41,172,1.36,53.73,36.07,0.63,4.02,1.29,45,1.06,96.55,0.51,0.33,0.49,0.15,45,,314,0,905,87,0.4,0.32,0,1.5,80,65,Heat,70,100,150,,168.8
,,UHPGC-4,615,39.52,33.21,13.76,5.52,0.31,2.41,154,1.36,53.73,36.07,0.63,4.02,1.29,136,1.06,96.55,0.51,0.33,0.49,0.15,45,,314,0,905,87,0.4,0.32,0,1.5,80,65,Heat,70,100,150,,132.1
,,UHPGC-5,543,39.52,33.21,13.76,5.52,0.31,2.41,134,1.36,53.73,36.07,0.63,4.02,1.29,226,1.06,96.55,0.51,0.33,0.49,0.15,45,,314,0,905,87,0.4,0.32,0,1.5,80,65,Heat,70,100,150,,157.1
,,UHPGC-6,725,39.52,33.21,13.76,5.52,0.31,2.41,135,1.36,53.73,36.07,0.63,4.02,1.29,45,1.06,96.55,0.51,0.33,0.49,0.15,45,,314,0,905,87,0.4,0.32,0,1.5,80,65,Heat,70,100,150,,151.9
,,UHPGC-7,634,39.52,33.21,13.76,5.52,0.31,2.41,226,1.36,53.73,36.07,0.63,4.02,1.29,45,1.06,96.55,0.51,0.33,0.49,0.15,45,,314,0,905,87,0.4,0.32,0,1.5,80,65,Heat,70,100,150,,132.3
,,UHPGC-0,688,39.52,33.21,13.76,5.52,0.31,2.41,154,1.36,53.73,36.07,0.63,4.02,1.29,45,1.06,96.55,0.51,0.33,0.49,0.15,45,,314,0,905,87,0.4,0.32,0,1.5,80,65,Heat,70,100,150,,120.1
,,UHPGC-1,688,39.52,33.21,13.76,5.52,0.31,2.41,172,1.36,53.73,36.07,0.63,4.02,1.29,45,1.06,96.55,0.51,0.33,0.49,0.15,45,,314,0,905,87,0.4,0.32,0,1.5,80,65,Heat,70,100,150,,132.1
,,UHPGC-2,688,39.52,33.21,13.76,5.52,0.31,2.41,172,1.36,53.73,36.07,0.63,4.02,1.29,45,1.06,96.55,0.51,0.33,0.49,0.15,45,,314,0,905,87,0.4,0.32,0,1.5,80,65,Heat,70,100,150,,144.2
,,UHPGC-3,688,39.52,33.21,13.76,5.52,0.31,2.41,172,1.36,53.73,36.07,0.63,4.02,1.29,45,1.06,96.55,0.51,0.33,0.49,0.15,45,,314,0,905,87,0.4,0.32,0,1.5,80,65,Heat,70,100,150,,157.1
,,UHPGC-4,615,39.52,33.21,13.76,5.52,0.31,2.41,154,1.36,53.73,36.07,0.63,4.02,1.29,136,1.06,96.55,0.51,0.33,0.49,0.15,45,,314,0,905,87,0.4,0.32,0,1.5,80,65,Heat,70,100,150,,123.3
,,UHPGC-5,543,39.52,33.21,13.76,5.52,0.31,2.41,134,1.36,53.73,36.07,0.63,4.02,1.29,226,1.06,96.55,0.51,0.33,0.49,0.15,45,,314,0,905,87,0.4,0.32,0,1.5,80,65,Heat,70,100,150,,146.5
,,UHPGC-6,725,39.52,33.21,13.76,5.52,0.31,2.41,135,1.36,53.73,36.07,0.63,4.02,1.29,45,1.06,96.55,0.51,0.33,0.49,0.15,45,,314,0,905,87,0.4,0.32,0,1.5,80,65,Heat,70,100,150,,141.6
,,UHPGC-7,634,39.52,33.21,13.76,5.52,0.31,2.41,226,1.36,53.73,36.07,0.63,4.02,1.29,45,1.06,96.55,0.51,0.33,0.49,0.15,45,,314,0,905,87,0.4,0.32,0,1.5,80,65,Heat,70,100,150,,124.6
https://doi.org/10.1016/j.matdes.2014.05.001,The effects of ground granulated blast-furnace slag blending with fly ash and activator content on the workability and strength properties of geopolymer concrete cured at ambient temperature,GPC1,40,45.45,29.96,12.25,,0.52,3.62,360,1.9,53.71,27.2,,11.17,0.3,0,0,0,0,0,0,0,45.7,,114.3,1029,651,8,0.4,0.02,0,2.5,20,70,Ambient,150,150,150,31,47
,,GPC2,80,45.45,29.96,12.25,,0.52,3.62,320,1.9,53.71,27.2,,11.17,0.3,0,0,0,0,0,0,0,45.7,,114.3,1029,651,8,0.4,0.02,0,2.5,20,70,Ambient,150,150,150,35,43
,,GPC3,40,45.45,29.96,12.25,,0.52,3.62,360,1.9,53.71,27.2,,11.17,0.3,0,0,0,0,0,0,0,64,,96,1029,651,8,0.4,0.02,0,1.5,20,70,Ambient,150,150,150,29,54
,,GPC4,80,45.45,29.96,12.25,,0.52,3.62,320,1.9,53.71,27.2,,11.17,0.3,0,0,0,0,0,0,0,64,,96,1029,651,8,0.4,0.02,1.5,1.5,20,70,Ambient,150,150,150,11,25
,,GPC5,0,45.45,29.96,12.25,,0.52,3.62,400,1.9,53.71,27.2,,11.17,0.3,0,0,0,0,0,0,0,40,,100,1222,658,8,0.35,0.02,1.5,2.5,20,70,Ambient,150,150,150,15,27
,,GPC6,40,45.45,29.96,12.25,,0.52,3.62,360,1.9,53.71,27.2,,11.17,0.3,0,0,0,0,0,0,0,40,,100,1216,655,8,0.35,0.02,1.5,2.5,20,70,Ambient,150,150,150,22,35
,,GPC7,80,45.45,29.96,12.25,,0.52,3.62,320,1.9,53.71,27.2,,11.17,0.3,0,0,0,0,0,0,0,40,,100,1216,655,8,0.35,0.02,1.5,2.5,20,70,Ambient,150,150,150,8,27
,,GPC8,0,45.45,29.96,12.25,,0.52,3.62,400,1.9,53.71,27.2,,11.17,0.3,0,0,0,0,0,0,0,60,,84,1222,658,8,0.35,0.02,1.5,1.5,20,70,Ambient,150,150,150,14,27
,,GPC9,40,45.45,29.96,12.25,,0.52,3.62,360,1.9,53.71,27.2,,11.17,0.3,0,0,0,0,0,0,0,60,,84,1216,655,8,0.35,0.02,1.5,1.5,20,70,Ambient,150,150,150,25,45
,,GPC10,80,45.45,29.96,12.25,,0.52,3.62,320,1.9,53.71,27.2,,11.17,0.3,0,0,0,0,0,0,0,60,,84,1216,655,8,0.35,0.02,1.5,1.5,20,70,Ambient,150,150,150,36,48
https://doi.org/10.1016/j.conbuildmat.2015.05.001,Shape and size effect on the compressive strength of ultra-high performance geopolymer concrete: Effects of steel fiber and binder material composition,M1,,46,30.53,13.67,5.09,0.33,,,3.32,52.31,27.04,6.85,1.23,0.99,0,0,0,0,0,0,0,60,10,0,,0,,0.6,0.30,0,,23,,Ambient,50,50,50,0,1.5
,,M2,,46,30.53,13.67,5.09,0.33,,,3.32,52.31,27.04,6.85,1.23,0.99,0,0,0,0,0,0,0,60,10,0,,0,,0.6,0.30,0,,23,,Ambient,50,50,50,6.5,18.3
,,M3,,46,30.53,13.67,5.09,0.33,,,3.32,52.31,27.04,6.85,1.23,0.99,0,0,0,0,0,0,0,60,10,0,,0,,0.6,0.30,0,,23,,Ambient,50,50,50,15.5,27.1
,,M4,,46,30.53,13.67,5.09,0.33,,,3.32,52.31,27.04,6.85,1.23,0.99,0,0,0,0,0,0,0,20,10,40,,0,,0.6,0.30,0,,23,,Ambient,50,50,50,0,42.8
,,M5,,46,30.53,13.67,5.09,0.33,,,3.32,52.31,27.04,6.85,1.23,0.99,0,0,0,0,0,0,0,20,10,40,,0,,0.6,0.30,0,,23,,Ambient,50,50,50,84.9,114.5
,,M6,,46,30.53,13.67,5.09,0.33,,,3.32,52.31,27.04,6.85,1.23,0.99,0,0,0,0,0,0,0,20,10,40,,0,,0.6,0.30,0,,23,,Ambient,50,50,50,144.4,171.7
,,M7,,46,30.53,13.67,5.09,0.33,,,3.32,52.31,27.04,6.85,1.23,0.99,0,0,0,0,0,0,0,0,10,60,,0,,0.6,0.30,0,,23,,Ambient,50,50,50,0,0
,,M8,,46,30.53,13.67,5.09,0.33,,,3.32,52.31,27.04,6.85,1.23,0.99,0,0,0,0,0,0,0,0,10,60,,0,,0.6,0.30,0,,23,,Ambient,50,50,50,38.7,54.9
,,M9,,46,30.53,13.67,5.09,0.33,,,3.32,52.31,27.04,6.85,1.23,0.99,0,0,0,0,0,0,0,0,10,60,,0,,0.6,,0,,23,,Ambient,50,50,50,119.6,173
https://doi.org/10.1016/j.conbuildmat.2014.09.059,The fresh and engineering properties of alkali activated slag as a function of fly ash replacement and alkali concentration,0.5FA0,1377,40.54,33.32,14.99,7.1,0.31,,0,2.36,61.83,20.39,0.7,5.38,,0,0,0,0,0,0,0,48.8,5,640,0,0,0,0.5,,0,0,,,,50,50,50,41.82,46.61
,,0.5FA20,1102,40.54,33.32,14.99,7.1,0.31,,215,2.36,61.83,20.39,0.7,5.38,,0,0,0,0,0,0,0,48.8,5,640,0,0,0,0.5,,0,0,,,,50,50,50,38.74,42.95
,,0.5FA40,826,40.54,33.32,14.99,7.1,0.31,,429,2.36,61.83,20.39,0.7,5.38,,0,0,0,0,0,0,0,48.8,5,640,0,0,0,0.5,,0,0,,,,50,50,50,33.58,37.12
,,0.5FA60,551,40.54,33.32,14.99,7.1,0.31,,643,2.36,61.83,20.39,0.7,5.38,,0,0,0,0,0,0,0,48.8,5,640,0,0,0,0.5,,0,0,,,,50,50,50,27.96,31.88
,,1FA0,1365,40.54,33.32,14.99,7.1,0.31,,0,2.36,61.83,20.39,0.7,5.38,,0,0,0,0,0,0,0,96.7,5,586,0,0,0,0.5,,0,0,,,,50,50,50,74.63,85.09
,,1FA20,1092,40.54,33.32,14.99,7.1,0.31,,213,2.36,61.83,20.39,0.7,5.38,,0,0,0,0,0,0,0,96.7,5,586,0,0,0,0.5,,0,0,,,,50,50,50,70.44,79.83
,,1FA40,819,40.54,33.32,14.99,7.1,0.31,,425,2.36,61.83,20.39,0.7,5.38,,0,0,0,0,0,0,0,96.7,5,586,0,0,0,0.5,,0,0,,,,50,50,50,64.92,72.18
,,1FA60,546,40.54,33.32,14.99,7.1,0.31,,638,2.36,61.83,20.39,0.7,5.38,,0,0,0,0,0,0,0,96.7,5,586,0,0,0,0.5,,0,0,,,,50,50,50,55.37,62.74
,,1.5FA0,1353,40.54,33.32,14.99,7.1,0.31,,0,2.36,61.83,20.39,0.7,5.38,,0,0,0,0,0,0,0,143.7,5,533,0,0,0,0.5,,0,0,,,,50,50,50,85.47,93.06
,,1.5FA20,1082,40.54,33.32,14.99,7.1,0.31,,211,2.36,61.83,20.39,0.7,5.38,,0,0,0,0,0,0,0,143.7,5,533,0,0,0,0.5,,0,0,,,,50,50,50,80.18,87.96
,,1.5FA40,812,40.54,33.32,14.99,7.1,0.31,,421,2.36,61.83,20.39,0.7,5.38,,0,0,0,0,0,0,0,143.7,5,533,0,0,0,0.5,,0,0,,,,50,50,50,72.64,79.5
,,1.5FA60,541,40.54,33.32,14.99,7.1,0.31,,632,2.36,61.83,20.39,0.7,5.38,,0,0,0,0,0,0,0,143.7,5,533,0,0,0,0.5,,0,0,,,,50,50,50,63.11,69.82
https://doi.org/10.1016/j.conbuildmat.2013.05.069,The mechanical properties of fly ash-based geopolymer concrete with alkaline activators,FASH6SS50,0,0,0,0,0,0,0,1600,2.9,55.3,25.8,0.8,5.5,0.3,0,0,0,0,0,0,0,400,6,400,0,2400,160,0.5,0.1,9.98,0,60,,Heat,50,50,50,9.9,25.9
,,FASH9SS50,0,0,0,0,0,0,0,1600,2.9,55.3,25.8,0.8,5.5,0.3,0,0,0,0,0,0,0,400,9,400,0,2400,160,0.5,0.1,8.01,0,60,,Heat,50,50,50,18.2,43.1
,,FASH12SS50,0,0,0,0,0,0,0,1600,2.9,55.3,25.8,0.8,5.5,0.3,0,0,0,0,0,0,0,400,12,400,0,2400,160,0.5,0.1,6.83,0,60,,Heat,50,50,50,20.5,44.8
,,FASH0SS100,0,0,0,0,0,0,0,1600,2.9,55.3,25.8,0.8,5.5,0.3,0,0,0,0,0,0,0,0,9,800,0,2400,160,0.5,0.1,14.5,0,60,,Heat,50,50,50,8.6,13.1
,,FASH25SS75,0,0,0,0,0,0,0,1600,2.9,55.3,25.8,0.8,5.5,0.3,0,0,0,0,0,0,0,200,9,600,0,2400,160,0.5,0.1,10.5,0,60,,Heat,50,50,50,14.6,32.3
,,FASH50SS50,0,0,0,0,0,0,0,1600,2.9,55.3,25.8,0.8,5.5,0.3,0,0,0,0,0,0,0,400,9,400,0,2400,160,0.5,0.1,8.01,0,60,,Heat,50,50,50,18.2,43.1
,,FASH75SS25,0,0,0,0,0,0,0,1600,2.9,55.3,25.8,0.8,5.5,0.3,0,0,0,0,0,0,0,600,9,200,0,2400,160,0.5,0.1,6.32,0,60,,Heat,50,50,50,17.6,22.8
,,FASH100SS0,0,0,0,0,0,0,0,1600,2.9,55.3,25.8,0.8,5.5,0.3,0,0,0,0,0,0,0,800,9,0,0,2400,160,0.5,0.1,5,0,60,,Heat,50,50,50,5.9,138
https://doi.org/10.1016/j.conbuildmat.2017.02.131,Design of geopolymer concrete with GGBFS at ambient curing condition using Taguchi method,TM1,400,40.7,32.4,14.96,5.99,0.83,2.74,,2.27,62.2,27.5,1.05,3.92,,,0.92,85.76,1.89,0.81,0.56,0.3,56,10,84,1208,650,48,0.35,0.12,5,1.5,25,,Ambient,150,150,150,40.89,46.75
,,TM2,400,40.7,32.4,14.96,5.99,0.83,2.74,,2.27,62.2,27.5,1.05,3.92,,,0.92,85.76,1.89,0.81,0.56,0.3,60,12,120,1182,636,48,0.45,0.12,5,2,25,,Ambient,150,150,150,38.47,38.98
,,TM3,400,40.7,32.4,14.96,5.99,0.83,2.74,,2.27,62.2,27.5,1.05,3.92,,,0.92,85.76,1.89,0.81,0.56,0.3,63,14,157,1156,622,48,0.55,0.12,5,2.5,25,,Ambient,150,150,150,36.94,42.55
,,TM4,450,40.7,32.4,14.96,5.99,0.83,2.74,,2.27,62.2,27.5,1.05,3.92,,,0.92,85.76,1.89,0.81,0.56,0.3,53,14,105,1161,625,54,0.35,0.12,5,2,25,,Ambient,150,150,150,56.05,61.15
,,TM5,450,40.7,32.4,14.96,5.99,0.83,2.74,,2.27,62.2,27.5,1.05,3.92,,,0.92,85.76,1.89,0.81,0.56,0.3,58,10,145,1132,609,54,0.45,0.12,5,2.5,25,,Ambient,150,150,150,41.4,42.24
,,TM6,450,40.7,32.4,14.96,5.99,0.83,2.74,,2.27,62.2,27.5,1.05,3.92,,,0.92,85.76,1.89,0.81,0.56,0.3,99,12,149,1102,594,54,0.55,0.12,5,1.5,25,,Ambient,150,150,150,35.03,37.32
,,TM7,500,40.7,32.4,14.96,5.99,0.83,2.74,,2.27,62.2,27.5,1.05,3.92,,,0.92,85.76,1.89,0.81,0.56,0.3,50,12,125,1115,600,60,0.35,0.12,5,2.5,25,,Ambient,150,150,150,52.23,59.5
,,TM8,500,40.7,32.4,14.96,5.99,0.83,2.74,,2.27,62.2,27.5,1.05,3.92,,,0.92,85.76,1.89,0.81,0.56,0.3,90,14,135,1082,583,60,0.45,0.12,5,1.5,25,,Ambient,150,150,150,40.13,42.93
,,TM9,500,40.7,32.4,14.96,5.99,0.83,2.74,,2.27,62.2,27.5,1.05,3.92,,,0.92,85.76,1.89,0.81,0.56,0.3,92,10,183,1050,565,60,0.55,0.12,5,2,25,60,Ambient,150,150,150,32.61,34.4
https://doi.org/10.1016/j.jobe.2022.105551,Mix design development of fly ash-GGBS based recycled aggregate geopolymer concrete,AAC/B0.8,75,40.15,35.32,15.63,6.54,1.56,,175,3.25,50.13,27.28,1.52,9.28,,0,0,0,0,0,0,0,80,16,120,1088,806,116.39,0.8,,0,1.5,27,60,Ambient,100,100,100,28.64,32.48
,,AAC/B0.7,85,40.15,35.32,15.63,6.54,1.56,,200,3.25,50.13,27.28,1.52,9.28,,0,0,0,0,0,0,0,80,16,120,1070,793,116.39,0.7,,0.5,1.5,27,60,Ambient,100,100,100,31.52,36.27
,,AAC/B0.6,100,40.15,35.32,15.63,6.54,1.56,,233,3.25,50.13,27.28,1.52,9.28,,0,0,0,0,0,0,0,80,16,120,1046,776,116.39,0.6,,1.3,1.5,27,60,Ambient,100,100,100,34.88,40.63
,,AAC/B0.5,120,40.15,35.32,15.63,6.54,1.56,,280,3.25,50.13,27.28,1.52,9.28,,0,0,0,0,0,0,0,80,16,120,1013,751,116.39,0.5,,1.6,1.5,27,60,Ambient,100,100,100,38.97,44.76
,,AAC/B0.4,150,40.15,35.32,15.63,6.54,1.56,,350,3.25,50.13,27.28,1.52,9.28,,0,0,0,0,0,0,0,80,16,120,963,714,116.39,0.4,,1.9,1.5,27,60,Ambient,100,100,100,47.35,54.18
,,AAC/B0.3,200,40.15,35.32,15.63,6.54,1.56,,466,3.25,50.13,27.28,1.52,9.28,,0,0,0,0,0,0,0,80,16,120,880,752,116.39,0.3,,2.1,1.5,27,60,Ambient,100,100,100,52.61,59.84
