GGBS_kg_m3,GGBS_CaO_%,GGBS_SiO2_%,GGBS_Al2O3_%,GGBS_MgO_%,GGBS_Fe2O3_%,GGBS_SO3_%,FlyAsh_kg_m3,FA_CaO_%,FA_SiO2_%,FA_Al2O3_%,FA_MgO_%,FA_Fe2O3_%,FA_SO3_%,SF_kg_m3,SF_CaO_%,SF_SiO2_%,SF_Al2O3_%,SF_MgO_%,SF_Fe2O3_%,SF_SO3_%,Total NaOH (kg in 1m3 mix),Concentration (M) NaOH,Total Na2SiO3 (kg in 1m3 of mix),Coarse Aggregate (kg/m3),Fine Aggregates (kg/m3),Water (kg/m3),Activator_Binder_Ratio,Water_Binder_Ratio,Superplasticizer_%,SiO2 to Na2O (silicate modulus),Curing_Temperature,Relative Humidity,Condition,Length (mm),Breadth (mm),height (mm),CS 7 day (Mpa),CS 28 day (Mpa)
0.0,47.75,27.17,8.6,3.89,0.42,1.45,650.0,15.48,48.43,17.15,1.35,11.96,0.82,0.0,0.0,0.0,0.0,0.0,0.0,0.0,232.1,12.0,92.9,0.0,1040.0,119.50999999999999,0.5,0.3,0.64,2.5,23.0,60.0,0,150.0,150.0,150.0,34.0,29.0
650.0,47.75,27.17,8.6,3.89,0.42,1.45,0.0,15.48,48.43,17.15,1.35,11.96,0.82,0.0,0.0,0.0,0.0,0.0,0.0,0.0,232.1,12.0,92.9,0.0,1040.0,119.50999999999999,0.5,0.3,0.64,2.5,23.0,60.0,0,150.0,150.0,150.0,34.0,40.0
325.0,47.75,27.17,8.6,3.89,0.42,1.45,325.0,15.48,48.43,17.15,1.35,11.96,0.82,0.0,0.0,0.0,0.0,0.0,0.0,0.0,232.1,12.0,92.9,0.0,1040.0,119.50999999999999,0.5,0.3,0.64,2.5,23.0,60.0,0,150.0,150.0,150.0,34.0,45.0
0.0,47.75,27.17,8.6,3.89,0.42,1.45,637.0,15.48,48.43,17.15,1.35,11.96,0.82,0.0,0.0,0.0,0.0,0.0,0.0,0.0,232.1,12.0,92.9,0.0,1040.0,119.50999999999999,0.5,0.3,0.64,2.5,23.0,60.0,0,150.0,150.0,150.0,34.0,48.0
637.0,47.75,27.17,8.6,3.89,0.42,1.45,0.0,15.48,48.43,17.15,1.35,11.96,0.82,0.0,0.0,0.0,0.0,0.0,0.0,0.0,232.1,12.0,92.9,0.0,1040.0,119.50999999999999,0.5,0.3,0.64,2.5,23.0,60.0,0,150.0,150.0,150.0,34.0,50.32
318.5,47.75,27.17,8.6,3.89,0.42,1.45,318.15,15.48,48.43,17.15,1.35,11.96,0.82,0.0,0.0,0.0,0.0,0.0,0.0,0.0,232.1,12.0,92.9,0.0,1040.0,119.50999999999999,0.5,0.3,0.64,2.5,23.0,60.0,0,150.0,150.0,150.0,34.0,61.91
0.0,56.1,21.0,17.0,7.09,0.62,0.77,1176.6,2.6,46.0,33.0,0.63,10.5,0.0,0.0,0.0,0.0,0.0,0.0,0.0,0.0,54.1,14.0,196.1,0.0,0.0,338.1,0.5,0.28,0.0,2.16,20.0,65.0,0,50.0,50.0,50.0,34.0,3.0
362.7,56.1,21.0,17.0,7.09,0.62,0.77,846.2,2.6,46.0,33.0,0.63,10.5,0.0,0.0,0.0,0.0,0.0,0.0,0.0,0.0,55.6,14.0,201.5,0.0,0.0,347.3,0.5,0.28,0.0,2.16,20.0,65.0,0,50.0,50.0,50.0,34.0,38.0
615.6,56.1,21.0,17.0,7.09,0.62,0.77,615.6,2.6,46.0,33.0,0.63,10.5,0.0,0.0,0.0,0.0,0.0,0.0,0.0,0.0,56.6,14.0,205.2,0.0,0.0,353.8,0.5,0.28,0.0,2.16,20.0,65.0,0,50.0,50.0,50.0,34.8,32.8
878.1,56.1,21.0,17.0,7.09,0.62,0.77,376.3,2.6,46.0,33.0,0.63,10.5,0.0,0.0,0.0,0.0,0.0,0.0,0.0,0.0,57.7,14.0,209.1,0.0,0.0,360.5,0.5,0.28,0.0,2.16,20.0,65.0,0,50.0,50.0,50.0,34.0,58.0
1291.1,56.1,21.0,17.0,7.09,0.62,0.77,0.0,2.6,46.0,33.0,0.63,10.5,0.0,0.0,0.0,0.0,0.0,0.0,0.0,0.0,59.4,14.0,215.2,0.0,0.0,371.0,0.5,0.28,0.0,2.16,20.0,65.0,0,50.0,50.0,50.0,34.0,65.0
615.6,56.1,21.0,17.0,7.09,0.62,0.77,615.6,2.6,46.0,33.0,0.63,10.5,0.0,0.0,0.0,0.0,0.0,0.0,0.0,0.0,56.6,14.0,205.2,0.0,0.0,353.8,0.5,0.28,1.0,2.16,20.0,65.0,0,50.0,50.0,50.0,38.0,36.0
615.6,56.1,21.0,17.0,7.09,0.62,0.77,615.6,2.6,46.0,33.0,0.63,10.5,0.0,0.0,0.0,0.0,0.0,0.0,0.0,0.0,56.6,14.0,205.2,0.0,0.0,353.8,0.5,0.28,2.0,2.16,20.0,65.0,0,50.0,50.0,50.0,41.6,46.7
615.6,56.1,21.0,17.0,7.09,0.62,0.77,615.6,2.6,46.0,33.0,0.63,10.5,0.0,0.0,0.0,0.0,0.0,0.0,0.0,0.0,56.6,14.0,205.2,0.0,0.0,353.8,0.5,0.28,3.0,2.16,20.0,65.0,0,50.0,50.0,50.0,36.0,40.0
615.6,56.1,21.0,17.0,7.09,0.62,0.77,615.6,2.6,46.0,33.0,0.63,10.5,0.0,0.0,0.0,0.0,0.0,0.0,0.0,0.0,56.6,14.0,205.2,0.0,0.0,353.8,0.5,0.28,4.0,2.16,20.0,65.0,0,50.0,50.0,50.0,36.0,38.0
615.6,56.1,21.0,17.0,7.09,0.62,0.77,615.6,2.6,46.0,33.0,0.63,10.5,0.0,0.0,0.0,0.0,0.0,0.0,0.0,0.0,56.6,14.0,205.2,0.0,0.0,353.8,0.5,0.28,1.0,2.16,20.0,65.0,0,50.0,50.0,50.0,35.0,37.0
615.6,56.1,21.0,17.0,7.09,0.62,0.77,615.6,2.6,46.0,33.0,0.63,10.5,0.0,0.0,0.0,0.0,0.0,0.0,0.0,0.0,56.6,14.0,205.2,0.0,0.0,353.8,0.5,0.28,2.0,2.16,20.0,65.0,0,50.0,50.0,50.0,35.0,38.0
615.6,56.1,21.0,17.0,7.09,0.62,0.77,615.6,2.6,46.0,33.0,0.63,10.5,0.0,0.0,0.0,0.0,0.0,0.0,0.0,0.0,56.6,14.0,205.2,0.0,0.0,353.8,0.5,0.28,3.0,2.16,20.0,65.0,0,50.0,50.0,50.0,36.0,36.0
615.6,56.1,21.0,17.0,7.09,0.62,0.77,615.6,2.6,46.0,33.0,0.63,10.5,0.0,0.0,0.0,0.0,0.0,0.0,0.0,0.0,56.6,14.0,205.2,0.0,0.0,353.8,0.5,0.28,4.0,2.16,20.0,65.0,0,50.0,50.0,50.0,34.0,35.0
0.0,56.1,21.0,17.0,7.09,0.62,0.77,1176.6,2.6,46.0,33.0,0.63,10.5,0.0,0.0,0.0,0.0,0.0,0.0,0.0,0.0,54.1,14.0,196.1,0.0,0.0,338.1,0.5,0.28,4.0,2.16,20.0,65.0,0,50.0,50.0,50.0,33.0,3.0
362.7,56.1,21.0,17.0,7.09,0.62,0.77,846.2,2.6,46.0,33.0,0.63,10.5,0.0,0.0,0.0,0.0,0.0,0.0,0.0,0.0,55.6,14.0,201.5,0.0,0.0,347.3,0.5,0.28,4.0,2.16,20.0,65.0,0,50.0,50.0,50.0,34.0,35.0
878.1,56.1,21.0,17.0,7.09,0.62,0.77,376.3,2.6,46.0,33.0,0.63,10.5,0.0,0.0,0.0,0.0,0.0,0.0,0.0,0.0,57.7,14.0,209.1,0.0,0.0,360.5,0.5,0.28,4.0,2.16,20.0,65.0,0,50.0,50.0,50.0,34.0,55.0
1291.1,56.1,21.0,17.0,7.09,0.62,0.77,0.0,2.6,46.0,33.0,0.63,10.5,0.0,0.0,0.0,0.0,0.0,0.0,0.0,0.0,59.4,14.0,215.2,0.0,0.0,371.0,0.5,0.28,4.0,2.16,20.0,65.0,0,50.0,50.0,50.0,34.0,60.0
0.0,56.1,21.0,17.0,7.09,0.62,0.77,1176.6,2.6,46.0,33.0,0.63,10.5,0.0,0.0,0.0,0.0,0.0,0.0,0.0,0.0,54.1,14.0,196.1,0.0,0.0,338.1,0.5,0.28,4.0,2.16,20.0,65.0,0,50.0,50.0,50.0,34.0,3.0
362.7,56.1,21.0,17.0,7.09,0.62,0.77,846.2,2.6,46.0,33.0,0.63,10.5,0.0,0.0,0.0,0.0,0.0,0.0,0.0,0.0,55.6,14.0,201.5,0.0,0.0,347.3,0.5,0.28,4.0,2.16,20.0,65.0,0,50.0,50.0,50.0,34.0,35.0
878.1,56.1,21.0,17.0,7.09,0.62,0.77,376.3,2.6,46.0,33.0,0.63,10.5,0.0,0.0,0.0,0.0,0.0,0.0,0.0,0.0,57.7,14.0,209.1,0.0,0.0,360.5,0.5,0.28,4.0,2.16,20.0,65.0,0,50.0,50.0,50.0,34.0,55.0
1291.1,56.1,21.0,17.0,7.09,0.62,0.77,0.0,2.6,46.0,33.0,0.63,10.5,0.0,0.0,0.0,0.0,0.0,0.0,0.0,0.0,59.4,14.0,215.2,0.0,0.0,371.0,0.5,0.28,4.0,2.16,20.0,65.0,0,50.0,50.0,50.0,34.0,60.0
0.0,56.1,21.0,17.0,7.09,0.62,0.77,1176.6,2.6,46.0,33.0,0.63,10.5,0.0,0.0,0.0,0.0,0.0,0.0,0.0,0.0,54.1,14.0,196.1,0.0,0.0,338.1,0.5,0.28,1.0,2.16,20.0,65.0,0,50.0,50.0,50.0,34.0,3.0
0.0,56.1,21.0,17.0,7.09,0.62,0.77,1176.6,2.6,46.0,33.0,0.63,10.5,0.0,0.0,0.0,0.0,0.0,0.0,0.0,0.0,54.1,14.0,196.1,0.0,0.0,338.1,0.5,0.28,2.0,2.16,20.0,65.0,0,50.0,50.0,50.0,34.0,3.0
0.0,56.1,21.0,17.0,7.09,0.62,0.77,1176.6,2.6,46.0,33.0,0.63,10.5,0.0,0.0,0.0,0.0,0.0,0.0,0.0,0.0,54.1,14.0,196.1,0.0,0.0,338.1,0.5,0.28,3.0,2.16,20.0,65.0,0,50.0,50.0,50.0,34.0,35.0
362.7,56.1,21.0,17.0,7.09,0.62,0.77,846.2,2.6,46.0,33.0,0.63,10.5,0.0,0.0,0.0,0.0,0.0,0.0,0.0,0.0,55.6,14.0,201.5,0.0,0.0,347.3,0.5,0.28,1.0,2.16,20.0,65.0,0,50.0,50.0,50.0,34.0,36.0
362.7,56.1,21.0,17.0,7.09,0.62,0.77,846.2,2.6,46.0,33.0,0.63,10.5,0.0,0.0,0.0,0.0,0.0,0.0,0.0,0.0,55.6,14.0,201.5,0.0,0.0,347.3,0.5,0.28,2.0,2.16,20.0,65.0,0,50.0,50.0,50.0,34.0,36.0
362.7,56.1,21.0,17.0,7.09,0.62,0.77,846.2,2.6,46.0,33.0,0.63,10.5,0.0,0.0,0.0,0.0,0.0,0.0,0.0,0.0,55.6,14.0,201.5,0.0,0.0,347.3,0.5,0.28,3.0,2.16,20.0,65.0,0,50.0,50.0,50.0,34.0,55.0
878.1,56.1,21.0,17.0,7.09,0.62,0.77,376.3,2.6,46.0,33.0,0.63,10.5,0.0,0.0,0.0,0.0,0.0,0.0,0.0,0.0,57.7,14.0,209.1,0.0,0.0,360.5,0.5,0.28,1.0,2.16,20.0,65.0,0,50.0,50.0,50.0,34.0,55.0
878.1,56.1,21.0,17.0,7.09,0.62,0.77,376.3,2.6,46.0,33.0,0.63,10.5,0.0,0.0,0.0,0.0,0.0,0.0,0.0,0.0,57.7,14.0,209.1,0.0,0.0,360.5,0.5,0.28,2.0,2.16,20.0,65.0,0,50.0,50.0,50.0,34.0,55.0
878.1,56.1,21.0,17.0,7.09,0.62,0.77,376.3,2.6,46.0,33.0,0.63,10.5,0.0,0.0,0.0,0.0,0.0,0.0,0.0,0.0,57.7,14.0,209.1,0.0,0.0,360.5,0.5,0.28,3.0,2.16,20.0,65.0,0,50.0,50.0,50.0,34.0,60.0
1291.1,56.1,21.0,17.0,7.09,0.62,0.77,0.0,2.6,46.0,33.0,0.63,10.5,0.0,0.0,0.0,0.0,0.0,0.0,0.0,0.0,59.4,14.0,215.2,0.0,0.0,371.0,0.5,0.28,1.0,2.16,20.0,65.0,0,50.0,50.0,50.0,34.0,60.0
1291.1,56.1,21.0,17.0,7.09,0.62,0.77,0.0,2.6,46.0,33.0,0.63,10.5,0.0,0.0,0.0,0.0,0.0,0.0,0.0,0.0,59.4,14.0,215.2,0.0,0.0,371.0,0.5,0.28,2.0,2.16,20.0,65.0,0,50.0,50.0,50.0,34.0,60.0
1291.1,56.1,21.0,17.0,7.09,0.62,0.77,0.0,2.6,46.0,33.0,0.63,10.5,0.0,0.0,0.0,0.0,0.0,0.0,0.0,0.0,59.4,10.0,215.2,0.0,0.0,371.0,0.5,0.28,3.0,2.16,20.0,65.0,0,50.0,50.0,50.0,34.0,65.0
200.0,38.8,33.8,14.8,7.09,0.62,2.49,200.0,1.32,52.6,34.1,7.09,4.24,0.33,0.0,0.0,0.0,0.0,0.0,0.0,0.0,9.0,10.0,56.0,1074.0,716.0,145.0,0.45,0.36,3.0,1.5,21.0,90.0,0,100.0,100.0,100.0,25.0,31.7
200.0,38.8,33.8,14.8,7.09,0.62,2.49,200.0,1.32,52.6,34.1,7.09,4.24,0.33,0.0,0.0,0.0,0.0,0.0,0.0,0.0,12.0,10.0,74.0,1068.0,712.0,133.0,0.45,0.33,4.0,1.5,21.0,90.0,0,100.0,100.0,100.0,35.0,49.3
200.0,38.8,33.8,14.8,7.09,0.62,2.49,200.0,1.32,52.6,34.1,7.09,4.24,0.33,0.0,0.0,0.0,0.0,0.0,0.0,0.0,15.0,10.0,93.0,1062.0,708.0,122.0,0.45,0.305,5.0,1.5,21.0,90.0,0,100.0,100.0,100.0,45.0,58.2
200.0,38.8,33.8,14.8,7.09,0.62,2.49,200.0,1.32,52.6,34.1,7.09,4.24,0.33,0.0,0.0,0.0,0.0,0.0,0.0,0.0,19.0,10.0,62.0,1068.0,712.0,139.0,0.45,0.35,5.0,1.0,21.0,90.0,0,100.0,100.0,100.0,32.0,44.4
200.0,38.8,33.8,14.8,7.09,0.62,2.49,200.0,1.32,52.6,34.1,7.09,4.24,0.33,0.0,0.0,0.0,0.0,0.0,0.0,0.0,12.0,10.0,124.0,1056.0,704.0,104.0,0.45,0.26,5.0,2.0,21.0,90.0,0,100.0,100.0,100.0,46.0,65.0
200.0,38.8,33.8,14.8,7.09,0.62,2.49,200.0,1.32,52.6,34.1,7.09,4.24,0.33,0.0,0.0,0.0,0.0,0.0,0.0,0.0,15.0,10.0,93.0,1074.0,716.0,102.0,0.4,0.255,5.0,1.5,21.0,90.0,0,100.0,100.0,100.0,48.0,65.7
200.0,38.8,33.8,14.8,7.09,0.62,2.49,200.0,1.32,52.6,34.1,7.09,4.24,0.33,0.0,0.0,0.0,0.0,0.0,0.0,0.0,15.0,10.0,93.0,1050.0,700.0,142.0,0.5,0.355,5.0,1.5,21.0,90.0,0,100.0,100.0,100.0,34.0,42.3
300.0,38.8,33.8,14.8,7.09,0.62,2.49,100.0,1.32,52.6,34.1,7.09,4.24,0.33,0.0,0.0,0.0,0.0,0.0,0.0,0.0,12.0,10.0,74.0,1068.0,712.0,133.0,0.45,0.33,4.0,1.5,21.0,90.0,0,100.0,100.0,100.0,40.0,52.1
400.0,38.8,33.8,14.8,7.09,0.62,2.49,0.0,1.32,52.6,34.1,7.09,4.24,0.33,0.0,0.0,0.0,0.0,0.0,0.0,0.0,12.0,10.0,74.0,1068.0,712.0,133.0,0.45,0.33,4.0,1.5,21.0,90.0,0,100.0,100.0,100.0,48.0,63.1
128.0,43.17,31.65,12.4,5.8,0.37,0.98,298.0,2.36,54.99,28.72,0.37,3.05,0.12,0.0,0.4,93.74,0.19,0.17,0.95,0.34,61.0,12.0,152.0,1108.0,596.0,0.0,0.5,0.0,0.0,2.5,24.0,65.0,0,150.0,150.0,150.0,20.7,36.6
170.0,43.17,31.65,12.4,5.8,0.37,0.98,256.0,2.36,54.99,28.72,0.37,3.05,0.12,0.0,0.4,93.74,0.19,0.17,0.95,0.34,61.0,12.0,152.0,1108.0,596.0,0.0,0.5,0.0,0.0,2.5,24.0,65.0,0,150.0,150.0,150.0,24.5,39.2
213.0,43.17,31.65,12.4,5.8,0.37,0.98,213.0,2.36,54.99,28.72,0.37,3.05,0.12,0.0,0.4,93.74,0.19,0.17,0.95,0.34,61.0,12.0,152.0,1108.0,596.0,0.0,0.5,0.0,0.0,2.5,24.0,65.0,0,150.0,150.0,150.0,26.0,41.8
256.0,43.17,31.65,12.4,5.8,0.37,0.98,170.0,2.36,54.99,28.72,0.37,3.05,0.12,0.0,0.4,93.74,0.19,0.17,0.95,0.34,61.0,12.0,152.0,1108.0,596.0,0.0,0.5,0.0,0.0,2.5,24.0,65.0,0,150.0,150.0,150.0,24.7,38.2
213.0,43.17,31.65,12.4,5.8,0.37,0.98,191.0,2.36,54.99,28.72,0.37,3.05,0.12,22.0,0.4,93.74,0.19,0.17,0.95,0.34,61.0,12.0,152.0,1108.0,596.0,0.0,0.5,0.0,0.0,2.5,24.0,65.0,0,150.0,150.0,150.0,27.1,43.2
213.0,43.17,31.65,12.4,5.8,0.37,0.98,170.0,2.36,54.99,28.72,0.37,3.05,0.12,43.0,0.4,93.74,0.19,0.17,0.95,0.34,61.0,12.0,152.0,1108.0,596.0,0.0,0.5,0.0,0.0,2.5,24.0,65.0,0,150.0,150.0,150.0,30.1,49.2
213.0,43.17,31.65,12.4,5.8,0.37,0.98,149.0,2.36,54.99,28.72,0.37,3.05,0.12,64.0,0.4,93.74,0.19,0.17,0.95,0.34,61.0,12.0,152.0,1108.0,596.0,0.0,0.5,0.0,0.0,2.5,24.0,65.0,0,150.0,150.0,150.0,33.3,52.2
213.0,43.17,31.65,12.4,5.8,0.37,0.98,127.0,2.36,54.99,28.72,0.37,3.05,0.12,86.0,0.4,93.74,0.19,0.17,0.95,0.34,61.0,12.0,152.0,1108.0,596.0,0.0,0.5,0.0,0.0,2.5,24.0,65.0,0,150.0,150.0,150.0,28.7,47.5
500.0,36.82,26.75,19.66,11.1,0.32,2.65,0.0,5.6,45.1,24.2,1.21,0.85,2.1,0.0,0.12,96.65,0.31,0.11,0.07,1.21,4.3,10.0,193.9,1104.0,621.0,65.8,0.4,0.13,4.0,2.0,20.0,65.0,0,100.0,100.0,100.0,67.55,73.19
417.0,36.82,26.75,19.66,11.1,0.32,2.65,0.0,5.6,45.1,24.2,1.21,0.85,2.1,0.0,0.12,96.65,0.31,0.11,0.07,1.21,3.6,10.0,161.8,1085.0,724.0,84.0,0.4,0.2,3.3,2.0,20.0,65.0,0,100.0,100.0,100.0,59.64,65.5
350.0,36.82,26.75,19.66,11.1,0.32,2.65,0.0,5.6,45.1,24.2,1.21,0.85,2.1,0.0,0.12,96.65,0.31,0.11,0.07,1.21,3.0,10.0,135.8,1050.0,825.0,98.6,0.4,0.28,2.8,2.0,20.0,65.0,0,100.0,100.0,100.0,53.61,55.89
417.0,36.82,26.75,19.66,11.1,0.32,2.65,0.0,5.6,45.1,24.2,1.21,0.85,2.1,0.0,0.12,96.65,0.31,0.11,0.07,1.21,1.2,10.0,53.9,1085.0,724.0,144.7,0.4,0.34,3.3,2.0,20.0,65.0,0,100.0,100.0,100.0,46.8,49.85
417.0,36.82,26.75,19.66,11.1,0.32,2.65,0.0,5.6,45.1,24.2,1.21,0.85,2.1,0.0,0.12,96.65,0.31,0.11,0.07,1.21,2.4,10.0,107.8,1085.0,724.0,114.3,0.4,0.274,3.3,2.0,20.0,65.0,0,100.0,100.0,100.0,55.25,62.51
417.0,36.82,26.75,19.66,11.1,0.32,2.65,0.0,5.6,45.1,24.2,1.21,0.85,2.1,0.0,0.12,96.65,0.31,0.11,0.07,1.21,4.8,10.0,215.7,1085.0,724.0,53.7,0.4,0.12,3.3,2.0,20.0,65.0,0,100.0,100.0,100.0,70.24,75.89
375.3,36.82,26.75,19.66,11.1,0.32,2.65,41.7,5.6,45.1,24.2,1.21,0.85,2.1,0.0,0.12,96.65,0.31,0.11,0.07,1.21,3.6,10.0,161.8,1085.0,724.0,84.0,0.4,0.2,3.3,2.0,20.0,65.0,0,100.0,100.0,100.0,64.73,67.81
333.6,36.82,26.75,19.66,11.1,0.32,2.65,83.4,5.6,45.1,24.2,1.21,0.85,2.1,0.0,0.12,96.65,0.31,0.11,0.07,1.21,3.6,10.0,161.8,1085.0,724.0,84.0,0.4,0.2,3.3,2.0,20.0,65.0,0,100.0,100.0,100.0,67.17,69.33
291.9,36.82,26.75,19.66,11.1,0.32,2.65,125.1,5.6,45.1,24.2,1.21,0.85,2.1,0.0,0.12,96.65,0.31,0.11,0.07,1.21,3.6,10.0,161.8,1085.0,724.0,84.0,0.4,0.2,3.3,2.0,20.0,65.0,0,100.0,100.0,100.0,58.11,66.86
250.2,36.82,26.75,19.66,11.1,0.32,2.65,166.8,5.6,45.1,24.2,1.21,0.85,2.1,0.0,0.12,96.65,0.31,0.11,0.07,1.21,3.6,10.0,161.8,1085.0,724.0,84.0,0.4,0.2,3.3,2.0,20.0,65.0,0,100.0,100.0,100.0,47.62,60.39
166.8,36.82,26.75,19.66,11.1,0.32,2.65,250.2,5.6,45.1,24.2,1.21,0.85,2.1,0.0,0.12,96.65,0.31,0.11,0.07,1.21,3.6,10.0,161.8,1085.0,724.0,84.0,0.4,0.2,3.3,2.0,20.0,65.0,0,100.0,100.0,100.0,43.72,56.15
396.2,36.82,26.75,19.66,11.1,0.32,2.65,0.0,5.6,45.1,24.2,1.21,0.85,2.1,20.8,0.12,96.65,0.31,0.11,0.07,1.21,3.6,10.0,161.8,1085.0,724.0,84.0,0.4,0.2,3.3,2.0,20.0,65.0,0,100.0,100.0,100.0,63.92,67.53
375.3,36.82,26.75,19.66,11.1,0.32,2.65,0.0,5.6,45.1,24.2,1.21,0.85,2.1,41.7,0.12,96.65,0.31,0.11,0.07,1.21,3.6,10.0,161.8,1085.0,724.0,84.0,0.4,0.2,3.3,2.0,20.0,65.0,0,100.0,100.0,100.0,66.1,71.39
354.5,36.82,26.75,19.66,11.1,0.32,2.65,0.0,5.6,45.1,24.2,1.21,0.85,2.1,62.5,0.12,96.65,0.31,0.11,0.07,1.21,3.6,10.0,161.8,1085.0,724.0,84.0,0.4,0.2,3.3,2.0,20.0,65.0,0,100.0,100.0,100.0,59.49,62.42
0.0,0.0,0.0,0.0,0.0,0.0,0.0,428.0,1.19,60.25,28.57,0.24,4.99,0.04,0.0,0.013,96.2,0.91,0.38,1.44,0.0,49.0,16.0,114.0,1170.0,630.0,42.8,0.4,0.1,0.0,2.0,100.0,65.0,1,100.0,100.0,100.0,26.0,33.1
0.0,0.0,0.0,0.0,0.0,0.0,0.0,385.0,1.19,60.25,28.57,0.24,4.99,0.04,43.0,0.013,96.2,0.91,0.38,1.44,0.0,49.0,16.0,122.0,1170.0,630.0,42.8,0.4,0.1,0.0,2.5,100.0,65.0,1,100.0,100.0,100.0,30.0,35.5
0.0,0.0,0.0,0.0,0.0,0.0,0.0,342.0,1.19,60.25,28.57,0.24,4.99,0.04,86.0,0.013,96.2,0.91,0.38,1.44,0.0,49.0,16.0,122.0,1170.0,630.0,42.8,0.4,0.1,0.0,3.0,100.0,65.0,1,100.0,100.0,100.0,33.5,38.5
0.0,0.0,0.0,0.0,0.0,0.0,0.0,300.0,1.19,60.25,28.57,0.24,4.99,0.04,128.0,0.013,96.2,0.91,0.38,1.44,0.0,49.0,16.0,122.0,1170.0,630.0,42.8,0.4,0.1,0.0,2.5,100.0,65.0,1,100.0,100.0,100.0,28.5,34.0
0.0,0.0,0.0,0.0,0.0,0.0,0.0,0.0,1.19,60.25,28.57,0.24,4.99,0.04,428.0,0.013,96.2,0.91,0.38,1.44,0.0,49.0,16.0,122.0,1170.0,630.0,42.8,0.4,0.1,0.0,2.0,100.0,65.0,1,100.0,100.0,100.0,8.0,10.5
0.0,0.0,0.0,0.0,0.0,0.0,0.0,428.0,1.19,60.25,28.57,0.24,4.99,0.04,0.0,0.013,96.2,0.91,0.38,1.44,0.0,57.0,16.0,114.0,1170.0,630.0,42.8,0.4,0.1,0.0,2.5,100.0,65.0,1,100.0,100.0,100.0,28.0,35.0
0.0,0.0,0.0,0.0,0.0,0.0,0.0,428.0,1.19,60.25,28.57,0.24,4.99,0.04,0.0,0.013,96.2,0.91,0.38,1.44,0.0,43.0,16.0,128.0,1170.0,630.0,42.8,0.4,0.1,0.0,3.0,100.0,65.0,1,100.0,100.0,100.0,22.0,27.5
0.0,0.0,0.0,0.0,0.0,0.0,0.0,428.0,1.19,60.25,28.57,0.24,4.99,0.04,0.0,0.013,96.2,0.91,0.38,1.44,0.0,57.0,16.0,114.0,1170.0,630.0,42.8,0.4,0.1,0.0,2.0,100.0,65.0,1,100.0,100.0,100.0,24.0,28.0
0.0,0.0,0.0,0.0,0.0,0.0,0.0,428.0,1.19,60.25,28.57,0.24,4.99,0.04,0.0,0.013,96.2,0.91,0.38,1.44,0.0,49.0,16.0,122.0,1170.0,630.0,42.8,0.4,0.1,0.0,2.5,100.0,65.0,1,100.0,100.0,100.0,28.5,30.0
0.0,0.0,0.0,0.0,0.0,0.0,0.0,428.0,1.19,60.25,28.57,0.24,4.99,0.04,0.0,0.013,96.2,0.91,0.38,1.44,0.0,43.0,16.0,128.0,1170.0,630.0,42.8,0.4,0.1,0.0,3.0,100.0,65.0,1,100.0,100.0,100.0,19.2,25.0
0.0,0.0,0.0,0.0,0.0,0.0,0.0,342.0,1.19,60.25,28.57,0.24,4.99,0.04,0.0,0.013,96.2,0.91,0.38,1.44,0.0,49.0,16.0,122.0,1230.0,665.0,42.8,0.4,0.1,0.0,2.0,100.0,65.0,1,100.0,100.0,100.0,20.0,25.5
0.0,0.0,0.0,0.0,0.0,0.0,0.0,285.0,1.19,60.25,28.57,0.24,4.99,0.04,0.0,0.013,96.2,0.91,0.38,1.44,0.0,49.0,16.0,122.0,1276.0,690.0,42.8,0.4,0.1,0.0,2.5,100.0,65.0,1,100.0,100.0,100.0,22.7,28.5
0.0,0.0,0.0,0.0,0.0,0.0,0.0,342.0,1.19,60.25,28.57,0.24,4.99,0.04,86.0,0.013,96.2,0.91,0.38,1.44,0.0,49.0,16.0,122.0,1202.0,650.0,21.4,0.4,0.05,0.0,3.0,100.0,65.0,1,100.0,100.0,100.0,28.0,35.0
0.0,0.0,0.0,0.0,0.0,0.0,0.0,342.0,1.19,60.25,28.57,0.24,4.99,0.04,86.0,0.013,96.2,0.91,0.38,1.44,0.0,49.0,16.0,122.0,1147.0,620.0,53.5,0.4,0.125,0.0,2.0,100.0,65.0,1,100.0,100.0,100.0,26.4,30.5
688.0,38.81,33.81,14.78,7.09,0.36,2.49,172.0,1.24,54.22,31.18,0.47,2.63,0.35,45.0,1.84,95.38,0.0,0.26,0.61,0.16,45.0,10.0,314.0,0.0,905.0,87.0,0.5,0.1,0.0,2.0,20.0,65.0,0,100.0,100.0,100.0,34.0,101.4
688.0,38.81,33.81,14.78,7.09,0.36,2.49,172.0,1.24,54.22,31.18,0.47,2.63,0.35,45.0,1.84,95.38,0.0,0.26,0.61,0.16,45.0,10.0,314.0,0.0,905.0,87.0,0.5,0.1,0.0,2.0,20.0,65.0,0,100.0,100.0,100.0,34.0,108.5
688.0,38.81,33.81,14.78,7.09,0.36,2.49,172.0,1.24,54.22,31.18,0.47,2.63,0.35,45.0,1.84,95.38,0.0,0.26,0.61,0.16,45.0,10.0,314.0,0.0,905.0,87.0,0.5,0.1,0.0,2.0,20.0,65.0,0,100.0,100.0,100.0,34.0,127.5
688.0,38.81,33.81,14.78,7.09,0.36,2.49,172.0,1.24,54.22,31.18,0.47,2.63,0.35,45.0,1.84,95.38,0.0,0.26,0.61,0.16,45.0,10.0,314.0,0.0,905.0,87.0,0.5,0.1,0.0,2.0,20.0,65.0,0,100.0,100.0,100.0,34.0,154.9
652.0,38.81,33.81,14.78,7.09,0.36,2.49,163.0,1.24,54.22,31.18,0.47,2.63,0.35,90.0,1.84,95.38,0.0,0.26,0.61,0.16,45.0,10.0,314.0,0.0,905.0,87.0,0.5,0.1,0.0,2.0,20.0,65.0,0,100.0,100.0,100.0,34.0,104.0
580.0,38.81,33.81,14.78,7.09,0.36,2.49,145.0,1.24,54.22,31.18,0.47,2.63,0.35,180.0,1.84,95.38,0.0,0.26,0.61,0.16,45.0,10.0,314.0,0.0,905.0,87.0,0.5,0.1,0.0,2.0,20.0,65.0,0,100.0,100.0,100.0,34.0,138.0
508.0,38.81,33.81,14.78,7.09,0.36,2.49,127.0,1.24,54.22,31.18,0.47,2.63,0.35,270.0,1.84,95.38,0.0,0.26,0.61,0.16,45.0,10.0,314.0,0.0,905.0,87.0,0.5,0.1,0.0,2.0,20.0,65.0,0,100.0,100.0,100.0,34.0,151.0
200.0,38.45,34.28,20.68,7.58,0.84,0.75,160.0,1.23,58.7,29.4,0.87,5.3,0.43,40.0,0.35,93.57,0.87,0.81,0.74,0.17,72.0,12.0,108.0,1152.0,768.0,170.0,0.45,0.3,1.4,1.5,23.0,60.0,0,150.0,150.0,150.0,48.0,52.8
200.0,38.45,34.28,20.68,7.58,0.84,0.75,160.0,1.23,58.7,29.4,0.87,5.3,0.43,40.0,0.35,93.57,0.87,0.81,0.74,0.17,60.0,12.0,120.0,1152.0,768.0,170.0,0.45,0.3,1.4,2.0,23.0,60.0,0,150.0,150.0,150.0,55.0,60.5
200.0,38.45,34.28,20.68,7.58,0.84,0.75,160.0,1.23,58.7,29.4,0.87,5.3,0.43,40.0,0.35,93.57,0.87,0.81,0.74,0.17,51.4,12.0,128.6,1152.0,768.0,170.0,0.45,0.3,1.4,2.5,23.0,60.0,0,150.0,150.0,150.0,68.0,74.12
250.0,38.45,34.28,20.68,7.58,0.84,0.75,200.0,1.23,58.7,29.4,0.87,5.3,0.43,50.0,0.35,93.57,0.87,0.81,0.74,0.17,75.0,12.0,150.0,1065.0,710.0,170.0,0.45,0.3,1.7,2.0,23.0,60.0,0,150.0,150.0,150.0,63.0,66.0
250.0,38.45,34.28,20.68,7.58,0.84,0.75,200.0,1.23,58.7,29.4,0.87,5.3,0.43,50.0,0.35,93.57,0.87,0.81,0.74,0.17,64.3,12.0,160.7,1065.0,710.0,170.0,0.45,0.3,1.7,2.5,23.0,60.0,0,150.0,150.0,150.0,70.0,70.4
300.0,38.45,34.28,20.68,7.58,0.84,0.75,240.0,1.23,58.7,29.4,0.87,5.3,0.43,60.0,0.35,93.57,0.87,0.81,0.74,0.17,77.1,12.0,192.9,978.0,652.0,170.0,0.45,0.3,2.0,2.5,23.0,60.0,0,150.0,150.0,150.0,72.0,68.9
200.0,38.45,34.28,20.68,7.58,0.84,0.75,140.0,1.23,58.7,29.4,0.87,5.3,0.43,60.0,0.35,93.57,0.87,0.81,0.74,0.17,51.4,12.0,128.6,1152.0,768.0,170.0,0.45,0.3,1.4,2.5,23.0,60.0,0,150.0,150.0,150.0,60.0,66.7
250.0,38.45,34.28,20.68,7.58,0.84,0.75,175.0,1.23,58.7,29.4,0.87,5.3,0.43,75.0,0.35,93.57,0.87,0.81,0.74,0.17,64.3,12.0,160.7,1065.0,710.0,170.0,0.45,0.3,1.7,2.5,23.0,60.0,0,150.0,150.0,150.0,66.0,69.0
200.0,38.45,34.28,20.68,7.58,0.84,0.75,120.0,1.23,58.7,29.4,0.87,5.3,0.43,80.0,0.35,93.57,0.87,0.81,0.74,0.17,51.4,12.0,128.6,1152.0,768.0,170.0,0.45,0.3,1.4,2.5,23.0,60.0,0,150.0,150.0,150.0,54.0,58.7
200.0,38.45,34.28,20.68,7.58,0.84,0.75,180.0,1.23,58.7,29.4,0.87,5.3,0.43,20.0,0.35,93.57,0.87,0.81,0.74,0.17,51.4,12.0,128.6,1152.0,768.0,170.0,0.45,0.3,1.4,2.5,23.0,60.0,0,150.0,150.0,150.0,50.0,54.9
0.0,32.7,34.07,20.1,7.88,0.81,0.91,300.0,4.01,60.1,26.54,1.26,4.24,0.36,0.0,0.0,0.0,0.0,0.0,0.0,0.0,56.0,10.0,180.0,1111.0,909.0,119.50999999999999,0.6,0.3,0.0,2.92,27.0,70.0,0,100.0,100.0,100.0,5.97,13.4
0.0,32.7,34.07,20.1,7.88,0.81,0.91,400.0,4.01,60.1,26.54,1.26,4.24,0.36,0.0,0.0,0.0,0.0,0.0,0.0,0.0,74.0,10.0,195.0,1102.7,902.25,119.50999999999999,0.65,0.3,0.0,2.92,27.0,70.0,0,100.0,100.0,100.0,5.45,12.9
0.0,32.7,34.07,20.1,7.88,0.81,0.91,500.0,4.01,60.1,26.54,1.26,4.24,0.36,0.0,0.0,0.0,0.0,0.0,0.0,0.0,93.0,10.0,210.0,1094.5,895.5,119.50999999999999,0.7,0.3,0.0,2.92,27.0,70.0,0,100.0,100.0,100.0,5.75,13.2
150.0,32.7,34.07,20.1,7.88,0.81,0.91,150.0,4.01,60.1,26.54,1.26,4.24,0.36,0.0,0.0,0.0,0.0,0.0,0.0,0.0,62.0,10.0,240.0,1023.0,837.0,119.50999999999999,0.6,0.3,0.0,2.92,27.0,70.0,0,100.0,100.0,100.0,30.9,42.8
200.0,32.7,34.07,20.1,7.88,0.81,0.91,200.0,4.01,60.1,26.54,1.26,4.24,0.36,0.0,0.0,0.0,0.0,0.0,0.0,0.0,124.0,10.0,260.0,1012.0,828.0,119.50999999999999,0.65,0.3,0.0,2.92,27.0,70.0,0,100.0,100.0,100.0,30.1,42.1
250.0,32.7,34.07,20.1,7.88,0.81,0.91,250.0,4.01,60.1,26.54,1.26,4.24,0.36,0.0,0.0,0.0,0.0,0.0,0.0,0.0,93.0,10.0,280.0,1001.0,819.0,119.50999999999999,0.7,0.3,0.0,2.92,27.0,70.0,0,100.0,100.0,100.0,27.9,40.2
300.0,32.7,34.07,20.1,7.88,0.81,0.91,0.0,4.01,60.1,26.54,1.26,4.24,0.36,0.0,0.0,0.0,0.0,0.0,0.0,0.0,93.0,10.0,300.0,935.0,765.0,119.50999999999999,0.6,0.3,0.0,2.92,27.0,70.0,0,100.0,100.0,100.0,70.6,76.5
400.0,32.7,34.07,20.1,7.88,0.81,0.91,0.0,4.01,60.1,26.54,1.26,4.24,0.36,0.0,0.0,0.0,0.0,0.0,0.0,0.0,74.0,10.0,325.0,921.2,753.75,119.50999999999999,0.65,0.3,0.0,2.92,27.0,70.0,0,100.0,100.0,100.0,67.9,75.3
500.0,32.7,34.07,20.1,7.88,0.81,0.91,0.0,4.01,60.1,26.54,1.26,4.24,0.36,0.0,0.0,0.0,0.0,0.0,0.0,0.0,74.0,10.0,350.0,907.5,742.5,119.50999999999999,0.7,0.3,0.0,2.92,27.0,70.0,0,100.0,100.0,100.0,69.7,76.2
0.0,55.25,21.58,14.88,2.63,1.78,0.46,360.0,2.09,55.0,26.0,0.8,10.17,0.3,0.0,0.23,96.2,0.09,0.37,0.63,0.16,172.8,3.5,43.2,973.9,760.0,119.50999999999999,0.6,0.3,0.0,2.0,25.0,65.0,0,100.0,100.0,100.0,6.84,9.42
36.0,55.25,21.58,14.88,2.63,1.78,0.46,324.0,2.09,55.0,26.0,0.8,10.17,0.3,0.0,0.23,96.2,0.09,0.37,0.63,0.16,172.8,3.5,43.2,979.7,764.7,119.50999999999999,0.6,0.3,0.0,2.0,25.0,65.0,0,100.0,100.0,100.0,10.5,14.0
72.0,55.25,21.58,14.88,2.63,1.78,0.46,288.0,2.09,55.0,26.0,0.8,10.17,0.3,0.0,0.23,96.2,0.09,0.37,0.63,0.16,172.8,3.5,43.2,985.5,769.4,119.50999999999999,0.6,0.3,0.0,2.0,25.0,65.0,0,100.0,100.0,100.0,15.5,20.0
108.0,55.25,21.58,14.88,2.63,1.78,0.46,252.0,2.09,55.0,26.0,0.8,10.17,0.3,0.0,0.23,96.2,0.09,0.37,0.63,0.16,172.8,3.5,43.2,991.3,774.1,119.50999999999999,0.6,0.3,0.0,2.0,25.0,65.0,0,100.0,100.0,100.0,22.0,30.0
0.0,55.25,21.58,14.88,2.63,1.78,0.46,460.0,2.09,55.0,26.0,0.8,10.17,0.3,0.0,0.23,96.2,0.09,0.37,0.63,0.16,129.72,5.0,86.48,925.5,722.4,119.50999999999999,0.47,0.3,0.0,2.0,25.0,65.0,0,100.0,100.0,100.0,9.0,11.46
46.0,55.25,21.58,14.88,2.63,1.78,0.46,414.0,2.09,55.0,26.0,0.8,10.17,0.3,0.0,0.23,96.2,0.09,0.37,0.63,0.16,129.72,5.0,86.48,932.7,728.1,119.50999999999999,0.47,0.3,0.0,2.0,25.0,65.0,0,100.0,100.0,100.0,17.0,26.0
92.0,55.25,21.58,14.88,2.63,1.78,0.46,368.0,2.09,55.0,26.0,0.8,10.17,0.3,0.0,0.23,96.2,0.09,0.37,0.63,0.16,129.72,5.0,86.48,939.9,733.8,119.50999999999999,0.47,0.3,0.0,2.0,25.0,65.0,0,100.0,100.0,100.0,25.0,38.0
138.0,55.25,21.58,14.88,2.63,1.78,0.46,322.0,2.09,55.0,26.0,0.8,10.17,0.3,0.0,0.23,96.2,0.09,0.37,0.63,0.16,129.72,5.0,86.48,947.1,739.5,119.50999999999999,0.47,0.3,0.0,2.0,25.0,65.0,0,100.0,100.0,100.0,35.0,52.0
0.0,55.25,21.58,14.88,2.63,1.78,0.46,437.0,2.09,55.0,26.0,0.8,10.17,0.3,23.0,0.23,96.2,0.09,0.37,0.63,0.16,135.24,5.0,90.16,925.5,722.4,119.50999999999999,0.49,0.3,0.0,2.0,25.0,65.0,0,100.0,100.0,100.0,12.0,16.32
46.0,55.25,21.58,14.88,2.63,1.78,0.46,391.0,2.09,55.0,26.0,0.8,10.17,0.3,23.0,0.23,96.2,0.09,0.37,0.63,0.16,135.24,5.0,90.16,932.7,728.1,119.50999999999999,0.49,0.3,0.0,2.0,25.0,65.0,0,100.0,100.0,100.0,28.0,40.0
92.0,55.25,21.58,14.88,2.63,1.78,0.46,345.0,2.09,55.0,26.0,0.8,10.17,0.3,23.0,0.23,96.2,0.09,0.37,0.63,0.16,135.24,5.0,90.16,939.9,733.8,119.50999999999999,0.49,0.3,0.0,2.0,25.0,65.0,0,100.0,100.0,100.0,40.0,60.0
138.0,55.25,21.58,14.88,2.63,1.78,0.46,299.0,2.09,55.0,26.0,0.8,10.17,0.3,23.0,0.23,96.2,0.09,0.37,0.63,0.16,135.24,5.0,90.16,947.1,739.5,119.50999999999999,0.49,0.3,0.0,2.0,25.0,65.0,0,100.0,100.0,100.0,52.0,78.0
122.37,37.63,34.81,17.92,7.8,0.66,0.2,200.0,1.38,61.42,24.84,3.62,6.69,0.41,0.0,0.0,0.0,0.0,0.0,0.0,0.0,20.79,12.0,86.4,1264.0,571.0,48.95,0.35,0.12,1.0,2.2,25.0,55.0,0,150.0,150.0,150.0,31.45,41.04
122.37,37.63,34.81,17.92,7.8,0.66,0.2,200.0,1.38,61.42,24.84,3.62,6.69,0.41,0.0,0.0,0.0,0.0,0.0,0.0,0.0,17.32,12.0,96.0,1264.0,571.0,48.95,0.35,0.12,1.0,2.2,25.0,55.0,0,150.0,150.0,150.0,35.38,44.3
122.37,37.63,34.81,17.92,7.8,0.66,0.2,200.0,1.38,61.42,24.84,3.62,6.69,0.41,0.0,0.0,0.0,0.0,0.0,0.0,0.0,14.85,12.0,102.86,1264.0,571.0,48.95,0.35,0.12,1.0,2.2,25.0,55.0,0,150.0,150.0,150.0,36.45,47.85
122.37,37.63,34.81,17.92,7.8,0.66,0.2,200.0,1.38,61.42,24.84,3.62,6.69,0.41,0.0,0.0,0.0,0.0,0.0,0.0,0.0,23.29,14.0,86.4,1264.0,571.0,48.95,0.35,0.12,1.0,2.2,25.0,55.0,0,150.0,150.0,150.0,28.85,39.7
122.37,37.63,34.81,17.92,7.8,0.66,0.2,200.0,1.38,61.42,24.84,3.62,6.69,0.41,0.0,0.0,0.0,0.0,0.0,0.0,0.0,19.41,14.0,96.0,1264.0,571.0,48.95,0.35,0.12,1.0,2.2,25.0,55.0,0,150.0,150.0,150.0,31.0,42.81
122.37,37.63,34.81,17.92,7.8,0.66,0.2,200.0,1.38,61.42,24.84,3.62,6.69,0.41,0.0,0.0,0.0,0.0,0.0,0.0,0.0,16.63,14.0,102.86,1264.0,571.0,48.95,0.35,0.12,1.0,2.2,25.0,55.0,0,150.0,150.0,150.0,34.46,46.07
40.0,37.6,36.77,13.56,7.45,0.41,1.82,360.0,3.65,53.24,26.42,9.55,1.65,0.56,0.0,0.0,0.0,0.0,0.0,0.0,0.0,53.0,10.0,107.0,1197.0,644.0,119.50999999999999,0.4,0.3,1.0,2.0,20.0,60.0,0,100.0,100.0,100.0,12.0,21.9
60.0,37.6,36.77,13.56,7.45,0.41,1.82,340.0,3.65,53.24,26.42,9.55,1.65,0.56,0.0,0.0,0.0,0.0,0.0,0.0,0.0,53.0,10.0,107.0,1200.0,646.0,119.50999999999999,0.4,0.3,1.0,2.0,20.0,60.0,0,100.0,100.0,100.0,17.0,31.0
80.0,37.6,36.77,13.56,7.45,0.41,1.82,320.0,3.65,53.24,26.42,9.55,1.65,0.56,0.0,0.0,0.0,0.0,0.0,0.0,0.0,53.0,10.0,107.0,1203.0,648.0,119.50999999999999,0.4,0.3,1.0,2.0,20.0,60.0,0,100.0,100.0,100.0,28.0,43.0
100.0,37.6,36.77,13.56,7.45,0.41,1.82,300.0,3.65,53.24,26.42,9.55,1.65,0.56,0.0,0.0,0.0,0.0,0.0,0.0,0.0,53.0,10.0,107.0,1207.0,650.0,119.50999999999999,0.4,0.3,1.0,2.0,20.0,60.0,0,100.0,100.0,100.0,32.0,50.0
120.0,37.6,36.77,13.56,7.45,0.41,1.82,280.0,3.65,53.24,26.42,9.55,1.65,0.56,0.0,0.0,0.0,0.0,0.0,0.0,0.0,53.0,10.0,107.0,1200.0,652.0,119.50999999999999,0.4,0.3,1.0,2.0,20.0,60.0,0,100.0,100.0,100.0,36.0,56.4
60.0,37.6,36.77,13.56,7.45,0.41,1.82,340.0,3.65,53.24,26.42,9.55,1.65,0.56,0.0,0.0,0.0,0.0,0.0,0.0,0.0,53.0,12.0,107.0,1207.0,646.0,119.50999999999999,0.4,0.3,1.0,2.0,20.0,60.0,0,100.0,100.0,100.0,20.0,38.0
80.0,37.6,36.77,13.56,7.45,0.41,1.82,320.0,3.65,53.24,26.42,9.55,1.65,0.56,0.0,0.0,0.0,0.0,0.0,0.0,0.0,53.0,12.0,107.0,1222.0,648.0,119.50999999999999,0.4,0.3,1.0,2.0,20.0,60.0,0,100.0,100.0,100.0,30.0,40.0
100.0,37.6,36.77,13.56,7.45,0.41,1.82,300.0,3.65,53.24,26.42,9.55,1.65,0.56,0.0,0.0,0.0,0.0,0.0,0.0,0.0,53.0,12.0,107.0,1207.0,658.0,119.50999999999999,0.4,0.3,1.0,2.0,20.0,60.0,0,100.0,100.0,100.0,40.0,58.0
60.0,37.6,36.77,13.56,7.45,0.41,1.82,340.0,3.65,53.24,26.42,9.55,1.65,0.56,0.0,0.0,0.0,0.0,0.0,0.0,0.0,47.0,10.0,93.0,1209.0,651.0,119.50999999999999,0.35,0.3,1.0,2.0,20.0,60.0,0,100.0,100.0,100.0,18.0,33.0
80.0,37.6,36.77,13.56,7.45,0.41,1.82,320.0,3.65,53.24,26.42,9.55,1.65,0.56,0.0,0.0,0.0,0.0,0.0,0.0,0.0,47.0,10.0,93.0,1227.0,661.0,119.50999999999999,0.35,0.3,1.0,2.0,20.0,60.0,0,100.0,100.0,100.0,28.0,42.0
100.0,37.6,36.77,13.56,7.45,0.41,1.82,300.0,3.65,53.24,26.42,9.55,1.65,0.56,0.0,0.0,0.0,0.0,0.0,0.0,0.0,47.0,10.0,93.0,1246.0,671.0,119.50999999999999,0.35,0.3,1.0,2.0,20.0,60.0,0,100.0,100.0,100.0,35.0,49.0
60.0,37.6,36.77,13.56,7.45,0.41,1.82,340.0,3.65,53.24,26.42,9.55,1.65,0.56,0.0,0.0,0.0,0.0,0.0,0.0,0.0,64.0,10.0,96.0,1184.0,637.0,119.50999999999999,0.4,0.3,1.0,2.0,20.0,60.0,0,100.0,100.0,100.0,19.0,34.0
100.0,37.6,36.77,13.56,7.45,0.41,1.82,300.0,3.65,53.24,26.42,9.55,1.65,0.56,0.0,0.0,0.0,0.0,0.0,0.0,0.0,46.0,10.0,114.0,1223.0,659.0,119.50999999999999,0.4,0.3,1.0,2.0,20.0,60.0,0,100.0,100.0,100.0,36.0,46.0
311.0,38.81,33.81,14.78,7.09,0.36,2.49,0.0,1.24,54.22,31.18,0.47,2.36,0.35,0.0,0.0,0.0,0.0,0.0,0.0,0.0,6.81,10.0,10.4,1163.0,744.0,155.5,0.6,0.5,0.0,0.5,20.0,55.0,0,100.0,100.0,100.0,34.0,2.64
281.0,38.81,33.81,14.78,7.09,0.36,2.49,50.0,1.24,54.22,31.18,0.47,2.36,0.35,0.0,0.0,0.0,0.0,0.0,0.0,0.0,8.9,10.0,33.11,1132.0,723.0,144.47,0.6,0.5,0.0,0.5,20.0,55.0,0,100.0,100.0,100.0,34.0,7.52
244.0,38.81,33.81,14.78,7.09,0.36,2.49,105.0,1.24,54.22,31.18,0.47,2.36,0.35,0.0,0.0,0.0,0.0,0.0,0.0,0.0,9.83,10.0,70.07,1099.0,703.0,131.16,0.6,0.5,0.0,0.5,20.0,55.0,0,100.0,100.0,100.0,34.0,61.35
202.0,38.81,33.81,14.78,7.09,0.36,2.49,165.0,1.24,54.22,31.18,0.47,2.36,0.35,0.0,0.0,0.0,0.0,0.0,0.0,0.0,9.35,10.0,122.96,1067.0,682.0,107.61,0.6,0.5,0.0,0.5,20.0,55.0,0,100.0,100.0,100.0,34.0,68.54
400.0,38.81,33.81,14.78,7.09,0.36,2.49,0.0,1.24,54.22,31.18,0.47,2.36,0.35,0.0,0.0,0.0,0.0,0.0,0.0,0.0,8.45,10.0,60.19,1067.0,682.0,142.68,0.6,0.45,0.0,1.0,20.0,55.0,0,100.0,100.0,100.0,34.0,47.26
317.0,38.81,33.81,14.78,7.09,0.36,2.49,56.0,1.24,54.22,31.18,0.47,2.36,0.35,0.0,0.0,0.0,0.0,0.0,0.0,0.0,3.79,10.0,49.88,1099.0,703.0,136.88,0.6,0.45,0.0,1.0,20.0,55.0,0,100.0,100.0,100.0,34.0,10.45
242.0,38.81,33.81,14.78,7.09,0.36,2.49,104.0,1.24,54.22,31.18,0.47,2.36,0.35,0.0,0.0,0.0,0.0,0.0,0.0,0.0,18.96,10.0,28.95,1132.0,723.0,137.87,0.6,0.45,0.0,1.0,20.0,55.0,0,100.0,100.0,100.0,34.0,76.35
176.0,38.81,33.81,14.78,7.09,0.36,2.49,144.0,1.24,54.22,31.18,0.47,2.36,0.35,0.0,0.0,0.0,0.0,0.0,0.0,0.0,11.52,10.0,42.83,1163.0,744.0,117.52,0.6,0.45,0.0,1.0,20.0,55.0,0,100.0,100.0,100.0,34.0,70.56
375.0,38.81,33.81,14.78,7.09,0.36,2.49,0.0,1.24,54.22,31.18,0.47,2.36,0.35,0.0,0.0,0.0,0.0,0.0,0.0,0.0,7.62,10.0,100.32,1132.0,723.0,87.8,0.6,0.4,0.0,1.5,20.0,55.0,0,100.0,100.0,100.0,34.0,86.24
294.0,38.81,33.81,14.78,7.09,0.36,2.49,52.0,1.24,54.22,31.18,0.47,2.36,0.35,0.0,0.0,0.0,0.0,0.0,0.0,0.0,12.19,10.0,86.9,1163.0,744.0,84.71,0.6,0.4,0.0,1.5,20.0,55.0,0,100.0,100.0,100.0,34.0,89.52
292.0,38.81,33.81,14.78,7.09,0.36,2.49,125.0,1.24,54.22,31.18,0.47,2.36,0.35,0.0,0.0,0.0,0.0,0.0,0.0,0.0,7.49,10.0,27.86,1067.0,682.0,149.32,0.6,0.4,0.0,1.5,20.0,55.0,0,100.0,100.0,100.0,34.0,16.58
213.0,38.81,33.81,14.78,7.09,0.36,2.49,175.0,1.24,54.22,31.18,0.47,2.36,0.35,0.0,0.0,0.0,0.0,0.0,0.0,0.0,12.75,10.0,19.47,1099.0,703.0,143.17,0.6,0.4,0.0,1.5,20.0,55.0,0,100.0,100.0,100.0,34.0,53.68
427.0,38.81,33.81,14.78,7.09,0.36,2.49,0.0,1.24,54.22,31.18,0.47,2.36,0.35,0.0,0.0,0.0,0.0,0.0,0.0,0.0,19.19,10.0,71.34,1099.0,703.0,105.1,0.6,0.35,0.0,2.0,20.0,55.0,0,100.0,100.0,100.0,34.0,96.58
381.0,38.81,33.81,14.78,7.09,0.36,2.49,67.0,1.24,54.22,31.18,0.47,2.36,0.35,0.0,0.0,0.0,0.0,0.0,0.0,0.0,19.64,10.0,29.99,1067.0,682.0,138.36,0.6,0.35,0.0,2.0,20.0,55.0,0,100.0,100.0,100.0,34.0,92.24
256.0,38.81,33.81,14.78,7.09,0.36,2.49,110.0,1.24,54.22,31.18,0.47,2.36,0.35,0.0,0.0,0.0,0.0,0.0,0.0,0.0,5.57,10.0,78.31,1163.0,744.0,82.42,0.6,0.35,0.0,2.0,20.0,55.0,0,100.0,100.0,100.0,34.0,62.54
213.0,38.81,33.81,14.78,7.09,0.36,2.49,174.0,1.24,54.22,31.18,0.47,2.36,0.35,0.0,0.0,0.0,0.0,0.0,0.0,0.0,5.45,10.0,38.36,1132.0,723.0,111.47,0.6,0.35,0.0,2.0,20.0,55.0,0,100.0,100.0,100.0,34.0,35.64
208.0,38.81,33.81,14.78,7.09,0.36,2.49,139.0,1.24,54.22,31.18,0.47,2.36,0.35,0.0,0.0,0.0,0.0,0.0,0.0,0.0,4.77,10.0,70.72,1099.0,702.78,129.72,0.6,0.5,0.0,0.5,20.0,55.0,0,100.0,100.0,100.0,34.0,3.36
208.0,38.81,33.81,14.78,7.09,0.36,2.49,139.0,1.24,54.22,31.18,0.47,2.36,0.35,0.0,0.0,0.0,0.0,0.0,0.0,0.0,3.18,10.0,47.15,1067.0,703.0,144.34,0.6,0.5,0.0,0.5,20.0,55.0,0,100.0,100.0,100.0,34.0,1.25
208.0,38.81,33.81,14.78,7.09,0.36,2.49,139.0,1.24,54.22,31.18,0.47,2.36,0.35,0.0,0.0,0.0,0.0,0.0,0.0,0.0,4.77,10.0,70.72,1067.0,702.78,129.72,0.6,0.5,0.0,0.5,20.0,55.0,0,100.0,100.0,100.0,34.0,7.82
275.0,38.81,33.81,14.78,7.09,0.36,2.49,118.0,1.24,54.22,31.18,0.47,2.36,0.35,0.0,0.0,0.0,0.0,0.0,0.0,0.0,7.19,10.0,106.61,1099.0,682.11,110.5,0.6,0.5,0.0,0.5,20.0,55.0,0,100.0,100.0,100.0,34.0,51.35
275.0,38.81,33.81,14.78,7.09,0.36,2.49,118.0,1.24,54.22,31.18,0.47,2.36,0.35,0.0,0.0,0.0,0.0,0.0,0.0,0.0,4.49,10.0,66.63,1132.0,682.0,135.29,0.6,0.45,0.0,1.0,20.0,55.0,0,100.0,100.0,100.0,34.0,48.65
275.0,38.81,33.81,14.78,7.09,0.36,2.49,118.0,1.24,54.22,31.18,0.47,2.36,0.35,0.0,0.0,0.0,0.0,0.0,0.0,0.0,7.19,10.0,106.61,1163.0,682.11,110.5,0.6,0.45,0.0,1.0,20.0,55.0,0,100.0,100.0,100.0,34.0,72.68
355.0,38.81,33.81,14.78,7.09,0.36,2.49,89.0,1.24,54.22,31.18,0.47,2.36,0.35,0.0,0.0,0.0,0.0,0.0,0.0,0.0,8.13,10.0,120.6,1132.0,661.44,102.81,0.6,0.45,0.0,1.0,20.0,55.0,0,100.0,100.0,100.0,34.0,89.98
355.0,38.81,33.81,14.78,7.09,0.36,2.49,89.0,1.24,54.22,31.18,0.47,2.36,0.35,0.0,0.0,0.0,0.0,0.0,0.0,0.0,3.1,10.0,90.45,1163.0,661.0,121.5,0.6,0.45,0.0,1.0,20.0,55.0,0,100.0,100.0,100.0,34.0,83.26
355.0,38.81,33.81,14.78,7.09,0.36,2.49,89.0,1.24,54.22,31.18,0.47,2.36,0.35,0.0,0.0,0.0,0.0,0.0,0.0,0.0,10.16,10.0,150.75,1067.0,661.44,84.12,0.6,0.4,0.0,1.5,20.0,55.0,0,100.0,100.0,100.0,34.0,27.25
355.0,38.81,33.81,14.78,7.09,0.36,2.49,89.0,1.24,54.22,31.18,0.47,2.36,0.35,0.0,0.0,0.0,0.0,0.0,0.0,0.0,8.13,10.0,120.6,1099.0,661.44,102.81,0.6,0.4,0.0,1.5,20.0,55.0,0,100.0,100.0,100.0,34.0,95.21
275.0,38.81,33.81,14.78,7.09,0.36,2.49,118.0,1.24,54.22,31.18,0.47,2.36,0.35,0.0,0.0,0.0,0.0,0.0,0.0,0.0,7.19,10.0,106.61,1099.0,661.44,130.12,0.6,0.4,0.0,1.5,20.0,55.0,0,100.0,100.0,100.0,34.0,73.48
275.0,38.81,33.81,14.78,7.09,0.36,2.49,118.0,1.24,54.22,31.18,0.47,2.36,0.35,0.0,0.0,0.0,0.0,0.0,0.0,0.0,7.19,10.0,106.61,1067.0,682.11,90.88,0.6,0.4,0.0,1.5,20.0,55.0,0,100.0,100.0,100.0,34.0,83.31
275.0,38.81,33.81,14.78,7.09,0.36,2.49,118.0,1.24,54.22,31.18,0.47,2.36,0.35,0.0,0.0,0.0,0.0,0.0,0.0,0.0,10.45,10.0,79.95,1163.0,682.11,127.03,0.6,0.35,0.0,2.0,20.0,55.0,0,100.0,100.0,100.0,34.0,85.62
275.0,38.81,33.81,14.78,7.09,0.36,2.49,118.0,1.24,54.22,31.18,0.47,2.36,0.35,0.0,0.0,0.0,0.0,0.0,0.0,0.0,13.72,10.0,53.3,1132.0,682.11,143.55,0.6,0.35,0.0,2.0,20.0,55.0,0,100.0,100.0,100.0,34.0,67.51
311.0,38.81,33.81,14.78,7.09,0.36,2.49,0.0,1.24,54.22,31.18,0.47,2.36,0.35,0.0,0.0,0.0,0.0,0.0,0.0,0.0,6.81,10.0,10.4,1163.0,744.0,155.5,0.6,0.5,0.0,0.5,20.0,80.0,1,100.0,100.0,100.0,34.0,3.24
281.0,38.81,33.81,14.78,7.09,0.36,2.49,50.0,1.24,54.22,31.18,0.47,2.36,0.35,0.0,0.0,0.0,0.0,0.0,0.0,0.0,8.9,10.0,33.11,1132.0,723.0,144.47,0.6,0.5,0.0,0.5,20.0,80.0,1,100.0,100.0,100.0,34.0,5.36
244.0,38.81,33.81,14.78,7.09,0.36,2.49,105.0,1.24,54.22,31.18,0.47,2.36,0.35,0.0,0.0,0.0,0.0,0.0,0.0,0.0,9.83,10.0,70.07,1099.0,703.0,131.16,0.6,0.5,0.0,0.5,20.0,80.0,1,100.0,100.0,100.0,34.0,75.24
202.0,38.81,33.81,14.78,7.09,0.36,2.49,165.0,1.24,54.22,31.18,0.47,2.36,0.35,0.0,0.0,0.0,0.0,0.0,0.0,0.0,9.35,10.0,122.96,1067.0,682.0,107.61,0.6,0.5,0.0,0.5,20.0,80.0,1,100.0,100.0,100.0,34.0,80.51
400.0,38.81,33.81,14.78,7.09,0.36,2.49,0.0,1.24,54.22,31.18,0.47,2.36,0.35,0.0,0.0,0.0,0.0,0.0,0.0,0.0,8.45,10.0,60.19,1067.0,682.0,142.68,0.6,0.45,0.0,1.0,20.0,80.0,1,100.0,100.0,100.0,34.0,62.35
317.0,38.81,33.81,14.78,7.09,0.36,2.49,56.0,1.24,54.22,31.18,0.47,2.36,0.35,0.0,0.0,0.0,0.0,0.0,0.0,0.0,3.79,10.0,49.88,1099.0,703.0,136.88,0.6,0.45,0.0,1.0,20.0,80.0,1,100.0,100.0,100.0,34.0,5.24
242.0,38.81,33.81,14.78,7.09,0.36,2.49,104.0,1.24,54.22,31.18,0.47,2.36,0.35,0.0,0.0,0.0,0.0,0.0,0.0,0.0,18.96,10.0,28.95,1132.0,723.0,137.87,0.6,0.45,0.0,1.0,20.0,80.0,1,100.0,100.0,100.0,34.0,110.21
176.0,38.81,33.81,14.78,7.09,0.36,2.49,144.0,1.24,54.22,31.18,0.47,2.36,0.35,0.0,0.0,0.0,0.0,0.0,0.0,0.0,11.52,10.0,42.83,1163.0,744.0,117.52,0.6,0.45,0.0,1.0,20.0,80.0,1,100.0,100.0,100.0,34.0,86.21
375.0,38.81,33.81,14.78,7.09,0.36,2.49,0.0,1.24,54.22,31.18,0.47,2.36,0.35,0.0,0.0,0.0,0.0,0.0,0.0,0.0,7.62,10.0,100.32,1132.0,723.0,87.8,0.6,0.4,0.0,1.5,20.0,80.0,1,100.0,100.0,100.0,34.0,110.25
294.0,38.81,33.81,14.78,7.09,0.36,2.49,52.0,1.24,54.22,31.18,0.47,2.36,0.35,0.0,0.0,0.0,0.0,0.0,0.0,0.0,12.19,10.0,86.9,1163.0,744.0,84.71,0.6,0.4,0.0,1.5,20.0,80.0,1,100.0,100.0,100.0,34.0,108.24
292.0,38.81,33.81,14.78,7.09,0.36,2.49,125.0,1.24,54.22,31.18,0.47,2.36,0.35,0.0,0.0,0.0,0.0,0.0,0.0,0.0,7.49,10.0,27.86,1067.0,682.0,149.32,0.6,0.4,0.0,1.5,20.0,80.0,1,100.0,100.0,100.0,34.0,20.34
213.0,38.81,33.81,14.78,7.09,0.36,2.49,175.0,1.24,54.22,31.18,0.47,2.36,0.35,0.0,0.0,0.0,0.0,0.0,0.0,0.0,12.75,10.0,19.47,1099.0,703.0,143.17,0.6,0.4,0.0,1.5,20.0,80.0,1,100.0,100.0,100.0,34.0,68.35
427.0,38.81,33.81,14.78,7.09,0.36,2.49,0.0,1.24,54.22,31.18,0.47,2.36,0.35,0.0,0.0,0.0,0.0,0.0,0.0,0.0,19.19,10.0,71.34,1099.0,703.0,105.1,0.6,0.35,0.0,2.0,20.0,80.0,1,100.0,100.0,100.0,34.0,120.35
381.0,38.81,33.81,14.78,7.09,0.36,2.49,67.0,1.24,54.22,31.18,0.47,2.36,0.35,0.0,0.0,0.0,0.0,0.0,0.0,0.0,19.64,10.0,29.99,1067.0,682.0,138.36,0.6,0.35,0.0,2.0,20.0,80.0,1,100.0,100.0,100.0,34.0,110.35
256.0,38.81,33.81,14.78,7.09,0.36,2.49,110.0,1.24,54.22,31.18,0.47,2.36,0.35,0.0,0.0,0.0,0.0,0.0,0.0,0.0,5.57,10.0,78.31,1163.0,744.0,82.42,0.6,0.35,0.0,2.0,20.0,80.0,1,100.0,100.0,100.0,34.0,79.25
213.0,38.81,33.81,14.78,7.09,0.36,2.49,174.0,1.24,54.22,31.18,0.47,2.36,0.35,0.0,0.0,0.0,0.0,0.0,0.0,0.0,5.45,10.0,38.36,1132.0,723.0,111.47,0.6,0.35,0.0,2.0,20.0,80.0,1,100.0,100.0,100.0,34.0,45.24
208.0,38.81,33.81,14.78,7.09,0.36,2.49,139.0,1.24,54.22,31.18,0.47,2.36,0.35,0.0,0.0,0.0,0.0,0.0,0.0,0.0,4.77,10.0,70.72,1099.0,702.78,129.72,0.6,0.5,0.0,0.5,20.0,80.0,1,100.0,100.0,100.0,34.0,6.35
208.0,38.81,33.81,14.78,7.09,0.36,2.49,139.0,1.24,54.22,31.18,0.47,2.36,0.35,0.0,0.0,0.0,0.0,0.0,0.0,0.0,3.18,10.0,47.15,1067.0,703.0,144.34,0.6,0.5,0.0,0.5,20.0,80.0,1,100.0,100.0,100.0,34.0,5.24
208.0,38.81,33.81,14.78,7.09,0.36,2.49,139.0,1.24,54.22,31.18,0.47,2.36,0.35,0.0,0.0,0.0,0.0,0.0,0.0,0.0,4.77,10.0,70.72,1067.0,702.78,129.72,0.6,0.5,0.0,0.5,20.0,80.0,1,100.0,100.0,100.0,34.0,5.0
275.0,38.81,33.81,14.78,7.09,0.36,2.49,118.0,1.24,54.22,31.18,0.47,2.36,0.35,0.0,0.0,0.0,0.0,0.0,0.0,0.0,7.19,10.0,106.61,1099.0,682.11,110.5,0.6,0.5,0.0,0.5,20.0,80.0,1,100.0,100.0,100.0,34.0,66.81
275.0,38.81,33.81,14.78,7.09,0.36,2.49,118.0,1.24,54.22,31.18,0.47,2.36,0.35,0.0,0.0,0.0,0.0,0.0,0.0,0.0,4.49,10.0,66.63,1132.0,682.0,135.29,0.6,0.45,0.0,1.0,20.0,80.0,1,100.0,100.0,100.0,34.0,70.44
275.0,38.81,33.81,14.78,7.09,0.36,2.49,118.0,1.24,54.22,31.18,0.47,2.36,0.35,0.0,0.0,0.0,0.0,0.0,0.0,0.0,7.19,10.0,106.61,1163.0,682.11,110.5,0.6,0.45,0.0,1.0,20.0,80.0,1,100.0,100.0,100.0,34.0,84.24
355.0,38.81,33.81,14.78,7.09,0.36,2.49,89.0,1.24,54.22,31.18,0.47,2.36,0.35,0.0,0.0,0.0,0.0,0.0,0.0,0.0,8.13,10.0,120.6,1132.0,661.44,102.81,0.6,0.45,0.0,1.0,20.0,80.0,1,100.0,100.0,100.0,34.0,106.52
355.0,38.81,33.81,14.78,7.09,0.36,2.49,89.0,1.24,54.22,31.18,0.47,2.36,0.35,0.0,0.0,0.0,0.0,0.0,0.0,0.0,3.1,10.0,90.45,1163.0,661.0,121.5,0.6,0.45,0.0,1.0,20.0,80.0,1,100.0,100.0,100.0,34.0,103.24
355.0,38.81,33.81,14.78,7.09,0.36,2.49,89.0,1.24,54.22,31.18,0.47,2.36,0.35,0.0,0.0,0.0,0.0,0.0,0.0,0.0,10.16,10.0,150.75,1067.0,661.44,84.12,0.6,0.4,0.0,1.5,20.0,80.0,1,100.0,100.0,100.0,34.0,107.1
355.0,38.81,33.81,14.78,7.09,0.36,2.49,89.0,1.24,54.22,31.18,0.47,2.36,0.35,0.0,0.0,0.0,0.0,0.0,0.0,0.0,8.13,10.0,120.6,1099.0,661.44,102.81,0.6,0.4,0.0,1.5,20.0,80.0,1,100.0,100.0,100.0,34.0,112.4
275.0,38.81,33.81,14.78,7.09,0.36,2.49,118.0,1.24,54.22,31.18,0.47,2.36,0.35,0.0,0.0,0.0,0.0,0.0,0.0,0.0,7.19,10.0,106.61,1099.0,661.44,130.12,0.6,0.4,0.0,1.5,20.0,80.0,1,100.0,100.0,100.0,34.0,98.62
275.0,38.81,33.81,14.78,7.09,0.36,2.49,118.0,1.24,54.22,31.18,0.47,2.36,0.35,0.0,0.0,0.0,0.0,0.0,0.0,0.0,7.19,10.0,106.61,1067.0,682.11,90.88,0.6,0.4,0.0,1.5,20.0,80.0,1,100.0,100.0,100.0,34.0,107.25
275.0,38.81,33.81,14.78,7.09,0.36,2.49,118.0,1.24,54.22,31.18,0.47,2.36,0.35,0.0,0.0,0.0,0.0,0.0,0.0,0.0,10.45,10.0,79.95,1163.0,682.11,127.03,0.6,0.35,0.0,2.0,20.0,80.0,1,100.0,100.0,100.0,34.0,103.5
275.0,38.81,33.81,14.78,7.09,0.36,2.49,118.0,1.24,54.22,31.18,0.47,2.36,0.35,0.0,0.0,0.0,0.0,0.0,0.0,0.0,13.72,10.0,53.3,1132.0,682.11,143.55,0.6,0.35,0.0,2.0,20.0,80.0,1,100.0,100.0,100.0,34.0,78.2
88.0,56.1,21.0,17.0,7.09,0.62,0.77,293.0,2.6,46.0,33.0,0.63,10.5,0.35,0.0,0.0,0.0,0.0,0.0,0.0,0.0,143.3,6.0,71.7,1005.0,760.0,160.0,0.55,0.42,0.0,2.9,20.0,80.0,1,100.0,100.0,100.0,34.0,62.54
88.0,56.1,21.0,17.0,7.09,0.62,0.77,293.0,2.6,46.0,33.0,0.63,4.24,0.35,0.0,0.0,0.0,0.0,0.0,0.0,0.0,107.5,6.0,107.5,1005.0,760.0,152.4,0.55,0.4,0.0,2.9,20.0,60.0,0,100.0,100.0,100.0,10.4,37.4
88.0,56.1,21.0,17.0,7.09,0.62,0.77,293.0,2.6,46.0,33.0,0.63,4.24,0.35,0.0,0.0,0.0,0.0,0.0,0.0,0.0,143.3,4.0,71.7,1005.0,760.0,167.6,0.55,0.44,0.0,2.9,20.0,60.0,0,100.0,100.0,100.0,12.8,26.6
88.0,56.1,21.0,17.0,7.09,0.62,0.77,293.0,2.6,46.0,33.0,0.63,4.24,0.35,0.0,0.0,0.0,0.0,0.0,0.0,0.0,107.5,4.0,107.5,1005.0,760.0,160.0,0.55,0.42,0.0,2.9,20.0,60.0,0,100.0,100.0,100.0,12.9,29.9
88.0,56.1,21.0,17.0,7.09,0.62,0.77,344.0,2.6,46.0,33.0,0.63,4.24,0.35,0.0,0.0,0.0,0.0,0.0,0.0,0.0,143.3,4.0,107.5,1005.0,760.0,166.3,0.55,0.44,0.0,2.9,20.0,60.0,0,100.0,100.0,100.0,18.6,30.7
88.0,56.1,21.0,17.0,7.09,0.62,0.77,316.0,2.6,46.0,33.0,0.63,4.24,0.35,0.0,0.0,0.0,0.0,0.0,0.0,0.0,143.3,4.0,177.0,1005.0,760.0,166.8,0.55,0.44,0.0,2.9,20.0,60.0,0,100.0,100.0,100.0,7.6,15.5
250.0,37.56,33.68,21.7,7.82,0.72,0.3,250.0,1.4,60.32,27.68,0.62,4.8,0.37,0.0,0.45,92.68,0.68,0.71,0.92,0.11,72.0,10.0,177.0,1085.0,690.0,249.0,0.5,0.5,1.58,3.0,27.0,70.0,0,150.0,150.0,150.0,34.0,73.0
225.0,37.56,33.68,21.7,7.82,0.72,0.3,250.0,1.4,60.32,27.68,0.62,4.8,0.37,25.0,0.45,92.68,0.68,0.71,0.92,0.11,72.0,10.0,177.0,1085.0,690.0,249.0,0.5,0.5,1.58,3.0,27.0,70.0,0,150.0,150.0,150.0,34.0,77.0
200.0,37.56,33.68,21.7,7.82,0.72,0.3,250.0,1.4,60.32,27.68,0.62,4.8,0.37,50.0,0.45,92.68,0.68,0.71,0.92,0.11,72.0,10.0,177.0,1085.0,690.0,249.0,0.5,0.5,1.58,3.0,27.0,70.0,0,150.0,150.0,150.0,34.0,82.0
175.0,37.56,33.68,21.7,7.82,0.72,0.3,250.0,1.4,60.32,27.68,0.62,4.8,0.37,75.0,0.45,92.68,0.68,0.71,0.92,0.11,72.0,10.0,161.0,1085.0,690.0,249.0,0.5,0.5,1.58,3.0,27.0,70.0,0,150.0,150.0,150.0,34.0,79.0
250.0,37.56,33.68,21.7,7.82,0.72,0.3,250.0,1.4,60.32,27.68,0.62,4.8,0.37,0.0,0.45,92.68,0.68,0.71,0.92,0.11,65.0,10.0,161.0,1066.0,711.0,226.0,0.452,0.45,1.5,3.0,27.0,70.0,0,150.0,150.0,150.0,34.0,67.0
250.0,37.56,33.68,21.7,7.82,0.72,0.3,250.0,1.4,60.32,27.68,0.62,4.8,0.37,0.0,0.45,92.68,0.68,0.71,0.92,0.11,65.0,10.0,161.0,1066.0,711.0,226.0,0.452,0.45,1.5,3.0,27.0,70.0,0,150.0,150.0,150.0,34.0,70.0
250.0,37.56,33.68,21.7,7.82,0.72,0.3,250.0,1.4,60.32,27.68,0.62,4.8,0.37,0.0,0.45,92.68,0.68,0.71,0.92,0.11,65.0,10.0,161.0,1066.0,711.0,226.0,0.452,0.45,1.5,3.0,27.0,70.0,0,150.0,150.0,150.0,34.0,72.0
225.0,37.56,33.68,21.7,7.82,0.72,0.3,250.0,1.4,60.32,27.68,0.62,4.8,0.37,25.0,0.45,92.68,0.68,0.71,0.92,0.11,65.0,10.0,161.0,1066.0,711.0,226.0,0.452,0.45,1.5,3.0,27.0,70.0,0,150.0,150.0,150.0,34.0,75.0
225.0,37.56,33.68,21.7,7.82,0.72,0.3,250.0,1.4,60.32,27.68,0.62,4.8,0.37,25.0,0.45,92.68,0.68,0.71,0.92,0.11,65.0,10.0,161.0,1066.0,711.0,226.0,0.452,0.45,1.5,3.0,27.0,70.0,0,150.0,150.0,150.0,34.0,78.0
225.0,37.56,33.68,21.7,7.82,0.72,0.3,250.0,1.4,60.32,27.68,0.62,4.8,0.37,25.0,0.45,92.68,0.68,0.71,0.92,0.11,65.0,10.0,161.0,1066.0,711.0,226.0,0.452,0.45,1.5,3.0,27.0,70.0,0,150.0,150.0,150.0,34.0,80.0
200.0,37.56,33.68,21.7,7.82,0.72,0.3,250.0,1.4,60.32,27.68,0.62,4.8,0.37,50.0,0.45,92.68,0.68,0.71,0.92,0.11,65.0,10.0,161.0,1066.0,711.0,226.0,0.452,0.45,1.5,3.0,27.0,70.0,0,150.0,150.0,150.0,34.0,82.0
200.0,37.56,33.68,21.7,7.82,0.72,0.3,250.0,1.4,60.32,27.68,0.62,4.8,0.37,50.0,0.45,92.68,0.68,0.71,0.92,0.11,65.0,10.0,161.0,1066.0,711.0,226.0,0.452,0.45,1.5,3.0,27.0,70.0,0,150.0,150.0,150.0,34.0,85.0
200.0,37.56,33.68,21.7,7.82,0.72,0.3,250.0,1.4,60.32,27.68,0.62,4.8,0.37,50.0,0.45,92.68,0.68,0.71,0.92,0.11,65.0,10.0,161.0,1066.0,711.0,226.0,0.452,0.45,1.5,3.0,27.0,70.0,0,150.0,150.0,150.0,34.0,86.0
175.0,37.56,33.68,21.7,7.82,0.72,0.3,250.0,1.4,60.32,27.68,0.62,4.8,0.37,75.0,0.45,92.68,0.68,0.71,0.92,0.11,65.0,10.0,161.0,1066.0,711.0,226.0,0.452,0.45,1.5,3.0,27.0,70.0,0,150.0,150.0,150.0,34.0,80.0
175.0,37.56,33.68,21.7,7.82,0.72,0.3,250.0,1.4,60.32,27.68,0.62,4.8,0.37,75.0,0.45,92.68,0.68,0.71,0.92,0.11,65.0,10.0,161.0,1066.0,711.0,226.0,0.452,0.45,1.5,3.0,27.0,70.0,0,150.0,150.0,150.0,34.0,83.0
175.0,37.56,33.68,21.7,7.82,0.72,0.3,250.0,1.4,60.32,27.68,0.62,4.8,0.37,75.0,0.45,92.68,0.68,0.71,0.92,0.11,65.0,10.0,119.0,1066.0,711.0,226.0,0.452,0.45,1.5,3.0,27.0,70.0,0,150.0,150.0,150.0,34.0,84.0
250.0,37.56,33.68,21.7,7.82,0.72,0.3,250.0,1.4,60.32,27.68,0.62,4.8,0.37,0.0,0.45,92.68,0.68,0.71,0.92,0.11,47.0,10.0,119.0,1006.0,651.0,166.0,0.332,0.33,1.28,3.0,27.0,70.0,0,150.0,150.0,150.0,34.0,90.0
250.0,37.56,33.68,21.7,7.82,0.72,0.3,250.0,1.4,60.32,27.68,0.62,4.8,0.37,0.0,0.45,92.68,0.68,0.71,0.92,0.11,47.0,10.0,119.0,1006.0,651.0,166.0,0.332,0.33,1.28,3.0,27.0,70.0,0,150.0,150.0,150.0,34.0,95.0
250.0,37.56,33.68,21.7,7.82,0.72,0.3,250.0,1.4,60.32,27.68,0.62,4.8,0.37,0.0,0.45,92.68,0.68,0.71,0.92,0.11,47.0,10.0,119.0,1006.0,651.0,166.0,0.332,0.33,1.28,3.0,27.0,70.0,0,150.0,150.0,150.0,34.0,100.0
225.0,37.56,33.68,21.7,7.82,0.72,0.3,250.0,1.4,60.32,27.68,0.62,4.8,0.37,25.0,0.45,92.68,0.68,0.71,0.92,0.11,47.0,10.0,119.0,1006.0,651.0,166.0,0.332,0.33,1.28,3.0,27.0,70.0,0,150.0,150.0,150.0,34.0,98.0
225.0,37.56,33.68,21.7,7.82,0.72,0.3,250.0,1.4,60.32,27.68,0.62,4.8,0.37,25.0,0.45,92.68,0.68,0.71,0.92,0.11,47.0,10.0,119.0,1006.0,651.0,166.0,0.332,0.33,1.28,3.0,27.0,70.0,0,150.0,150.0,150.0,34.0,102.0
225.0,37.56,33.68,21.7,7.82,0.72,0.3,250.0,1.4,60.32,27.68,0.62,4.8,0.37,25.0,0.45,92.68,0.68,0.71,0.92,0.11,47.0,10.0,119.0,1006.0,651.0,166.0,0.332,0.33,1.28,3.0,27.0,70.0,0,150.0,150.0,150.0,34.0,104.65
200.0,37.56,33.68,21.7,7.82,0.72,0.3,250.0,1.4,60.32,27.68,0.62,4.8,0.37,50.0,0.45,92.68,0.68,0.71,0.92,0.11,47.0,10.0,119.0,1006.0,651.0,166.0,0.332,0.33,1.28,3.0,27.0,70.0,0,150.0,150.0,150.0,34.0,93.86
200.0,37.56,33.68,21.7,7.82,0.72,0.3,250.0,1.4,60.32,27.68,0.62,4.8,0.37,50.0,0.45,92.68,0.68,0.71,0.92,0.11,47.0,10.0,119.0,1006.0,651.0,166.0,0.332,0.33,1.28,3.0,27.0,70.0,0,150.0,150.0,150.0,34.0,105.0
200.0,37.56,33.68,21.7,7.82,0.72,0.3,250.0,1.4,60.32,27.68,0.62,4.8,0.37,50.0,0.45,92.68,0.68,0.71,0.92,0.11,47.0,10.0,119.0,1006.0,651.0,166.0,0.332,0.33,1.28,3.0,27.0,70.0,0,150.0,150.0,150.0,34.0,110.45
175.0,37.56,33.68,21.7,7.82,0.72,0.3,250.0,1.4,60.32,27.68,0.62,4.8,0.37,75.0,0.45,92.68,0.68,0.71,0.92,0.11,47.0,10.0,119.0,1006.0,651.0,166.0,0.332,0.33,1.28,3.0,27.0,70.0,0,150.0,150.0,150.0,34.0,100.0
175.0,37.56,33.68,21.7,7.82,0.72,0.3,250.0,1.4,60.32,27.68,0.62,4.8,0.37,75.0,0.45,92.68,0.68,0.71,0.92,0.11,47.0,10.0,119.0,1006.0,651.0,166.0,0.332,0.33,1.28,3.0,27.0,70.0,0,150.0,150.0,150.0,34.0,104.0
175.0,37.56,33.68,21.7,7.82,0.72,0.3,250.0,1.4,60.32,27.68,0.62,4.8,0.37,75.0,0.45,92.68,0.68,0.71,0.92,0.11,47.0,10.0,178.0,1006.0,651.0,166.0,0.332,0.33,1.28,3.0,27.0,70.0,0,150.0,150.0,150.0,34.0,108.0
250.0,37.56,33.68,21.7,7.82,0.72,0.3,250.0,1.4,60.32,27.68,0.62,4.8,0.37,0.0,0.45,92.68,0.68,0.71,0.92,0.11,72.0,10.0,178.0,1022.0,680.0,250.0,0.5,0.5,1.36,3.0,27.0,70.0,0,150.0,150.0,150.0,34.0,92.0
250.0,37.56,33.68,21.7,7.82,0.72,0.3,250.0,1.4,60.32,27.68,0.62,4.8,0.37,0.0,0.45,92.68,0.68,0.71,0.92,0.11,72.0,10.0,178.0,1022.0,680.0,250.0,0.5,0.5,1.36,3.0,27.0,70.0,0,150.0,150.0,150.0,34.0,97.0
250.0,37.56,33.68,21.7,7.82,0.72,0.3,250.0,1.4,60.32,27.68,0.62,4.8,0.37,0.0,0.45,92.68,0.68,0.71,0.92,0.11,72.0,10.0,178.0,1022.0,680.0,250.0,0.5,0.5,1.36,3.0,27.0,70.0,0,150.0,150.0,150.0,34.0,100.0
200.0,37.56,33.68,21.7,7.82,0.72,0.3,250.0,1.4,60.32,27.68,0.62,4.8,0.37,50.0,0.45,92.68,0.68,0.71,0.92,0.11,72.0,10.0,178.0,1022.0,680.0,250.0,0.5,0.5,1.36,3.0,27.0,70.0,0,150.0,150.0,150.0,34.0,102.0
200.0,37.56,33.68,21.7,7.82,0.72,0.3,250.0,1.4,60.32,27.68,0.62,4.8,0.37,50.0,0.45,92.68,0.68,0.71,0.92,0.11,72.0,10.0,178.0,1022.0,680.0,250.0,0.5,0.5,1.36,3.0,27.0,70.0,0,150.0,150.0,150.0,34.0,105.0
200.0,37.56,33.68,21.7,7.82,0.72,0.3,250.0,1.4,60.32,27.68,0.62,4.8,0.37,50.0,0.45,92.68,0.68,0.71,0.92,0.11,72.0,10.0,178.0,1022.0,680.0,250.0,0.5,0.5,1.36,3.0,27.0,70.0,0,150.0,150.0,150.0,34.0,108.2
105.7,46.0,35.0,16.0,7.09,0.7,1.01,422.8,4.06,55.19,25.35,0.63,7.57,0.35,0.0,0.31,93.67,0.83,0.0,1.3,0.0,29.8,8.0,93.9,0.0,1536.2,160.8,0.23,0.3,2.0,1.5,24.0,45.0,0,160.0,40.0,40.0,26.4,28.0
160.2,46.0,35.0,16.0,7.09,0.7,1.01,373.9,4.06,55.19,25.35,0.63,7.57,0.35,0.0,0.31,93.67,0.83,0.0,1.3,0.0,31.0,8.0,97.2,0.0,1536.2,166.4,0.23,0.3,2.0,1.5,24.0,45.0,0,160.0,40.0,40.0,39.6,43.4
106.1,46.0,35.0,16.0,7.09,0.7,1.01,397.9,4.06,55.19,25.35,0.63,7.57,0.35,26.5,0.31,93.67,0.83,0.0,1.3,0.0,29.8,8.0,93.9,0.0,1536.2,160.8,0.23,0.3,2.0,1.5,24.0,45.0,0,160.0,40.0,40.0,27.2,35.0
0.0,46.0,35.0,16.0,7.09,0.7,1.01,517.6,4.06,55.19,25.35,0.63,7.57,0.35,0.0,0.31,93.67,0.83,0.0,1.3,0.0,29.2,8.0,92.1,0.0,1536.2,157.5,0.23,0.3,2.0,1.5,24.0,45.0,0,160.0,40.0,40.0,20.6,21.2
225.0,37.14,33.21,15.76,8.51,0.71,1.01,225.0,4.87,56.74,24.58,1.2,6.55,0.35,0.0,0.0,0.0,0.0,0.0,0.0,0.0,99.0,10.0,113.0,0.0,1125.0,64.0,0.42,0.12,2.0,2.0,80.0,70.0,1,70.7,70.7,70.7,52.04,64.27
225.0,37.14,33.21,15.76,8.51,0.71,1.01,225.0,4.87,56.74,24.58,1.2,6.55,0.35,0.0,0.0,0.0,0.0,0.0,0.0,0.0,99.0,10.0,113.0,0.0,1069.0,64.0,0.42,0.12,2.0,2.0,80.0,70.0,1,70.7,70.7,70.7,45.62,50.48
225.0,37.14,33.21,15.76,8.51,0.71,1.01,225.0,4.87,56.74,24.58,1.2,6.55,0.35,0.0,0.0,0.0,0.0,0.0,0.0,0.0,99.0,10.0,113.0,0.0,1012.0,64.0,0.42,0.12,2.0,2.0,80.0,70.0,1,70.7,70.7,70.7,35.23,41.78
225.0,37.14,33.21,15.76,8.51,0.71,1.01,225.0,4.87,56.74,24.58,1.2,6.55,0.35,0.0,0.0,0.0,0.0,0.0,0.0,0.0,99.0,10.0,113.0,0.0,956.0,64.0,0.42,0.12,2.0,2.0,80.0,70.0,1,70.7,70.7,70.7,29.81,35.24
225.0,37.14,33.21,15.76,8.51,0.71,1.01,225.0,4.87,56.74,24.58,1.2,6.55,0.35,0.0,0.0,0.0,0.0,0.0,0.0,0.0,0.0,10.0,69.0,0.0,1125.0,203.0,0.13,0.4,2.0,2.0,80.0,70.0,1,70.7,70.7,70.7,49.78,63.29
225.0,37.14,33.21,15.76,8.51,0.71,1.01,225.0,4.87,56.74,24.58,1.2,6.55,0.35,0.0,0.0,0.0,0.0,0.0,0.0,0.0,0.0,10.0,69.0,0.0,1069.0,203.0,0.13,0.4,2.0,2.0,80.0,70.0,1,70.7,70.7,70.7,39.14,47.47
225.0,37.14,33.21,15.76,8.51,0.71,1.01,225.0,4.87,56.74,24.58,1.2,6.55,0.35,0.0,0.0,0.0,0.0,0.0,0.0,0.0,0.0,10.0,69.0,0.0,1012.0,203.0,0.13,0.4,2.0,2.0,80.0,70.0,1,70.7,70.7,70.7,32.16,40.73
225.0,37.14,33.21,15.76,8.51,0.71,1.01,225.0,4.87,56.74,24.58,1.2,6.55,0.35,0.0,0.0,0.0,0.0,0.0,0.0,0.0,0.0,10.0,69.0,0.0,956.0,203.0,0.13,0.4,2.0,2.0,80.0,70.0,1,70.7,70.7,70.7,27.04,35.1
225.0,37.14,33.21,15.76,8.51,0.71,1.01,225.0,4.87,56.74,24.58,1.2,6.55,0.35,0.0,0.0,0.0,0.0,0.0,0.0,0.0,25.0,10.0,43.0,0.0,1125.0,203.0,0.14,0.4,2.0,2.0,80.0,70.0,1,70.7,70.7,70.7,13.74,18.56
225.0,37.14,33.21,15.76,8.51,0.71,1.01,225.0,4.87,56.74,24.58,1.2,6.55,0.35,0.0,0.0,0.0,0.0,0.0,0.0,0.0,25.0,10.0,43.0,0.0,1069.0,203.0,0.14,0.4,2.0,2.0,80.0,70.0,1,70.7,70.7,70.7,11.42,16.04
225.0,37.14,33.21,15.76,8.51,0.71,1.01,225.0,4.87,56.74,24.58,1.2,6.55,0.35,0.0,0.0,0.0,0.0,0.0,0.0,0.0,25.0,10.0,43.0,0.0,1012.0,203.0,0.14,0.4,2.0,2.0,80.0,70.0,1,70.7,70.7,70.7,11.12,15.27
225.0,37.14,33.21,15.76,8.51,0.71,1.01,225.0,4.87,56.74,24.58,1.2,6.55,0.35,0.0,0.0,0.0,0.0,0.0,0.0,0.0,25.0,10.0,43.0,0.0,956.0,203.0,0.14,0.4,2.0,2.0,80.0,70.0,1,70.7,70.7,70.7,10.44,13.82
0.0,0.0,0.0,0.0,0.0,0.0,0.0,181.82,19.1,36.7,18.7,0.63,17.2,3.04,0.0,0.0,0.0,0.0,0.0,0.0,0.0,0.0,10.0,18.18,0.0,0.0,50.0,0.1,0.25,0.0,0.0,30.0,65.0,0,50.0,50.0,50.0,34.0,12.2
0.0,0.0,0.0,0.0,0.0,0.0,0.0,173.91,19.1,36.7,18.7,0.63,17.2,3.04,0.0,0.0,0.0,0.0,0.0,0.0,0.0,0.0,10.0,26.09,0.0,0.0,50.0,0.15,0.25,0.0,0.0,30.0,65.0,0,50.0,50.0,50.0,34.0,38.0
0.0,0.0,0.0,0.0,0.0,0.0,0.0,166.67,19.1,36.7,18.7,0.63,17.2,3.04,0.0,0.0,0.0,0.0,0.0,0.0,0.0,0.0,10.0,33.33,0.0,0.0,50.0,0.2,0.25,0.0,0.0,30.0,65.0,0,50.0,50.0,50.0,34.0,86.6
0.0,0.0,0.0,0.0,0.0,0.0,0.0,160.0,19.1,36.7,18.7,0.63,17.2,3.04,0.0,0.0,0.0,0.0,0.0,0.0,0.0,0.0,10.0,40.0,0.0,0.0,50.0,0.25,0.25,0.0,0.0,30.0,65.0,0,50.0,50.0,50.0,34.0,36.3
0.0,0.0,0.0,0.0,0.0,0.0,0.0,173.61,19.1,36.7,18.7,0.63,17.2,3.04,0.0,0.0,0.0,0.0,0.0,0.0,0.0,0.0,10.0,34.72,0.0,0.0,41.67,0.2,0.2,0.0,0.0,30.0,65.0,0,50.0,50.0,50.0,34.0,62.2
0.0,0.0,0.0,0.0,0.0,0.0,0.0,166.67,19.1,36.7,18.7,0.63,17.2,3.04,0.0,0.0,0.0,0.0,0.0,0.0,0.0,0.0,10.0,33.33,0.0,0.0,50.0,0.2,0.25,0.0,0.0,30.0,65.0,0,50.0,50.0,50.0,34.0,83.6
0.0,0.0,0.0,0.0,0.0,0.0,0.0,160.26,19.1,36.7,18.7,0.63,17.2,3.04,0.0,0.0,0.0,0.0,0.0,0.0,0.0,0.0,10.0,32.05,0.0,0.0,57.69,0.2,0.3,0.0,0.0,30.0,65.0,0,50.0,50.0,50.0,34.0,25.0
0.0,0.0,0.0,0.0,0.0,0.0,0.0,125.0,21.93,34.9,13.11,8.29,5.43,2.81,375.0,0.19,78.02,1.68,14.32,0.32,0.3,100.0,10.0,100.0,0.0,0.0,136.0,0.4,0.27,0.0,3.02,65.0,65.0,1,50.0,50.0,50.0,34.0,14.13
0.0,0.0,0.0,0.0,0.0,0.0,0.0,250.0,21.93,34.9,13.11,8.29,5.43,2.81,250.0,0.19,78.02,1.68,14.32,0.32,0.3,100.0,8.0,100.0,0.0,0.0,136.0,0.4,0.27,0.0,3.02,65.0,65.0,1,50.0,50.0,50.0,34.0,9.39
0.0,0.0,0.0,0.0,0.0,0.0,0.0,250.0,21.93,34.9,13.11,8.29,5.43,2.81,250.0,0.19,78.02,1.68,14.32,0.32,0.3,100.0,9.0,100.0,0.0,0.0,136.0,0.4,0.27,0.0,3.02,65.0,65.0,1,50.0,50.0,50.0,34.0,12.32
0.0,0.0,0.0,0.0,0.0,0.0,0.0,250.0,21.93,34.9,13.11,8.29,5.43,2.81,250.0,0.19,78.02,1.68,14.32,0.32,0.3,100.0,10.0,100.0,0.0,0.0,136.0,0.4,0.27,0.0,3.02,65.0,65.0,1,50.0,50.0,50.0,34.0,21.31
0.0,0.0,0.0,0.0,0.0,0.0,0.0,250.0,21.93,34.9,13.11,8.29,5.43,2.81,250.0,0.19,78.02,1.68,14.32,0.32,0.3,100.0,11.0,100.0,0.0,0.0,136.0,0.4,0.27,0.0,3.02,65.0,65.0,1,50.0,50.0,50.0,34.0,13.73
0.0,0.0,0.0,0.0,0.0,0.0,0.0,250.0,21.93,34.9,13.11,8.29,5.43,2.81,250.0,0.19,78.02,1.68,14.32,0.32,0.3,100.0,12.0,100.0,0.0,0.0,136.0,0.4,0.27,0.0,3.02,65.0,65.0,1,50.0,50.0,50.0,34.0,16.25
0.0,0.0,0.0,0.0,0.0,0.0,0.0,375.0,21.93,34.9,13.11,8.29,5.43,2.81,125.0,0.19,78.02,1.68,14.32,0.32,0.3,100.0,10.0,100.0,0.0,0.0,136.0,0.4,0.27,0.0,3.02,65.0,65.0,1,50.0,50.0,50.0,34.0,19.96
0.0,0.0,0.0,0.0,0.0,0.0,0.0,500.0,21.93,34.9,13.11,8.29,5.43,2.81,0.0,0.19,78.02,1.68,14.32,0.32,0.3,100.0,10.0,100.0,0.0,0.0,136.0,0.4,0.27,0.0,3.02,65.0,65.0,1,50.0,50.0,50.0,34.0,19.96
0.0,0.0,0.0,0.0,0.0,0.0,0.0,0.0,3.12,51.04,24.89,3.65,11.79,0.32,500.0,0.19,78.02,1.68,14.32,0.32,0.3,100.0,10.0,100.0,0.0,0.0,136.0,0.4,0.27,0.0,3.02,65.0,65.0,1,50.0,50.0,50.0,34.0,7.83
0.0,0.0,0.0,0.0,0.0,0.0,0.0,125.0,3.12,51.04,24.89,3.65,11.79,0.32,375.0,0.19,78.02,1.68,14.32,0.32,0.3,100.0,10.0,100.0,0.0,0.0,136.0,0.4,0.27,0.0,3.02,65.0,65.0,1,50.0,50.0,50.0,34.0,12.63
0.0,0.0,0.0,0.0,0.0,0.0,0.0,250.0,3.12,51.04,24.89,3.65,11.79,0.32,250.0,0.19,78.02,1.68,14.32,0.32,0.3,100.0,10.0,100.0,0.0,0.0,136.0,0.4,0.27,0.0,3.02,65.0,65.0,1,50.0,50.0,50.0,34.0,20.25
0.0,0.0,0.0,0.0,0.0,0.0,0.0,375.0,3.12,51.04,24.89,3.65,11.79,0.32,125.0,0.19,78.02,1.68,14.32,0.32,0.3,100.0,10.0,100.0,0.0,0.0,136.0,0.4,0.27,0.0,3.02,65.0,65.0,1,50.0,50.0,50.0,34.0,31.91
0.0,0.0,0.0,0.0,0.0,0.0,0.0,500.0,3.12,51.04,24.89,3.65,11.79,0.32,0.0,0.19,78.02,1.68,14.32,0.32,0.3,100.0,10.0,100.0,0.0,0.0,136.0,0.4,0.27,0.0,3.02,65.0,65.0,1,50.0,50.0,50.0,34.0,13.6
0.0,34.54,41.36,15.77,8.21,0.84,1.01,159.2,4.59,56.45,30.27,1.06,3.58,0.35,0.0,0.0,0.0,0.0,0.0,0.0,0.0,26.53,12.0,53.07,398.1,358.3,46.95,0.5,0.3,2.0,1.31,24.0,65.0,0,100.0,100.0,100.0,18.3,23.33
31.8,34.54,41.36,15.77,8.21,0.84,1.01,127.4,4.59,56.45,30.27,1.06,3.58,0.35,0.0,0.0,0.0,0.0,0.0,0.0,0.0,26.53,12.0,53.07,398.1,358.3,46.95,0.5,0.3,2.0,1.31,24.0,65.0,0,100.0,100.0,100.0,30.18,40.21
47.7,34.54,41.36,15.77,8.21,0.84,1.01,111.5,4.59,56.45,30.27,1.06,3.58,0.35,0.0,0.0,0.0,0.0,0.0,0.0,0.0,26.53,12.0,53.07,398.1,358.3,46.95,0.5,0.3,2.0,1.31,24.0,65.0,0,100.0,100.0,100.0,35.6,45.6
63.7,34.54,41.36,15.77,8.21,0.84,1.01,95.5,4.59,56.45,30.27,1.06,3.58,0.35,0.0,0.0,0.0,0.0,0.0,0.0,0.0,26.53,12.0,53.07,398.1,358.3,46.95,0.5,0.3,2.0,1.31,24.0,65.0,0,100.0,100.0,100.0,38.03,48.17
0.0,34.54,41.36,15.77,8.21,0.84,1.01,159.2,4.59,56.45,30.27,1.06,3.58,0.35,0.0,0.0,0.0,0.0,0.0,0.0,0.0,29.92,8.0,49.68,398.1,358.3,84.27,0.5,0.53,2.0,1.43,24.0,65.0,0,100.0,100.0,100.0,15.33,20.01
31.8,34.54,41.36,15.77,8.21,0.84,1.01,127.4,4.59,56.45,30.27,1.06,3.58,0.35,0.0,0.0,0.0,0.0,0.0,0.0,0.0,29.92,8.0,49.68,398.1,358.3,84.27,0.5,0.53,2.0,1.43,24.0,65.0,0,100.0,100.0,100.0,25.16,35.66
47.7,34.54,41.36,15.77,8.21,0.84,1.01,111.5,4.59,56.45,30.27,1.06,3.58,0.35,0.0,0.0,0.0,0.0,0.0,0.0,0.0,29.92,8.0,49.68,398.1,358.3,84.27,0.5,0.53,2.0,1.43,24.0,65.0,0,100.0,100.0,100.0,30.45,40.18
63.7,34.54,41.36,15.77,8.21,0.84,1.01,95.5,4.59,56.45,30.27,1.06,3.58,0.35,0.0,0.0,0.0,0.0,0.0,0.0,0.0,29.92,8.0,49.68,398.1,358.3,84.27,0.5,0.53,2.0,1.43,24.0,65.0,0,100.0,100.0,100.0,33.2,43.65
0.0,0.0,0.0,0.0,0.0,0.0,0.0,350.0,1.1,62.55,29.02,0.63,4.22,0.22,0.0,0.0,0.0,0.0,0.0,0.0,0.0,45.0,8.0,112.5,1243.0,533.0,26.0,0.45,0.1,2.0,2.0,27.0,65.0,0,150.0,150.0,150.0,11.01,22.45
0.0,0.0,0.0,0.0,0.0,0.0,0.0,375.0,1.1,62.55,29.02,0.63,4.22,0.22,0.0,0.0,0.0,0.0,0.0,0.0,0.0,48.22,8.0,120.5,1215.0,521.0,28.0,0.45,0.1,2.0,2.0,27.0,65.0,0,150.0,150.0,150.0,13.13,25.61
0.0,0.0,0.0,0.0,0.0,0.0,0.0,400.0,1.1,62.55,29.02,0.63,4.22,0.22,0.0,0.0,0.0,0.0,0.0,0.0,0.0,51.42,8.0,128.5,1186.0,508.0,28.0,0.45,0.1,2.0,2.0,27.0,65.0,0,150.0,150.0,150.0,16.33,27.12
0.0,0.0,0.0,0.0,0.0,0.0,0.0,350.0,1.1,62.55,29.02,0.63,4.22,0.22,0.0,0.0,0.0,0.0,0.0,0.0,0.0,45.0,12.0,112.5,1239.0,531.0,30.0,0.45,0.1,2.0,2.0,27.0,65.0,0,150.0,150.0,150.0,14.6,30.2
0.0,0.0,0.0,0.0,0.0,0.0,0.0,375.0,1.1,62.55,29.02,0.63,4.22,0.22,0.0,0.0,0.0,0.0,0.0,0.0,0.0,48.22,12.0,120.5,1210.0,519.0,30.0,0.45,0.1,2.0,2.0,27.0,65.0,0,150.0,150.0,150.0,17.2,35.17
0.0,0.0,0.0,0.0,0.0,0.0,0.0,400.0,1.1,62.55,29.02,0.63,4.22,0.22,0.0,0.0,0.0,0.0,0.0,0.0,0.0,51.42,12.0,128.5,1181.0,506.0,32.0,0.45,0.1,2.0,2.0,27.0,65.0,0,150.0,150.0,150.0,20.14,38.61
0.0,0.0,0.0,0.0,0.0,0.0,0.0,350.0,1.1,62.55,29.02,0.63,4.22,0.22,0.0,0.0,0.0,0.0,0.0,0.0,0.0,45.0,16.0,112.5,1236.0,530.0,32.0,0.45,0.1,2.0,2.0,27.0,65.0,0,150.0,150.0,150.0,19.17,33.2
0.0,0.0,0.0,0.0,0.0,0.0,0.0,375.0,1.1,62.55,29.02,0.63,4.22,0.22,0.0,0.0,0.0,0.0,0.0,0.0,0.0,48.22,16.0,120.5,1207.0,517.0,34.0,0.45,0.1,2.0,2.0,27.0,65.0,0,150.0,150.0,150.0,21.0,38.9
0.0,0.0,0.0,0.0,0.0,0.0,0.0,400.0,1.1,62.55,29.02,0.63,4.22,0.22,0.0,0.0,0.0,0.0,0.0,0.0,0.0,51.42,16.0,128.5,1178.0,505.0,36.0,0.45,0.1,2.0,2.0,27.0,65.0,0,150.0,150.0,150.0,25.3,41.27
860.0,39.0,36.0,11.0,12.5,1.5,1.01,0.0,0.0,0.0,0.0,0.0,0.0,0.0,285.0,0.59,95.1,1.22,0.95,0.95,0.0,27.06,14.0,99.0,1210.0,850.0,119.50999999999999,0.33,0.3,0.0,3.5,20.0,65.0,0,70.5,70.5,70.5,101.0,115.0
860.0,39.0,36.0,11.0,12.5,1.5,1.01,0.0,0.0,0.0,0.0,0.0,0.0,0.0,285.0,0.59,95.1,1.22,0.95,0.95,0.0,27.06,14.0,99.0,1210.0,850.0,119.50999999999999,0.33,0.3,0.0,3.5,20.0,65.0,0,70.5,70.5,70.5,115.0,140.0
860.0,39.0,36.0,11.0,12.5,1.5,1.01,0.0,0.0,0.0,0.0,0.0,0.0,0.0,285.0,0.59,95.1,1.22,0.95,0.95,0.0,27.06,14.0,99.0,1210.0,850.0,119.50999999999999,0.33,0.3,0.0,3.5,20.0,65.0,0,70.5,70.5,70.5,122.0,147.0
860.0,39.0,36.0,11.0,12.5,1.5,1.01,0.0,0.0,0.0,0.0,0.0,0.0,0.0,285.0,0.59,95.1,1.22,0.95,0.95,0.0,27.06,14.0,99.0,1210.0,850.0,119.50999999999999,0.33,0.3,0.0,3.5,20.0,65.0,0,70.5,70.5,70.5,123.0,144.0
860.0,39.0,36.0,11.0,12.5,1.5,1.01,0.0,0.0,0.0,0.0,0.0,0.0,0.0,285.0,0.59,95.1,1.22,0.95,0.95,0.0,27.06,14.0,99.0,1210.0,850.0,119.50999999999999,0.33,0.3,0.0,3.5,20.0,65.0,0,70.5,70.5,70.5,126.0,152.0
860.0,39.0,36.0,11.0,12.5,1.5,1.01,0.0,0.0,0.0,0.0,0.0,0.0,0.0,285.0,0.59,95.1,1.22,0.95,0.95,0.0,27.06,14.0,99.0,1210.0,850.0,119.50999999999999,0.33,0.3,0.0,3.5,20.0,65.0,0,70.5,70.5,70.5,127.0,150.0
860.0,39.0,36.0,11.0,12.5,1.5,1.01,0.0,0.0,0.0,0.0,0.0,0.0,0.0,285.0,0.59,95.1,1.22,0.95,0.95,0.0,27.06,14.0,99.0,1210.0,850.0,119.50999999999999,0.33,0.3,0.0,3.5,20.0,65.0,0,70.5,70.5,70.5,129.0,162.0
860.0,39.0,36.0,11.0,12.5,1.5,1.01,0.0,0.0,0.0,0.0,0.0,0.0,0.0,285.0,0.59,95.1,1.22,0.95,0.95,0.0,27.06,14.0,99.0,1210.0,850.0,119.50999999999999,0.33,0.3,0.0,3.5,20.0,65.0,0,70.5,70.5,70.5,123.0,145.0
860.0,39.0,36.0,11.0,12.5,1.5,1.01,0.0,0.0,0.0,0.0,0.0,0.0,0.0,285.0,0.59,95.1,1.22,0.95,0.95,0.0,27.06,14.0,99.0,1210.0,850.0,119.50999999999999,0.33,0.3,0.0,3.5,20.0,65.0,0,70.5,70.5,70.5,127.0,153.0
860.0,39.0,36.0,11.0,12.5,1.5,1.01,0.0,0.0,0.0,0.0,0.0,0.0,0.0,285.0,0.59,95.1,1.22,0.95,0.95,0.0,27.06,14.0,99.0,1210.0,850.0,119.50999999999999,0.33,0.3,0.0,3.5,20.0,65.0,0,70.5,70.5,70.5,128.0,154.0
0.0,39.7,34.0,14.3,9.0,0.5,0.35,500.0,1.4,51.75,34.75,1.35,6.0,0.04,0.0,0.0,0.0,0.0,0.0,0.0,0.0,65.0,12.0,163.0,1100.0,785.0,25.0,0.45,0.05,0.9,2.5,27.0,55.0,0,100.0,100.0,100.0,19.65,20.0
0.0,39.7,34.0,14.3,9.0,0.5,0.35,0.0,1.4,51.75,34.75,1.35,6.0,0.04,0.0,0.0,0.0,0.0,0.0,0.0,0.0,65.0,12.0,163.0,1100.0,785.0,25.0,0.45,0.05,0.9,2.5,27.0,55.0,0,100.0,100.0,100.0,37.05,41.35
475.0,39.7,34.0,14.3,9.0,0.5,0.35,0.0,1.4,51.75,34.75,1.35,6.0,0.04,0.0,0.0,0.0,0.0,0.0,0.0,0.0,65.0,12.0,163.0,1100.0,785.0,25.0,0.45,0.05,0.9,2.5,27.0,55.0,0,100.0,100.0,100.0,38.27,42.6
425.0,39.7,34.0,14.3,9.0,0.5,0.35,0.0,1.4,51.75,34.75,1.35,6.0,0.04,0.0,0.0,0.0,0.0,0.0,0.0,0.0,65.0,12.0,163.0,1100.0,785.0,25.0,0.45,0.05,0.9,2.5,27.0,55.0,0,100.0,100.0,100.0,33.53,39.31
375.0,39.7,34.0,14.3,9.0,0.5,0.35,0.0,1.4,51.75,34.75,1.35,6.0,0.04,0.0,0.0,0.0,0.0,0.0,0.0,0.0,65.0,12.0,163.0,1100.0,785.0,25.0,0.45,0.05,0.9,2.5,27.0,55.0,0,100.0,100.0,100.0,27.81,31.59
225.0,34.12,36.4,11.39,1.69,10.3,0.49,225.0,1.6,62.33,21.14,7.15,2.4,0.1,0.0,0.0,0.0,0.0,0.0,0.0,0.0,64.3,12.0,160.7,742.88,865.61,36.0,0.5,0.08,5.0,2.5,70.0,65.0,1,100.0,100.0,100.0,34.0,60.7
225.0,34.12,36.4,11.39,1.69,10.3,0.49,225.0,1.6,62.33,21.14,7.15,2.4,0.1,0.0,0.0,0.0,0.0,0.0,0.0,0.0,64.3,12.0,160.7,740.34,862.65,36.0,0.5,0.08,5.0,2.5,70.0,65.0,1,100.0,100.0,100.0,34.0,58.4
225.0,34.12,36.4,11.39,1.69,10.3,0.49,225.0,1.6,62.33,21.14,7.15,2.4,0.1,0.0,0.0,0.0,0.0,0.0,0.0,0.0,64.3,12.0,160.7,737.8,859.69,36.0,0.5,0.08,5.0,2.5,70.0,65.0,1,100.0,100.0,100.0,34.0,57.7
225.0,34.12,36.4,11.39,1.69,10.3,0.49,225.0,1.6,62.33,21.14,7.15,2.4,0.1,39.2,0.0,0.0,0.0,0.0,0.0,0.0,64.3,12.0,160.7,742.88,865.61,36.0,0.5,0.08,5.0,2.5,70.0,65.0,1,100.0,100.0,100.0,34.0,63.8
225.0,34.12,36.4,11.39,1.69,10.3,0.49,225.0,1.6,62.33,21.14,7.15,2.4,0.1,39.2,0.0,0.0,0.0,0.0,0.0,0.0,64.3,12.0,160.7,742.88,865.61,36.0,0.5,0.08,5.0,2.5,70.0,65.0,1,100.0,100.0,100.0,34.0,60.2
222.8,34.12,36.4,11.39,1.69,10.3,0.49,222.8,1.6,62.33,21.14,7.15,2.4,0.1,39.2,0.0,0.0,0.0,0.0,0.0,0.0,64.3,12.0,160.7,742.54,865.22,36.0,0.5,0.08,5.0,2.5,70.0,65.0,1,100.0,100.0,100.0,34.0,58.0
220.5,34.12,36.4,11.39,1.69,10.3,0.49,220.5,1.6,62.33,21.14,7.15,2.4,0.1,78.4,0.0,0.0,0.0,0.0,0.0,0.0,64.3,12.0,160.7,742.21,864.83,36.0,0.5,0.08,5.0,2.5,70.0,65.0,1,100.0,100.0,100.0,34.0,65.1
222.8,34.12,36.4,11.39,1.69,10.3,0.49,222.8,1.6,62.33,21.14,7.15,2.4,0.1,78.4,0.0,0.0,0.0,0.0,0.0,0.0,64.3,12.0,160.7,742.54,865.22,36.0,0.5,0.08,5.0,2.5,70.0,65.0,1,100.0,100.0,100.0,34.0,61.7
220.5,34.12,36.4,11.39,1.69,10.3,0.49,220.5,1.6,62.33,21.14,7.15,2.4,0.1,78.4,0.0,0.0,0.0,0.0,0.0,0.0,64.3,12.0,160.7,742.21,864.83,36.0,0.5,0.08,5.0,2.5,70.0,65.0,1,100.0,100.0,100.0,34.0,59.9
0.0,0.0,0.0,0.0,0.0,0.0,0.0,390.0,18.75,32.1,19.9,3.47,16.91,2.24,0.0,0.0,0.0,0.0,0.0,0.0,0.0,67.0,8.0,0.0,1092.0,585.0,135.4,0.6,0.35,0.0,3.3,26.0,65.0,0,150.0,150.0,150.0,34.0,23.4
0.0,0.0,0.0,0.0,0.0,0.0,0.0,390.0,18.75,32.1,19.9,3.47,16.91,2.24,0.0,0.0,0.0,0.0,0.0,0.0,0.0,67.0,10.0,0.0,1092.0,585.0,135.4,0.6,0.35,0.0,3.3,26.0,65.0,0,150.0,150.0,150.0,34.0,25.0
0.0,0.0,0.0,0.0,0.0,0.0,0.0,390.0,18.75,32.1,19.9,3.47,16.91,2.24,0.0,0.0,0.0,0.0,0.0,0.0,0.0,67.0,12.0,0.0,1092.0,585.0,135.4,0.6,0.35,0.0,3.3,26.0,65.0,0,150.0,150.0,150.0,34.0,28.2
0.0,0.0,0.0,0.0,0.0,0.0,0.0,390.0,18.75,32.1,19.9,3.47,16.91,2.24,0.0,0.0,0.0,0.0,0.0,0.0,0.0,67.0,14.0,0.0,1092.0,585.0,135.4,0.6,0.35,0.0,3.3,26.0,65.0,0,150.0,150.0,150.0,34.0,31.8
0.0,0.0,0.0,0.0,0.0,0.0,0.0,390.0,18.75,32.1,19.9,3.47,16.91,2.24,0.0,0.0,0.0,0.0,0.0,0.0,0.0,67.0,16.0,0.0,1092.0,585.0,135.4,0.6,0.35,0.0,3.3,26.0,65.0,0,150.0,150.0,150.0,34.0,32.2
0.0,0.0,0.0,0.0,0.0,0.0,0.0,390.0,18.75,32.1,19.9,3.47,16.91,2.24,0.0,0.0,0.0,0.0,0.0,0.0,0.0,67.0,18.0,0.0,1092.0,585.0,135.4,0.6,0.35,0.0,3.3,26.0,65.0,0,150.0,150.0,150.0,34.0,30.3
379.31,37.71,35.85,13.39,9.1,1.06,2.52,0.0,0.0,0.0,0.0,0.0,0.0,0.0,0.0,0.95,94.0,1.2,0.95,1.6,0.0,28.45,4.0,142.23,1108.8,739.2,254.0,0.45,0.48,0.0,2.35,23.0,65.0,0,100.0,100.0,100.0,52.1,62.5
360.34,37.71,35.85,13.39,9.1,1.06,2.52,0.0,0.0,0.0,0.0,0.0,0.0,0.0,18.97,0.95,94.0,1.2,0.95,1.6,0.0,27.03,4.0,135.17,1108.8,739.2,241.3,0.45,0.48,0.0,2.35,23.0,65.0,0,100.0,100.0,100.0,59.0,71.9
341.38,37.71,35.85,13.39,9.1,1.06,2.52,0.0,0.0,0.0,0.0,0.0,0.0,0.0,37.93,0.95,94.0,1.2,0.95,1.6,0.0,25.6,4.0,127.99,1108.8,739.2,228.6,0.45,0.48,0.0,2.35,23.0,65.0,0,100.0,100.0,100.0,63.0,72.2
322.41,37.71,35.85,13.39,9.1,1.06,2.52,0.0,0.0,0.0,0.0,0.0,0.0,0.0,56.9,0.95,94.0,1.2,0.95,1.6,0.0,24.18,4.0,120.92,1108.8,739.2,215.9,0.45,0.48,0.0,2.35,23.0,65.0,0,100.0,100.0,100.0,66.0,71.0
303.49,37.71,35.85,13.39,9.1,1.06,2.52,0.0,0.0,0.0,0.0,0.0,0.0,0.0,75.86,0.95,94.0,1.2,0.95,1.6,0.0,22.76,4.0,113.82,1108.8,739.2,203.3,0.45,0.48,0.0,2.35,23.0,65.0,0,100.0,100.0,100.0,67.5,80.3
284.48,37.71,35.85,13.39,9.1,1.06,2.52,0.0,0.0,0.0,0.0,0.0,0.0,0.0,94.83,0.95,94.0,1.2,0.95,1.6,0.0,21.34,4.0,106.69,1108.8,739.2,190.6,0.45,0.48,0.0,2.35,23.0,65.0,0,100.0,100.0,100.0,69.2,84.0
265.52,37.71,35.85,13.39,9.1,1.06,2.52,0.0,0.0,0.0,0.0,0.0,0.0,0.0,113.79,0.95,94.0,1.2,0.95,1.6,0.0,19.91,4.0,99.55,1108.8,739.2,177.9,0.45,0.48,0.0,2.35,23.0,65.0,0,100.0,100.0,100.0,71.3,88.0
379.31,37.71,35.85,13.39,9.1,1.06,2.52,0.0,0.0,0.0,0.0,0.0,0.0,0.0,0.0,0.95,94.0,1.2,0.95,1.6,0.0,28.45,6.0,142.23,1108.8,739.2,254.0,0.45,0.48,0.0,2.35,23.0,65.0,0,100.0,100.0,100.0,48.5,58.4
360.34,37.71,35.85,13.39,9.1,1.06,2.52,0.0,0.0,0.0,0.0,0.0,0.0,0.0,0.0,0.95,94.0,1.2,0.95,1.6,0.0,27.03,6.0,135.17,1108.8,739.2,241.3,0.45,0.48,0.0,2.35,23.0,65.0,0,100.0,100.0,100.0,55.2,66.7
341.38,37.71,35.85,13.39,9.1,1.06,2.52,0.0,0.0,0.0,0.0,0.0,0.0,0.0,0.0,0.95,94.0,1.2,0.95,1.6,0.0,25.6,6.0,127.99,1108.8,739.2,228.6,0.45,0.48,0.0,2.35,23.0,65.0,0,100.0,100.0,100.0,60.1,70.3
322.41,37.71,35.85,13.39,9.1,1.06,2.52,0.0,0.0,0.0,0.0,0.0,0.0,0.0,0.0,0.95,94.0,1.2,0.95,1.6,0.0,24.18,6.0,120.92,1108.8,739.2,215.9,0.45,0.48,0.0,2.35,23.0,65.0,0,100.0,100.0,100.0,54.0,72.9
303.49,37.71,35.85,13.39,9.1,1.06,2.52,0.0,0.0,0.0,0.0,0.0,0.0,0.0,0.0,0.95,94.0,1.2,0.95,1.6,0.0,22.76,6.0,113.82,1108.8,739.2,203.3,0.45,0.48,0.0,2.35,23.0,65.0,0,100.0,100.0,100.0,67.1,78.9
284.48,37.71,35.85,13.39,9.1,1.06,2.52,0.0,0.0,0.0,0.0,0.0,0.0,0.0,0.0,0.95,94.0,1.2,0.95,1.6,0.0,21.34,6.0,106.69,1108.8,739.2,190.6,0.45,0.48,0.0,2.35,23.0,65.0,0,100.0,100.0,100.0,69.3,82.6
265.52,37.71,35.85,13.39,9.1,1.06,2.52,0.0,0.0,0.0,0.0,0.0,0.0,0.0,0.0,0.95,94.0,1.2,0.95,1.6,0.0,19.91,6.0,99.55,1108.8,739.2,177.9,0.45,0.48,0.0,2.35,23.0,65.0,0,100.0,100.0,100.0,71.5,86.8
360.34,37.71,35.85,13.39,9.1,1.06,2.52,0.0,0.0,0.0,0.0,0.0,0.0,0.0,18.97,0.95,94.0,1.2,0.95,1.6,0.0,28.45,8.0,142.23,1108.8,739.2,254.0,0.45,0.48,0.0,2.35,23.0,65.0,0,100.0,100.0,100.0,45.3,55.1
341.38,37.71,35.85,13.39,9.1,1.06,2.52,0.0,0.0,0.0,0.0,0.0,0.0,0.0,37.93,0.95,94.0,1.2,0.95,1.6,0.0,27.03,8.0,135.17,1108.8,739.2,241.3,0.45,0.48,0.0,2.35,23.0,65.0,0,100.0,100.0,100.0,51.8,63.4
322.41,37.71,35.85,13.39,9.1,1.06,2.52,0.0,0.0,0.0,0.0,0.0,0.0,0.0,56.9,0.95,94.0,1.2,0.95,1.6,0.0,25.6,8.0,127.99,1108.8,739.2,228.6,0.45,0.48,0.0,2.35,23.0,65.0,0,100.0,100.0,100.0,56.7,68.2
303.49,37.71,35.85,13.39,9.1,1.06,2.52,0.0,0.0,0.0,0.0,0.0,0.0,0.0,75.86,0.95,94.0,1.2,0.95,1.6,0.0,24.18,8.0,120.92,1108.8,739.2,215.9,0.45,0.48,0.0,2.35,23.0,65.0,0,100.0,100.0,100.0,60.4,71.0
284.48,37.71,35.85,13.39,9.1,1.06,2.52,0.0,0.0,0.0,0.0,0.0,0.0,0.0,94.83,0.95,94.0,1.2,0.95,1.6,0.0,22.76,8.0,113.82,1108.8,739.2,203.3,0.45,0.48,0.0,2.35,23.0,65.0,0,100.0,100.0,100.0,63.0,75.2
265.52,37.71,35.85,13.39,9.1,1.06,2.52,0.0,0.0,0.0,0.0,0.0,0.0,0.0,113.79,0.95,94.0,1.2,0.95,1.6,0.0,21.34,8.0,106.69,1108.8,739.2,190.6,0.45,0.48,0.0,2.35,23.0,65.0,0,100.0,100.0,100.0,65.1,77.8
265.52,37.71,35.85,13.39,9.1,1.06,2.52,0.0,0.0,0.0,0.0,0.0,0.0,0.0,75.86,0.95,94.0,1.2,0.95,1.6,0.0,19.91,8.0,99.55,1108.8,739.2,177.9,0.45,0.48,0.0,2.35,23.0,65.0,0,100.0,100.0,100.0,67.2,79.5
436.0,59.41,25.75,8.03,7.09,1.5,2.81,0.0,4.294,58.158,24.351,0.63,8.517,0.068,0.0,0.0,0.0,0.0,0.0,0.0,0.0,95.92,6.0,143.88,0.0,1199.0,119.50999999999999,0.55,0.3,0.0,2.94,25.0,65.0,0,50.0,50.0,50.0,34.0,15.59
436.0,59.41,25.75,8.03,7.09,1.5,2.81,0.0,4.294,58.158,24.351,0.63,8.517,0.068,0.0,0.0,0.0,0.0,0.0,0.0,0.0,95.92,8.0,143.88,0.0,1199.0,119.50999999999999,0.55,0.3,0.0,2.94,25.0,65.0,0,50.0,50.0,50.0,34.0,36.3
436.0,59.41,25.75,8.03,7.09,1.5,2.81,0.0,4.294,58.158,24.351,0.63,8.517,0.068,0.0,0.0,0.0,0.0,0.0,0.0,0.0,95.92,10.0,143.88,0.0,1199.0,119.50999999999999,0.55,0.3,0.0,2.94,25.0,65.0,0,50.0,50.0,50.0,34.0,50.23
436.0,59.41,25.75,8.03,7.09,1.5,2.81,0.0,4.294,58.158,24.351,0.63,8.517,0.068,0.0,0.0,0.0,0.0,0.0,0.0,0.0,95.92,12.0,143.88,0.0,1199.0,119.50999999999999,0.55,0.3,0.0,2.94,25.0,65.0,0,50.0,50.0,50.0,34.0,55.0
327.0,59.41,25.75,8.03,7.09,1.5,2.81,109.0,4.294,58.158,24.351,0.63,8.517,0.068,0.0,0.0,0.0,0.0,0.0,0.0,0.0,95.92,6.0,143.88,0.0,1199.0,119.50999999999999,0.55,0.3,0.0,2.94,25.0,65.0,0,50.0,50.0,50.0,34.0,26.52
327.0,59.41,25.75,8.03,7.09,1.5,2.81,109.0,4.294,58.158,24.351,0.63,8.517,0.068,0.0,0.0,0.0,0.0,0.0,0.0,0.0,95.92,8.0,143.88,0.0,1199.0,119.50999999999999,0.55,0.3,0.0,2.94,25.0,65.0,0,50.0,50.0,50.0,34.0,43.67
327.0,59.41,25.75,8.03,7.09,1.5,2.81,109.0,4.294,58.158,24.351,0.63,8.517,0.068,0.0,0.0,0.0,0.0,0.0,0.0,0.0,95.92,10.0,143.88,0.0,1199.0,119.50999999999999,0.55,0.3,0.0,2.94,25.0,65.0,0,50.0,50.0,50.0,34.0,41.52
327.0,59.41,25.75,8.03,7.09,1.5,2.81,109.0,4.294,58.158,24.351,0.63,8.517,0.068,0.0,0.0,0.0,0.0,0.0,0.0,0.0,95.92,12.0,143.88,0.0,1199.0,119.50999999999999,0.55,0.3,0.0,2.94,25.0,65.0,0,50.0,50.0,50.0,34.0,47.6
218.0,59.41,25.75,8.03,7.09,1.5,2.81,218.0,4.294,58.158,24.351,0.63,8.517,0.068,0.0,0.0,0.0,0.0,0.0,0.0,0.0,95.92,6.0,143.88,0.0,1199.0,119.50999999999999,0.55,0.3,0.0,2.94,25.0,65.0,0,50.0,50.0,50.0,34.0,16.99
218.0,59.41,25.75,8.03,7.09,1.5,2.81,218.0,4.294,58.158,24.351,0.63,8.517,0.068,0.0,0.0,0.0,0.0,0.0,0.0,0.0,95.92,8.0,143.88,0.0,1199.0,119.50999999999999,0.55,0.3,0.0,2.94,25.0,65.0,0,50.0,50.0,50.0,34.0,29.55
218.0,59.41,25.75,8.03,7.09,1.5,2.81,218.0,4.294,58.158,24.351,0.63,8.517,0.068,0.0,0.0,0.0,0.0,0.0,0.0,0.0,95.92,10.0,143.88,0.0,1199.0,119.50999999999999,0.55,0.3,0.0,2.94,25.0,65.0,0,50.0,50.0,50.0,34.0,40.8
109.0,59.41,25.75,8.03,7.09,1.5,2.81,327.0,4.294,58.158,24.351,0.63,8.517,0.068,0.0,0.0,0.0,0.0,0.0,0.0,0.0,95.92,12.0,143.88,0.0,1199.0,119.50999999999999,0.55,0.3,0.0,2.94,25.0,65.0,0,50.0,50.0,50.0,34.0,38.97
109.0,59.41,25.75,8.03,7.09,1.5,2.81,327.0,4.294,58.158,24.351,0.63,8.517,0.068,0.0,0.0,0.0,0.0,0.0,0.0,0.0,95.92,6.0,143.88,0.0,1199.0,119.50999999999999,0.55,0.3,0.0,2.94,25.0,65.0,0,50.0,50.0,50.0,34.0,7.02
109.0,59.41,25.75,8.03,7.09,1.5,2.81,327.0,4.294,58.158,24.351,0.63,8.517,0.068,0.0,0.0,0.0,0.0,0.0,0.0,0.0,95.92,8.0,143.88,0.0,1199.0,119.50999999999999,0.55,0.3,0.0,2.94,25.0,65.0,0,50.0,50.0,50.0,34.0,15.87
109.0,59.41,25.75,8.03,7.09,1.5,2.81,327.0,4.294,58.158,24.351,0.63,8.517,0.068,0.0,0.0,0.0,0.0,0.0,0.0,0.0,95.92,10.0,143.88,0.0,1199.0,119.50999999999999,0.55,0.3,0.0,2.94,25.0,65.0,0,50.0,50.0,50.0,34.0,25.44
109.0,59.41,25.75,8.03,7.09,1.5,2.81,327.0,4.294,58.158,24.351,0.63,8.517,0.068,0.0,0.0,0.0,0.0,0.0,0.0,0.0,95.92,12.0,143.88,0.0,1199.0,119.50999999999999,0.55,0.3,0.0,2.94,25.0,65.0,0,50.0,50.0,50.0,34.0,32.18
500.0,38.88,33.97,8.51,3.42,2.357,1.01,0.0,0.0,0.0,0.0,0.0,0.0,0.0,0.0,0.0,0.0,0.0,0.0,0.0,0.0,78.6,10.0,196.4,0.0,1250.0,45.0,0.55,0.1,0.0,1.0,25.0,65.0,0,50.0,50.0,50.0,21.46,25.12
475.0,38.88,33.97,8.51,3.42,2.357,1.01,0.0,0.0,0.0,0.0,0.0,0.0,0.0,25.0,0.0,0.0,0.0,0.0,0.0,0.0,78.6,10.0,196.4,0.0,1250.0,45.0,0.55,0.1,0.0,1.11,25.0,65.0,0,50.0,50.0,50.0,17.84,21.63
450.0,38.88,33.97,8.51,3.42,2.357,1.01,0.0,0.0,0.0,0.0,0.0,0.0,0.0,50.0,0.0,0.0,0.0,0.0,0.0,0.0,78.6,10.0,196.4,0.0,1250.0,45.0,0.55,0.1,0.0,1.11,25.0,65.0,0,50.0,50.0,50.0,18.27,23.05
425.0,38.88,33.97,8.51,3.42,2.357,1.01,0.0,0.0,0.0,0.0,0.0,0.0,0.0,75.0,0.0,0.0,0.0,0.0,0.0,0.0,78.6,10.0,196.4,0.0,1250.0,45.0,0.55,0.1,0.0,1.11,25.0,65.0,0,50.0,50.0,50.0,21.94,27.41
400.0,38.88,33.97,8.51,3.42,2.357,1.01,0.0,0.0,0.0,0.0,0.0,0.0,0.0,100.0,0.0,0.0,0.0,0.0,0.0,0.0,78.6,10.0,196.4,0.0,1250.0,45.0,0.55,0.1,0.0,1.11,25.0,65.0,0,50.0,50.0,50.0,24.18,31.62
375.0,38.88,33.97,8.51,3.42,2.357,1.01,0.0,0.0,0.0,0.0,0.0,0.0,0.0,150.0,0.0,0.0,0.0,0.0,0.0,0.0,78.6,10.0,196.4,0.0,1250.0,45.0,0.55,0.1,0.0,1.11,25.0,65.0,0,50.0,50.0,50.0,22.73,29.84
350.0,38.88,33.97,8.51,3.42,2.357,1.01,0.0,0.0,0.0,0.0,0.0,0.0,0.0,175.0,0.0,0.0,0.0,0.0,0.0,0.0,78.6,10.0,196.4,0.0,1250.0,45.0,0.55,0.1,0.0,1.11,25.0,65.0,0,50.0,50.0,50.0,20.56,27.93
500.0,38.88,33.97,8.51,3.42,2.357,1.01,0.0,0.0,0.0,0.0,0.0,0.0,0.0,0.0,0.0,0.0,0.0,0.0,0.0,0.0,78.6,10.0,196.4,0.0,1250.0,45.0,0.55,0.1,0.0,1.0,80.0,65.0,1,50.0,50.0,50.0,28.63,35.51
475.0,38.88,33.97,8.51,3.42,2.357,1.01,0.0,0.0,0.0,0.0,0.0,0.0,0.0,25.0,0.0,0.0,0.0,0.0,0.0,0.0,78.6,10.0,196.4,0.0,1250.0,45.0,0.55,0.1,0.0,1.11,80.0,65.0,1,50.0,50.0,50.0,18.54,23.06
450.0,38.88,33.97,8.51,3.42,2.357,1.01,0.0,0.0,0.0,0.0,0.0,0.0,0.0,50.0,0.0,0.0,0.0,0.0,0.0,0.0,78.6,10.0,196.4,0.0,1250.0,45.0,0.55,0.1,0.0,1.11,80.0,65.0,1,50.0,50.0,50.0,22.47,28.36
425.0,38.88,33.97,8.51,3.42,2.357,1.01,0.0,0.0,0.0,0.0,0.0,0.0,0.0,75.0,0.0,0.0,0.0,0.0,0.0,0.0,78.6,10.0,196.4,0.0,1250.0,45.0,0.55,0.1,0.0,1.11,80.0,65.0,1,50.0,50.0,50.0,28.95,34.82
400.0,38.88,33.97,8.51,3.42,2.357,1.01,0.0,0.0,0.0,0.0,0.0,0.0,0.0,100.0,0.0,0.0,0.0,0.0,0.0,0.0,78.6,10.0,196.4,0.0,1250.0,45.0,0.55,0.1,0.0,1.11,80.0,65.0,1,50.0,50.0,50.0,35.62,42.37
375.0,38.88,33.97,8.51,3.42,2.357,1.01,0.0,0.0,0.0,0.0,0.0,0.0,0.0,150.0,0.0,0.0,0.0,0.0,0.0,0.0,78.6,10.0,196.4,0.0,1250.0,45.0,0.55,0.1,0.0,1.11,80.0,65.0,1,50.0,50.0,50.0,41.74,48.96
350.0,38.88,33.97,8.51,3.42,2.357,1.01,0.0,0.0,0.0,0.0,0.0,0.0,0.0,175.0,0.0,0.0,0.0,0.0,0.0,0.0,78.6,10.0,196.4,0.0,1250.0,45.0,0.55,0.1,0.0,1.11,80.0,65.0,1,50.0,50.0,50.0,44.31,52.59
688.0,39.52,33.21,13.76,5.52,0.31,2.41,154.0,1.36,53.73,36.07,0.63,4.02,1.29,45.0,1.06,96.55,0.51,0.33,0.49,0.15,45.0,10.0,314.0,0.0,905.0,87.0,0.4,0.32,0.0,1.5,80.0,65.0,1,70.0,100.0,150.0,34.0,127.3
688.0,39.52,33.21,13.76,5.52,0.31,2.41,172.0,1.36,53.73,36.07,0.63,4.02,1.29,45.0,1.06,96.55,0.51,0.33,0.49,0.15,45.0,10.0,314.0,0.0,905.0,87.0,0.4,0.32,0.0,1.5,80.0,65.0,1,70.0,100.0,150.0,34.0,139.8
688.0,39.52,33.21,13.76,5.52,0.31,2.41,172.0,1.36,53.73,36.07,0.63,4.02,1.29,45.0,1.06,96.55,0.51,0.33,0.49,0.15,45.0,10.0,314.0,0.0,905.0,87.0,0.4,0.32,0.0,1.5,80.0,65.0,1,70.0,100.0,150.0,34.0,153.9
688.0,39.52,33.21,13.76,5.52,0.31,2.41,172.0,1.36,53.73,36.07,0.63,4.02,1.29,45.0,1.06,96.55,0.51,0.33,0.49,0.15,45.0,10.0,314.0,0.0,905.0,87.0,0.4,0.32,0.0,1.5,80.0,65.0,1,70.0,100.0,150.0,34.0,168.8
615.0,39.52,33.21,13.76,5.52,0.31,2.41,154.0,1.36,53.73,36.07,0.63,4.02,1.29,136.0,1.06,96.55,0.51,0.33,0.49,0.15,45.0,10.0,314.0,0.0,905.0,87.0,0.4,0.32,0.0,1.5,80.0,65.0,1,70.0,100.0,150.0,34.0,132.1
543.0,39.52,33.21,13.76,5.52,0.31,2.41,134.0,1.36,53.73,36.07,0.63,4.02,1.29,226.0,1.06,96.55,0.51,0.33,0.49,0.15,45.0,10.0,314.0,0.0,905.0,87.0,0.4,0.32,0.0,1.5,80.0,65.0,1,70.0,100.0,150.0,34.0,157.1
725.0,39.52,33.21,13.76,5.52,0.31,2.41,135.0,1.36,53.73,36.07,0.63,4.02,1.29,45.0,1.06,96.55,0.51,0.33,0.49,0.15,45.0,10.0,314.0,0.0,905.0,87.0,0.4,0.32,0.0,1.5,80.0,65.0,1,70.0,100.0,150.0,34.0,151.9
634.0,39.52,33.21,13.76,5.52,0.31,2.41,226.0,1.36,53.73,36.07,0.63,4.02,1.29,45.0,1.06,96.55,0.51,0.33,0.49,0.15,45.0,10.0,314.0,0.0,905.0,87.0,0.4,0.32,0.0,1.5,80.0,65.0,1,70.0,100.0,150.0,34.0,132.3
688.0,39.52,33.21,13.76,5.52,0.31,2.41,154.0,1.36,53.73,36.07,0.63,4.02,1.29,45.0,1.06,96.55,0.51,0.33,0.49,0.15,45.0,10.0,314.0,0.0,905.0,87.0,0.4,0.32,0.0,1.5,80.0,65.0,1,70.0,100.0,150.0,34.0,120.1
688.0,39.52,33.21,13.76,5.52,0.31,2.41,172.0,1.36,53.73,36.07,0.63,4.02,1.29,45.0,1.06,96.55,0.51,0.33,0.49,0.15,45.0,10.0,314.0,0.0,905.0,87.0,0.4,0.32,0.0,1.5,80.0,65.0,1,70.0,100.0,150.0,34.0,132.1
688.0,39.52,33.21,13.76,5.52,0.31,2.41,172.0,1.36,53.73,36.07,0.63,4.02,1.29,45.0,1.06,96.55,0.51,0.33,0.49,0.15,45.0,10.0,314.0,0.0,905.0,87.0,0.4,0.32,0.0,1.5,80.0,65.0,1,70.0,100.0,150.0,34.0,144.2
688.0,39.52,33.21,13.76,5.52,0.31,2.41,172.0,1.36,53.73,36.07,0.63,4.02,1.29,45.0,1.06,96.55,0.51,0.33,0.49,0.15,45.0,10.0,314.0,0.0,905.0,87.0,0.4,0.32,0.0,1.5,80.0,65.0,1,70.0,100.0,150.0,34.0,157.1
615.0,39.52,33.21,13.76,5.52,0.31,2.41,154.0,1.36,53.73,36.07,0.63,4.02,1.29,136.0,1.06,96.55,0.51,0.33,0.49,0.15,45.0,10.0,314.0,0.0,905.0,87.0,0.4,0.32,0.0,1.5,80.0,65.0,1,70.0,100.0,150.0,34.0,123.3
543.0,39.52,33.21,13.76,5.52,0.31,2.41,134.0,1.36,53.73,36.07,0.63,4.02,1.29,226.0,1.06,96.55,0.51,0.33,0.49,0.15,45.0,10.0,314.0,0.0,905.0,87.0,0.4,0.32,0.0,1.5,80.0,65.0,1,70.0,100.0,150.0,34.0,146.5
725.0,39.52,33.21,13.76,5.52,0.31,2.41,135.0,1.36,53.73,36.07,0.63,4.02,1.29,45.0,1.06,96.55,0.51,0.33,0.49,0.15,45.0,10.0,314.0,0.0,905.0,87.0,0.4,0.32,0.0,1.5,80.0,65.0,1,70.0,100.0,150.0,34.0,141.6
634.0,39.52,33.21,13.76,5.52,0.31,2.41,226.0,1.36,53.73,36.07,0.63,4.02,1.29,45.0,1.06,96.55,0.51,0.33,0.49,0.15,45.0,10.0,314.0,0.0,905.0,87.0,0.4,0.32,0.0,1.5,80.0,65.0,1,70.0,100.0,150.0,34.0,124.6
40.0,45.45,29.96,12.25,7.09,0.52,3.62,360.0,1.9,53.71,27.2,0.63,11.17,0.3,0.0,0.0,0.0,0.0,0.0,0.0,0.0,45.7,10.0,114.3,1029.0,651.0,8.0,0.4,0.02,0.0,2.5,20.0,70.0,0,150.0,150.0,150.0,31.0,47.0
80.0,45.45,29.96,12.25,7.09,0.52,3.62,320.0,1.9,53.71,27.2,0.63,11.17,0.3,0.0,0.0,0.0,0.0,0.0,0.0,0.0,45.7,10.0,114.3,1029.0,651.0,8.0,0.4,0.02,0.0,2.5,20.0,70.0,0,150.0,150.0,150.0,35.0,43.0
40.0,45.45,29.96,12.25,7.09,0.52,3.62,360.0,1.9,53.71,27.2,0.63,11.17,0.3,0.0,0.0,0.0,0.0,0.0,0.0,0.0,64.0,10.0,96.0,1029.0,651.0,8.0,0.4,0.02,0.0,1.5,20.0,70.0,0,150.0,150.0,150.0,29.0,54.0
80.0,45.45,29.96,12.25,7.09,0.52,3.62,320.0,1.9,53.71,27.2,0.63,11.17,0.3,0.0,0.0,0.0,0.0,0.0,0.0,0.0,64.0,10.0,96.0,1029.0,651.0,8.0,0.4,0.02,1.5,1.5,20.0,70.0,0,150.0,150.0,150.0,11.0,25.0
0.0,45.45,29.96,12.25,7.09,0.52,3.62,400.0,1.9,53.71,27.2,0.63,11.17,0.3,0.0,0.0,0.0,0.0,0.0,0.0,0.0,40.0,10.0,100.0,1222.0,658.0,8.0,0.35,0.02,1.5,2.5,20.0,70.0,0,150.0,150.0,150.0,15.0,27.0
40.0,45.45,29.96,12.25,7.09,0.52,3.62,360.0,1.9,53.71,27.2,0.63,11.17,0.3,0.0,0.0,0.0,0.0,0.0,0.0,0.0,40.0,10.0,100.0,1216.0,655.0,8.0,0.35,0.02,1.5,2.5,20.0,70.0,0,150.0,150.0,150.0,22.0,35.0
80.0,45.45,29.96,12.25,7.09,0.52,3.62,320.0,1.9,53.71,27.2,0.63,11.17,0.3,0.0,0.0,0.0,0.0,0.0,0.0,0.0,40.0,10.0,100.0,1216.0,655.0,8.0,0.35,0.02,1.5,2.5,20.0,70.0,0,150.0,150.0,150.0,8.0,27.0
0.0,45.45,29.96,12.25,7.09,0.52,3.62,400.0,1.9,53.71,27.2,0.63,11.17,0.3,0.0,0.0,0.0,0.0,0.0,0.0,0.0,60.0,10.0,84.0,1222.0,658.0,8.0,0.35,0.02,1.5,1.5,20.0,70.0,0,150.0,150.0,150.0,14.0,27.0
40.0,45.45,29.96,12.25,7.09,0.52,3.62,360.0,1.9,53.71,27.2,0.63,11.17,0.3,0.0,0.0,0.0,0.0,0.0,0.0,0.0,60.0,10.0,84.0,1216.0,655.0,8.0,0.35,0.02,1.5,1.5,20.0,70.0,0,150.0,150.0,150.0,25.0,45.0
80.0,45.45,29.96,12.25,7.09,0.52,3.62,320.0,1.9,53.71,27.2,0.63,11.17,0.3,0.0,0.0,0.0,0.0,0.0,0.0,0.0,60.0,10.0,84.0,1216.0,655.0,8.0,0.35,0.02,1.5,1.5,20.0,70.0,0,150.0,150.0,150.0,36.0,48.0
225.0,46.0,30.53,13.67,5.09,0.33,1.01,200.0,3.32,52.31,27.04,6.85,1.23,0.99,0.0,0.0,0.0,0.0,0.0,0.0,0.0,60.0,10.0,0.0,1050.0,0.0,119.50999999999999,0.6,0.3,0.0,2.0,23.0,65.0,0,50.0,50.0,50.0,0.0,1.5
225.0,46.0,30.53,13.67,5.09,0.33,1.01,200.0,3.32,52.31,27.04,6.85,1.23,0.99,0.0,0.0,0.0,0.0,0.0,0.0,0.0,60.0,10.0,0.0,1050.0,0.0,119.50999999999999,0.6,0.3,0.0,2.0,23.0,65.0,0,50.0,50.0,50.0,6.5,18.3
225.0,46.0,30.53,13.67,5.09,0.33,1.01,200.0,3.32,52.31,27.04,6.85,1.23,0.99,0.0,0.0,0.0,0.0,0.0,0.0,0.0,60.0,10.0,0.0,1050.0,0.0,119.50999999999999,0.6,0.3,0.0,2.0,23.0,65.0,0,50.0,50.0,50.0,15.5,27.1
225.0,46.0,30.53,13.67,5.09,0.33,1.01,200.0,3.32,52.31,27.04,6.85,1.23,0.99,0.0,0.0,0.0,0.0,0.0,0.0,0.0,20.0,10.0,40.0,1050.0,0.0,119.50999999999999,0.6,0.3,0.0,2.0,23.0,65.0,0,50.0,50.0,50.0,0.0,42.8
225.0,46.0,30.53,13.67,5.09,0.33,1.01,200.0,3.32,52.31,27.04,6.85,1.23,0.99,0.0,0.0,0.0,0.0,0.0,0.0,0.0,20.0,10.0,40.0,1050.0,0.0,119.50999999999999,0.6,0.3,0.0,2.0,23.0,65.0,0,50.0,50.0,50.0,84.9,114.5
225.0,46.0,30.53,13.67,5.09,0.33,1.01,200.0,3.32,52.31,27.04,6.85,1.23,0.99,0.0,0.0,0.0,0.0,0.0,0.0,0.0,20.0,10.0,40.0,1050.0,0.0,119.50999999999999,0.6,0.3,0.0,2.0,23.0,65.0,0,50.0,50.0,50.0,144.4,171.7
225.0,46.0,30.53,13.67,5.09,0.33,1.01,200.0,3.32,52.31,27.04,6.85,1.23,0.99,0.0,0.0,0.0,0.0,0.0,0.0,0.0,0.0,10.0,60.0,1050.0,0.0,119.50999999999999,0.6,0.3,0.0,2.0,23.0,65.0,0,50.0,50.0,50.0,0.0,0.0
225.0,46.0,30.53,13.67,5.09,0.33,1.01,200.0,3.32,52.31,27.04,6.85,1.23,0.99,0.0,0.0,0.0,0.0,0.0,0.0,0.0,0.0,10.0,60.0,1050.0,0.0,119.50999999999999,0.6,0.3,0.0,2.0,23.0,65.0,0,50.0,50.0,50.0,38.7,54.9
225.0,46.0,30.53,13.67,5.09,0.33,1.01,200.0,3.32,52.31,27.04,6.85,1.23,0.99,0.0,0.0,0.0,0.0,0.0,0.0,0.0,0.0,10.0,60.0,1050.0,0.0,119.50999999999999,0.6,0.3,0.0,2.0,23.0,65.0,0,50.0,50.0,50.0,119.6,173.0
1377.0,40.54,33.32,14.99,7.1,0.31,1.01,0.0,2.36,61.83,20.39,0.7,5.38,0.35,0.0,0.0,0.0,0.0,0.0,0.0,0.0,48.8,5.0,640.0,0.0,0.0,0.0,0.5,0.3,0.0,0.0,24.0,65.0,2,50.0,50.0,50.0,41.82,46.61
1102.0,40.54,33.32,14.99,7.1,0.31,1.01,215.0,2.36,61.83,20.39,0.7,5.38,0.35,0.0,0.0,0.0,0.0,0.0,0.0,0.0,48.8,5.0,640.0,0.0,0.0,0.0,0.5,0.3,0.0,0.0,24.0,65.0,2,50.0,50.0,50.0,38.74,42.95
826.0,40.54,33.32,14.99,7.1,0.31,1.01,429.0,2.36,61.83,20.39,0.7,5.38,0.35,0.0,0.0,0.0,0.0,0.0,0.0,0.0,48.8,5.0,640.0,0.0,0.0,0.0,0.5,0.3,0.0,0.0,24.0,65.0,2,50.0,50.0,50.0,33.58,37.12
551.0,40.54,33.32,14.99,7.1,0.31,1.01,643.0,2.36,61.83,20.39,0.7,5.38,0.35,0.0,0.0,0.0,0.0,0.0,0.0,0.0,48.8,5.0,640.0,0.0,0.0,0.0,0.5,0.3,0.0,0.0,24.0,65.0,2,50.0,50.0,50.0,27.96,31.88
1365.0,40.54,33.32,14.99,7.1,0.31,1.01,0.0,2.36,61.83,20.39,0.7,5.38,0.35,0.0,0.0,0.0,0.0,0.0,0.0,0.0,96.7,5.0,586.0,0.0,0.0,0.0,0.5,0.3,0.0,0.0,24.0,65.0,2,50.0,50.0,50.0,74.63,85.09
1092.0,40.54,33.32,14.99,7.1,0.31,1.01,213.0,2.36,61.83,20.39,0.7,5.38,0.35,0.0,0.0,0.0,0.0,0.0,0.0,0.0,96.7,5.0,586.0,0.0,0.0,0.0,0.5,0.3,0.0,0.0,24.0,65.0,2,50.0,50.0,50.0,70.44,79.83
819.0,40.54,33.32,14.99,7.1,0.31,1.01,425.0,2.36,61.83,20.39,0.7,5.38,0.35,0.0,0.0,0.0,0.0,0.0,0.0,0.0,96.7,5.0,586.0,0.0,0.0,0.0,0.5,0.3,0.0,0.0,24.0,65.0,2,50.0,50.0,50.0,64.92,72.18
546.0,40.54,33.32,14.99,7.1,0.31,1.01,638.0,2.36,61.83,20.39,0.7,5.38,0.35,0.0,0.0,0.0,0.0,0.0,0.0,0.0,96.7,5.0,586.0,0.0,0.0,0.0,0.5,0.3,0.0,0.0,24.0,65.0,2,50.0,50.0,50.0,55.37,62.74
1353.0,40.54,33.32,14.99,7.1,0.31,1.01,0.0,2.36,61.83,20.39,0.7,5.38,0.35,0.0,0.0,0.0,0.0,0.0,0.0,0.0,143.7,5.0,533.0,0.0,0.0,0.0,0.5,0.3,0.0,0.0,24.0,65.0,2,50.0,50.0,50.0,85.47,93.06
1082.0,40.54,33.32,14.99,7.1,0.31,1.01,211.0,2.36,61.83,20.39,0.7,5.38,0.35,0.0,0.0,0.0,0.0,0.0,0.0,0.0,143.7,5.0,533.0,0.0,0.0,0.0,0.5,0.3,0.0,0.0,24.0,65.0,2,50.0,50.0,50.0,80.18,87.96
812.0,40.54,33.32,14.99,7.1,0.31,1.01,421.0,2.36,61.83,20.39,0.7,5.38,0.35,0.0,0.0,0.0,0.0,0.0,0.0,0.0,143.7,5.0,533.0,0.0,0.0,0.0,0.5,0.3,0.0,0.0,24.0,65.0,2,50.0,50.0,50.0,72.64,79.5
541.0,40.54,33.32,14.99,7.1,0.31,1.01,632.0,2.36,61.83,20.39,0.7,5.38,0.35,0.0,0.0,0.0,0.0,0.0,0.0,0.0,143.7,5.0,533.0,0.0,0.0,0.0,0.5,0.3,0.0,0.0,24.0,65.0,2,50.0,50.0,50.0,63.11,69.82
0.0,0.0,0.0,0.0,0.0,0.0,0.0,1600.0,2.9,55.3,25.8,0.8,5.5,0.3,0.0,0.0,0.0,0.0,0.0,0.0,0.0,400.0,6.0,400.0,0.0,2400.0,160.0,0.5,0.1,9.98,0.0,60.0,65.0,1,50.0,50.0,50.0,9.9,25.9
0.0,0.0,0.0,0.0,0.0,0.0,0.0,1600.0,2.9,55.3,25.8,0.8,5.5,0.3,0.0,0.0,0.0,0.0,0.0,0.0,0.0,400.0,9.0,400.0,0.0,2400.0,160.0,0.5,0.1,8.01,0.0,60.0,65.0,1,50.0,50.0,50.0,18.2,43.1
0.0,0.0,0.0,0.0,0.0,0.0,0.0,1600.0,2.9,55.3,25.8,0.8,5.5,0.3,0.0,0.0,0.0,0.0,0.0,0.0,0.0,400.0,12.0,400.0,0.0,2400.0,160.0,0.5,0.1,6.83,0.0,60.0,65.0,1,50.0,50.0,50.0,20.5,44.8
0.0,0.0,0.0,0.0,0.0,0.0,0.0,1600.0,2.9,55.3,25.8,0.8,5.5,0.3,0.0,0.0,0.0,0.0,0.0,0.0,0.0,0.0,9.0,800.0,0.0,2400.0,160.0,0.5,0.1,14.5,0.0,60.0,65.0,1,50.0,50.0,50.0,8.6,13.1
0.0,0.0,0.0,0.0,0.0,0.0,0.0,1600.0,2.9,55.3,25.8,0.8,5.5,0.3,0.0,0.0,0.0,0.0,0.0,0.0,0.0,200.0,9.0,600.0,0.0,2400.0,160.0,0.5,0.1,10.5,0.0,60.0,65.0,1,50.0,50.0,50.0,14.6,32.3
0.0,0.0,0.0,0.0,0.0,0.0,0.0,1600.0,2.9,55.3,25.8,0.8,5.5,0.3,0.0,0.0,0.0,0.0,0.0,0.0,0.0,400.0,9.0,400.0,0.0,2400.0,160.0,0.5,0.1,8.01,0.0,60.0,65.0,1,50.0,50.0,50.0,18.2,43.1
0.0,0.0,0.0,0.0,0.0,0.0,0.0,1600.0,2.9,55.3,25.8,0.8,5.5,0.3,0.0,0.0,0.0,0.0,0.0,0.0,0.0,600.0,9.0,200.0,0.0,2400.0,160.0,0.5,0.1,6.32,0.0,60.0,65.0,1,50.0,50.0,50.0,17.6,22.8
0.0,0.0,0.0,0.0,0.0,0.0,0.0,1600.0,2.9,55.3,25.8,0.8,5.5,0.3,0.0,0.0,0.0,0.0,0.0,0.0,0.0,800.0,9.0,0.0,0.0,2400.0,160.0,0.5,0.1,5.0,0.0,60.0,65.0,1,50.0,50.0,50.0,5.9,138.0
400.0,40.7,32.4,14.96,5.99,0.83,2.74,200.0,2.27,62.2,27.5,1.05,3.92,0.35,0.0,0.92,85.76,1.89,0.81,0.56,0.3,56.0,10.0,84.0,1208.0,650.0,48.0,0.35,0.12,5.0,1.5,25.0,65.0,0,150.0,150.0,150.0,40.89,46.75
400.0,40.7,32.4,14.96,5.99,0.83,2.74,200.0,2.27,62.2,27.5,1.05,3.92,0.35,0.0,0.92,85.76,1.89,0.81,0.56,0.3,60.0,12.0,120.0,1182.0,636.0,48.0,0.45,0.12,5.0,2.0,25.0,65.0,0,150.0,150.0,150.0,38.47,38.98
400.0,40.7,32.4,14.96,5.99,0.83,2.74,200.0,2.27,62.2,27.5,1.05,3.92,0.35,0.0,0.92,85.76,1.89,0.81,0.56,0.3,63.0,14.0,157.0,1156.0,622.0,48.0,0.55,0.12,5.0,2.5,25.0,65.0,0,150.0,150.0,150.0,36.94,42.55
450.0,40.7,32.4,14.96,5.99,0.83,2.74,200.0,2.27,62.2,27.5,1.05,3.92,0.35,0.0,0.92,85.76,1.89,0.81,0.56,0.3,53.0,14.0,105.0,1161.0,625.0,54.0,0.35,0.12,5.0,2.0,25.0,65.0,0,150.0,150.0,150.0,56.05,61.15
450.0,40.7,32.4,14.96,5.99,0.83,2.74,200.0,2.27,62.2,27.5,1.05,3.92,0.35,0.0,0.92,85.76,1.89,0.81,0.56,0.3,58.0,10.0,145.0,1132.0,609.0,54.0,0.45,0.12,5.0,2.5,25.0,65.0,0,150.0,150.0,150.0,41.4,42.24
450.0,40.7,32.4,14.96,5.99,0.83,2.74,200.0,2.27,62.2,27.5,1.05,3.92,0.35,0.0,0.92,85.76,1.89,0.81,0.56,0.3,99.0,12.0,149.0,1102.0,594.0,54.0,0.55,0.12,5.0,1.5,25.0,65.0,0,150.0,150.0,150.0,35.03,37.32
500.0,40.7,32.4,14.96,5.99,0.83,2.74,200.0,2.27,62.2,27.5,1.05,3.92,0.35,0.0,0.92,85.76,1.89,0.81,0.56,0.3,50.0,12.0,125.0,1115.0,600.0,60.0,0.35,0.12,5.0,2.5,25.0,65.0,0,150.0,150.0,150.0,52.23,59.5
500.0,40.7,32.4,14.96,5.99,0.83,2.74,200.0,2.27,62.2,27.5,1.05,3.92,0.35,0.0,0.92,85.76,1.89,0.81,0.56,0.3,90.0,14.0,135.0,1082.0,583.0,60.0,0.45,0.12,5.0,1.5,25.0,65.0,0,150.0,150.0,150.0,40.13,42.93
500.0,40.7,32.4,14.96,5.99,0.83,2.74,200.0,2.27,62.2,27.5,1.05,3.92,0.35,0.0,0.92,85.76,1.89,0.81,0.56,0.3,92.0,10.0,183.0,1050.0,565.0,60.0,0.55,0.12,5.0,2.0,25.0,60.0,0,150.0,150.0,150.0,32.61,34.4
75.0,40.15,35.32,15.63,6.54,1.56,1.01,175.0,3.25,50.13,27.28,1.52,9.28,0.35,0.0,0.0,0.0,0.0,0.0,0.0,0.0,80.0,16.0,120.0,1088.0,806.0,116.39,0.8,0.3,0.0,1.5,27.0,60.0,0,100.0,100.0,100.0,28.64,32.48
85.0,40.15,35.32,15.63,6.54,1.56,1.01,200.0,3.25,50.13,27.28,1.52,9.28,0.35,0.0,0.0,0.0,0.0,0.0,0.0,0.0,80.0,16.0,120.0,1070.0,793.0,116.39,0.7,0.3,0.5,1.5,27.0,60.0,0,100.0,100.0,100.0,31.52,36.27
100.0,40.15,35.32,15.63,6.54,1.56,1.01,233.0,3.25,50.13,27.28,1.52,9.28,0.35,0.0,0.0,0.0,0.0,0.0,0.0,0.0,80.0,16.0,120.0,1046.0,776.0,116.39,0.6,0.3,1.3,1.5,27.0,60.0,0,100.0,100.0,100.0,34.88,40.63
120.0,40.15,35.32,15.63,6.54,1.56,1.01,280.0,3.25,50.13,27.28,1.52,9.28,0.35,0.0,0.0,0.0,0.0,0.0,0.0,0.0,80.0,16.0,120.0,1013.0,751.0,116.39,0.5,0.3,1.6,1.5,27.0,60.0,0,100.0,100.0,100.0,38.97,44.76
150.0,40.15,35.32,15.63,6.54,1.56,1.01,350.0,3.25,50.13,27.28,1.52,9.28,0.35,0.0,0.0,0.0,0.0,0.0,0.0,0.0,80.0,16.0,120.0,963.0,714.0,116.39,0.4,0.3,1.9,1.5,27.0,60.0,0,100.0,100.0,100.0,47.35,54.18
200.0,40.15,35.32,15.63,6.54,1.56,1.01,466.0,3.25,50.13,27.28,1.52,9.28,0.35,0.0,0.0,0.0,0.0,0.0,0.0,0.0,80.0,16.0,120.0,880.0,752.0,116.39,0.3,0.3,2.1,1.5,27.0,60.0,0,100.0,100.0,100.0,52.61,59.84
