GGBS_kg_m3,GGBS_CaO_%,GGBS_SiO2_%,GGBS_Al2O3_%,FlyAsh_kg_m3,FA_CaO_%,FA_SiO2_%,FA_Al2O3_%,SF_CaO_%,SF_SiO2_%,SF_Al2O3_%,Total NaOH (kg in 1m3 mix),Concentration (M) NaOH,Total Na2SiO3 (kg in 1m3 of mix),Coarse Aggregate (kg/m3),Fine Aggregates (kg/m3),Activator_Binder_Ratio,Water_Binder_Ratio,Superplasticizer_%,Relative Humidity,CS 7 day (Mpa),CS 28 day (Mpa),Total_Binders,Total_SiO2,Total_CaO,Total_Al2O3,SiO2 / Al2O3,CaO / Al2O3,CaO / SiO2
0.0,47.75,27.17,8.6,650.0,15.48,48.43,17.15,0.0,0.0,0.0,232.1,12.0,92.9,0.0,1040.0,0.5,0.3,0.64,60.0,34.0,29.0,650.0,48.43,15.48,17.15,2.823906705539359,2.823906705539359,0.3196365888911832
650.0,47.75,27.17,8.6,0.0,15.48,48.43,17.15,0.0,0.0,0.0,232.1,12.0,92.9,0.0,1040.0,0.5,0.3,0.64,60.0,34.0,40.0,650.0,27.17,47.75,8.6,3.159302325581396,3.159302325581396,1.7574530732425468
325.0,47.75,27.17,8.6,325.0,15.48,48.43,17.15,0.0,0.0,0.0,232.1,12.0,92.9,0.0,1040.0,0.5,0.3,0.64,60.0,34.0,45.0,650.0,37.8,31.615,12.875,2.935922330097087,2.935922330097087,0.8363756613756614
0.0,47.75,27.17,8.6,637.0,15.48,48.43,17.15,0.0,0.0,0.0,232.1,12.0,92.9,0.0,1040.0,0.5,0.3,0.64,60.0,34.0,48.0,637.0,48.43,15.48,17.15,2.823906705539359,2.823906705539359,0.3196365888911832
637.0,47.75,27.17,8.6,0.0,15.48,48.43,17.15,0.0,0.0,0.0,232.1,12.0,92.9,0.0,1040.0,0.5,0.3,0.64,60.0,34.0,50.32,637.0,27.17,47.75,8.6,3.159302325581396,3.159302325581396,1.7574530732425468
318.5,47.75,27.17,8.6,318.15,15.48,48.43,17.15,0.0,0.0,0.0,232.1,12.0,92.9,0.0,1040.0,0.5,0.3,0.64,60.0,34.0,61.91,636.65,37.794156129741616,31.62387025838373,12.872649807586585,2.936004373199632,2.936004373199632,0.8367396840353776
0.0,56.1,21.0,17.0,1176.6,2.6,46.0,33.0,0.0,0.0,0.0,54.1,14.0,196.1,0.0,0.0,0.5,0.28,0.0,65.0,34.0,3.0,1176.6,46.0,2.6,33.0,1.393939393939394,1.393939393939394,0.05652173913043478
362.7,56.1,21.0,17.0,846.2,2.6,46.0,33.0,0.0,0.0,0.0,55.6,14.0,201.5,0.0,0.0,0.5,0.28,0.0,65.0,34.0,38.0,1208.9,38.49937960129043,18.65132765323848,28.199602944825873,1.365245449612062,1.365245449612062,0.4844578755916711
615.6,56.1,21.0,17.0,615.6,2.6,46.0,33.0,0.0,0.0,0.0,56.6,14.0,205.2,0.0,0.0,0.5,0.28,0.0,65.0,34.8,32.8,1231.2,33.5,29.35,25.0,1.34,1.34,0.8761194029850746
878.1,56.1,21.0,17.0,376.3,2.6,46.0,33.0,0.0,0.0,0.0,57.7,14.0,209.1,0.0,0.0,0.5,0.28,0.0,65.0,34.0,58.0,1254.4,28.499601403061224,40.05085299744898,21.79974489795918,1.307336463635832,1.307336463635832,1.4053127421335443
1291.1,56.1,21.0,17.0,0.0,2.6,46.0,33.0,0.0,0.0,0.0,59.4,14.0,215.2,0.0,0.0,0.5,0.28,0.0,65.0,34.0,65.0,1291.1,21.0,56.099999999999994,17.0,1.2352941176470589,1.2352941176470589,2.6714285714285713
615.6,56.1,21.0,17.0,615.6,2.6,46.0,33.0,0.0,0.0,0.0,56.6,14.0,205.2,0.0,0.0,0.5,0.28,1.0,65.0,38.0,36.0,1231.2,33.5,29.35,25.0,1.34,1.34,0.8761194029850746
615.6,56.1,21.0,17.0,615.6,2.6,46.0,33.0,0.0,0.0,0.0,56.6,14.0,205.2,0.0,0.0,0.5,0.28,2.0,65.0,41.6,46.7,1231.2,33.5,29.35,25.0,1.34,1.34,0.8761194029850746
615.6,56.1,21.0,17.0,615.6,2.6,46.0,33.0,0.0,0.0,0.0,56.6,14.0,205.2,0.0,0.0,0.5,0.28,3.0,65.0,36.0,40.0,1231.2,33.5,29.35,25.0,1.34,1.34,0.8761194029850746
615.6,56.1,21.0,17.0,615.6,2.6,46.0,33.0,0.0,0.0,0.0,56.6,14.0,205.2,0.0,0.0,0.5,0.28,4.0,65.0,36.0,38.0,1231.2,33.5,29.35,25.0,1.34,1.34,0.8761194029850746
615.6,56.1,21.0,17.0,615.6,2.6,46.0,33.0,0.0,0.0,0.0,56.6,14.0,205.2,0.0,0.0,0.5,0.28,1.0,65.0,35.0,37.0,1231.2,33.5,29.35,25.0,1.34,1.34,0.8761194029850746
615.6,56.1,21.0,17.0,615.6,2.6,46.0,33.0,0.0,0.0,0.0,56.6,14.0,205.2,0.0,0.0,0.5,0.28,2.0,65.0,35.0,38.0,1231.2,33.5,29.35,25.0,1.34,1.34,0.8761194029850746
615.6,56.1,21.0,17.0,615.6,2.6,46.0,33.0,0.0,0.0,0.0,56.6,14.0,205.2,0.0,0.0,0.5,0.28,3.0,65.0,36.0,36.0,1231.2,33.5,29.35,25.0,1.34,1.34,0.8761194029850746
615.6,56.1,21.0,17.0,615.6,2.6,46.0,33.0,0.0,0.0,0.0,56.6,14.0,205.2,0.0,0.0,0.5,0.28,4.0,65.0,34.0,35.0,1231.2,33.5,29.35,25.0,1.34,1.34,0.8761194029850746
0.0,56.1,21.0,17.0,1176.6,2.6,46.0,33.0,0.0,0.0,0.0,54.1,14.0,196.1,0.0,0.0,0.5,0.28,4.0,65.0,33.0,3.0,1176.6,46.0,2.6,33.0,1.393939393939394,1.393939393939394,0.05652173913043478
362.7,56.1,21.0,17.0,846.2,2.6,46.0,33.0,0.0,0.0,0.0,55.6,14.0,201.5,0.0,0.0,0.5,0.28,4.0,65.0,34.0,35.0,1208.9,38.49937960129043,18.65132765323848,28.199602944825873,1.365245449612062,1.365245449612062,0.4844578755916711
878.1,56.1,21.0,17.0,376.3,2.6,46.0,33.0,0.0,0.0,0.0,57.7,14.0,209.1,0.0,0.0,0.5,0.28,4.0,65.0,34.0,55.0,1254.4,28.499601403061224,40.05085299744898,21.79974489795918,1.307336463635832,1.307336463635832,1.4053127421335443
1291.1,56.1,21.0,17.0,0.0,2.6,46.0,33.0,0.0,0.0,0.0,59.4,14.0,215.2,0.0,0.0,0.5,0.28,4.0,65.0,34.0,60.0,1291.1,21.0,56.099999999999994,17.0,1.2352941176470589,1.2352941176470589,2.6714285714285713
0.0,56.1,21.0,17.0,1176.6,2.6,46.0,33.0,0.0,0.0,0.0,54.1,14.0,196.1,0.0,0.0,0.5,0.28,4.0,65.0,34.0,3.0,1176.6,46.0,2.6,33.0,1.393939393939394,1.393939393939394,0.05652173913043478
362.7,56.1,21.0,17.0,846.2,2.6,46.0,33.0,0.0,0.0,0.0,55.6,14.0,201.5,0.0,0.0,0.5,0.28,4.0,65.0,34.0,35.0,1208.9,38.49937960129043,18.65132765323848,28.199602944825873,1.365245449612062,1.365245449612062,0.4844578755916711
878.1,56.1,21.0,17.0,376.3,2.6,46.0,33.0,0.0,0.0,0.0,57.7,14.0,209.1,0.0,0.0,0.5,0.28,4.0,65.0,34.0,55.0,1254.4,28.499601403061224,40.05085299744898,21.79974489795918,1.307336463635832,1.307336463635832,1.4053127421335443
1291.1,56.1,21.0,17.0,0.0,2.6,46.0,33.0,0.0,0.0,0.0,59.4,14.0,215.2,0.0,0.0,0.5,0.28,4.0,65.0,34.0,60.0,1291.1,21.0,56.099999999999994,17.0,1.2352941176470589,1.2352941176470589,2.6714285714285713
0.0,56.1,21.0,17.0,1176.6,2.6,46.0,33.0,0.0,0.0,0.0,54.1,14.0,196.1,0.0,0.0,0.5,0.28,1.0,65.0,34.0,3.0,1176.6,46.0,2.6,33.0,1.393939393939394,1.393939393939394,0.05652173913043478
0.0,56.1,21.0,17.0,1176.6,2.6,46.0,33.0,0.0,0.0,0.0,54.1,14.0,196.1,0.0,0.0,0.5,0.28,2.0,65.0,34.0,3.0,1176.6,46.0,2.6,33.0,1.393939393939394,1.393939393939394,0.05652173913043478
0.0,56.1,21.0,17.0,1176.6,2.6,46.0,33.0,0.0,0.0,0.0,54.1,14.0,196.1,0.0,0.0,0.5,0.28,3.0,65.0,34.0,35.0,1176.6,46.0,2.6,33.0,1.393939393939394,1.393939393939394,0.05652173913043478
362.7,56.1,21.0,17.0,846.2,2.6,46.0,33.0,0.0,0.0,0.0,55.6,14.0,201.5,0.0,0.0,0.5,0.28,1.0,65.0,34.0,36.0,1208.9,38.49937960129043,18.65132765323848,28.199602944825873,1.365245449612062,1.365245449612062,0.4844578755916711
362.7,56.1,21.0,17.0,846.2,2.6,46.0,33.0,0.0,0.0,0.0,55.6,14.0,201.5,0.0,0.0,0.5,0.28,2.0,65.0,34.0,36.0,1208.9,38.49937960129043,18.65132765323848,28.199602944825873,1.365245449612062,1.365245449612062,0.4844578755916711
362.7,56.1,21.0,17.0,846.2,2.6,46.0,33.0,0.0,0.0,0.0,55.6,14.0,201.5,0.0,0.0,0.5,0.28,3.0,65.0,34.0,55.0,1208.9,38.49937960129043,18.65132765323848,28.199602944825873,1.365245449612062,1.365245449612062,0.4844578755916711
878.1,56.1,21.0,17.0,376.3,2.6,46.0,33.0,0.0,0.0,0.0,57.7,14.0,209.1,0.0,0.0,0.5,0.28,1.0,65.0,34.0,55.0,1254.4,28.499601403061224,40.05085299744898,21.79974489795918,1.307336463635832,1.307336463635832,1.4053127421335443
878.1,56.1,21.0,17.0,376.3,2.6,46.0,33.0,0.0,0.0,0.0,57.7,14.0,209.1,0.0,0.0,0.5,0.28,2.0,65.0,34.0,55.0,1254.4,28.499601403061224,40.05085299744898,21.79974489795918,1.307336463635832,1.307336463635832,1.4053127421335443
878.1,56.1,21.0,17.0,376.3,2.6,46.0,33.0,0.0,0.0,0.0,57.7,14.0,209.1,0.0,0.0,0.5,0.28,3.0,65.0,34.0,60.0,1254.4,28.499601403061224,40.05085299744898,21.79974489795918,1.307336463635832,1.307336463635832,1.4053127421335443
1291.1,56.1,21.0,17.0,0.0,2.6,46.0,33.0,0.0,0.0,0.0,59.4,14.0,215.2,0.0,0.0,0.5,0.28,1.0,65.0,34.0,60.0,1291.1,21.0,56.099999999999994,17.0,1.2352941176470589,1.2352941176470589,2.6714285714285713
1291.1,56.1,21.0,17.0,0.0,2.6,46.0,33.0,0.0,0.0,0.0,59.4,14.0,215.2,0.0,0.0,0.5,0.28,2.0,65.0,34.0,60.0,1291.1,21.0,56.099999999999994,17.0,1.2352941176470589,1.2352941176470589,2.6714285714285713
1291.1,56.1,21.0,17.0,0.0,2.6,46.0,33.0,0.0,0.0,0.0,59.4,10.0,215.2,0.0,0.0,0.5,0.28,3.0,65.0,34.0,65.0,1291.1,21.0,56.099999999999994,17.0,1.2352941176470589,1.2352941176470589,2.6714285714285713
200.0,38.8,33.8,14.8,200.0,1.32,52.6,34.1,0.0,0.0,0.0,9.0,10.0,56.0,1074.0,716.0,0.45,0.36,3.0,90.0,25.0,31.7,400.0,43.2,20.06,24.45,1.766871165644172,1.766871165644172,0.4643518518518518
200.0,38.8,33.8,14.8,200.0,1.32,52.6,34.1,0.0,0.0,0.0,12.0,10.0,74.0,1068.0,712.0,0.45,0.33,4.0,90.0,35.0,49.3,400.0,43.2,20.06,24.45,1.766871165644172,1.766871165644172,0.4643518518518518
200.0,38.8,33.8,14.8,200.0,1.32,52.6,34.1,0.0,0.0,0.0,15.0,10.0,93.0,1062.0,708.0,0.45,0.305,5.0,90.0,45.0,58.2,400.0,43.2,20.06,24.45,1.766871165644172,1.766871165644172,0.4643518518518518
200.0,38.8,33.8,14.8,200.0,1.32,52.6,34.1,0.0,0.0,0.0,19.0,10.0,62.0,1068.0,712.0,0.45,0.35,5.0,90.0,32.0,44.4,400.0,43.2,20.06,24.45,1.766871165644172,1.766871165644172,0.4643518518518518
200.0,38.8,33.8,14.8,200.0,1.32,52.6,34.1,0.0,0.0,0.0,12.0,10.0,124.0,1056.0,704.0,0.45,0.26,5.0,90.0,46.0,65.0,400.0,43.2,20.06,24.45,1.766871165644172,1.766871165644172,0.4643518518518518
200.0,38.8,33.8,14.8,200.0,1.32,52.6,34.1,0.0,0.0,0.0,15.0,10.0,93.0,1074.0,716.0,0.4,0.255,5.0,90.0,48.0,65.7,400.0,43.2,20.06,24.45,1.766871165644172,1.766871165644172,0.4643518518518518
200.0,38.8,33.8,14.8,200.0,1.32,52.6,34.1,0.0,0.0,0.0,15.0,10.0,93.0,1050.0,700.0,0.5,0.355,5.0,90.0,34.0,42.3,400.0,43.2,20.06,24.45,1.766871165644172,1.766871165644172,0.4643518518518518
300.0,38.8,33.8,14.8,100.0,1.32,52.6,34.1,0.0,0.0,0.0,12.0,10.0,74.0,1068.0,712.0,0.45,0.33,4.0,90.0,40.0,52.1,400.0,38.5,29.43,19.625,1.9617834394904459,1.9617834394904459,0.7644155844155844
400.0,38.8,33.8,14.8,0.0,1.32,52.6,34.1,0.0,0.0,0.0,12.0,10.0,74.0,1068.0,712.0,0.45,0.33,4.0,90.0,48.0,63.1,400.0,33.8,38.8,14.8,2.2837837837837833,2.2837837837837833,1.1479289940828403
128.0,43.17,31.65,12.4,298.0,2.36,54.99,28.72,0.4,93.74,0.19,61.0,12.0,152.0,1108.0,596.0,0.5,0.0,0.0,65.0,20.7,36.6,426.0,47.97704225352113,14.622159624413145,23.816338028169014,2.014459242087335,2.014459242087335,0.3047740948086477
170.0,43.17,31.65,12.4,256.0,2.36,54.99,28.72,0.4,93.74,0.19,61.0,12.0,152.0,1108.0,596.0,0.5,0.0,0.0,65.0,24.5,39.2,426.0,45.67591549295775,18.64568075117371,22.207323943661972,2.056795118981176,2.056795118981176,0.40821690271426475
213.0,43.17,31.65,12.4,213.0,2.36,54.99,28.72,0.4,93.74,0.19,61.0,12.0,152.0,1108.0,596.0,0.5,0.0,0.0,65.0,26.0,41.8,426.0,43.32,22.765000000000004,20.56,2.1070038910505837,2.1070038910505837,0.5255078485687905
256.0,43.17,31.65,12.4,170.0,2.36,54.99,28.72,0.4,93.74,0.19,61.0,12.0,152.0,1108.0,596.0,0.5,0.0,0.0,65.0,24.7,38.2,426.0,40.96408450704226,26.884319248826294,18.912676056338025,2.165959189752756,2.165959189752756,0.6562900055585162
213.0,43.17,31.65,12.4,191.0,2.36,54.99,28.72,0.4,93.74,0.19,61.0,12.0,152.0,1108.0,596.0,0.5,0.0,0.0,65.0,27.1,43.2,426.0,45.321173708920185,22.663779342723007,19.08661971830986,2.374499747875389,2.374499747875389,0.5000704414295053
213.0,43.17,31.65,12.4,170.0,2.36,54.99,28.72,0.4,93.74,0.19,61.0,12.0,152.0,1108.0,596.0,0.5,0.0,0.0,65.0,30.1,49.2,426.0,47.231384976525824,22.56715962441315,17.680211267605635,2.6714265039957406,2.6714265039957406,0.47780008220443065
213.0,43.17,31.65,12.4,149.0,2.36,54.99,28.72,0.4,93.74,0.19,61.0,12.0,152.0,1108.0,596.0,0.5,0.0,0.0,65.0,33.3,52.2,426.0,49.141596244131456,22.470539906103287,16.27380281690141,3.0196750444275198,3.0196750444275198,0.4572610908785191
213.0,43.17,31.65,12.4,127.0,2.36,54.99,28.72,0.4,93.74,0.19,61.0,12.0,152.0,1108.0,596.0,0.5,0.0,0.0,65.0,28.7,47.5,426.0,51.14276995305164,22.36931924882629,14.800422535211268,3.455493911162287,3.455493911162287,0.43738966953414954
500.0,36.82,26.75,19.66,0.0,5.6,45.1,24.2,0.12,96.65,0.31,4.3,10.0,193.9,1104.0,621.0,0.4,0.13,4.0,65.0,67.55,73.19,500.0,26.75,36.82,19.66,1.3606307222787386,1.3606307222787386,1.3764485981308412
417.0,36.82,26.75,19.66,0.0,5.6,45.1,24.2,0.12,96.65,0.31,3.6,10.0,161.8,1085.0,724.0,0.4,0.2,3.3,65.0,59.64,65.5,417.0,26.75,36.82,19.66,1.3606307222787386,1.3606307222787386,1.3764485981308412
350.0,36.82,26.75,19.66,0.0,5.6,45.1,24.2,0.12,96.65,0.31,3.0,10.0,135.8,1050.0,825.0,0.4,0.28,2.8,65.0,53.61,55.89,350.0,26.75,36.82,19.66,1.3606307222787386,1.3606307222787386,1.3764485981308412
417.0,36.82,26.75,19.66,0.0,5.6,45.1,24.2,0.12,96.65,0.31,1.2,10.0,53.9,1085.0,724.0,0.4,0.34,3.3,65.0,46.8,49.85,417.0,26.75,36.82,19.66,1.3606307222787386,1.3606307222787386,1.3764485981308412
417.0,36.82,26.75,19.66,0.0,5.6,45.1,24.2,0.12,96.65,0.31,2.4,10.0,107.8,1085.0,724.0,0.4,0.274,3.3,65.0,55.25,62.51,417.0,26.75,36.82,19.66,1.3606307222787386,1.3606307222787386,1.3764485981308412
417.0,36.82,26.75,19.66,0.0,5.6,45.1,24.2,0.12,96.65,0.31,4.8,10.0,215.7,1085.0,724.0,0.4,0.12,3.3,65.0,70.24,75.89,417.0,26.75,36.82,19.66,1.3606307222787386,1.3606307222787386,1.3764485981308412
375.3,36.82,26.75,19.66,41.7,5.6,45.1,24.2,0.12,96.65,0.31,3.6,10.0,161.8,1085.0,724.0,0.4,0.2,3.3,65.0,64.73,67.81,417.0,28.585,33.698,20.114,1.4211494481455702,1.4211494481455702,1.178870036732552
333.6,36.82,26.75,19.66,83.4,5.6,45.1,24.2,0.12,96.65,0.31,3.6,10.0,161.8,1085.0,724.0,0.4,0.2,3.3,65.0,67.17,69.33,417.0,30.42,30.576,20.568000000000005,1.4789964994165692,1.4789964994165692,1.005128205128205
291.9,36.82,26.75,19.66,125.1,5.6,45.1,24.2,0.12,96.65,0.31,3.6,10.0,161.8,1085.0,724.0,0.4,0.2,3.3,65.0,58.11,66.86,417.0,32.254999999999995,27.453999999999997,21.022,1.5343449719341642,1.5343449719341642,0.8511548597116726
250.2,36.82,26.75,19.66,166.8,5.6,45.1,24.2,0.12,96.65,0.31,3.6,10.0,161.8,1085.0,724.0,0.4,0.2,3.3,65.0,47.62,60.39,417.0,34.09,24.331999999999997,21.476,1.5873533246414604,1.5873533246414604,0.7137577002053387
166.8,36.82,26.75,19.66,250.2,5.6,45.1,24.2,0.12,96.65,0.31,3.6,10.0,161.8,1085.0,724.0,0.4,0.2,3.3,65.0,43.72,56.15,417.0,37.760000000000005,18.088,22.384,1.6869192280200145,1.6869192280200145,0.4790254237288135
396.2,36.82,26.75,19.66,0.0,5.6,45.1,24.2,0.12,96.65,0.31,3.6,10.0,161.8,1085.0,724.0,0.4,0.2,3.3,65.0,63.92,67.53,417.0,30.236618705035973,34.9894004796163,18.694820143884893,1.6173794918763325,1.6173794918763325,1.1571862853100285
375.3,36.82,26.75,19.66,0.0,5.6,45.1,24.2,0.12,96.65,0.31,3.6,10.0,161.8,1085.0,724.0,0.4,0.2,3.3,65.0,66.1,71.39,417.0,33.74,33.150000000000006,17.724999999999998,1.9035260930888578,1.9035260930888578,0.9825133372851216
354.5,36.82,26.75,19.66,0.0,5.6,45.1,24.2,0.12,96.65,0.31,3.6,10.0,161.8,1085.0,724.0,0.4,0.2,3.3,65.0,59.49,62.42,417.0,37.226618705035975,31.31940047961631,16.75982014388489,2.2211824700647966,2.2211824700647966,0.8413173575546752
0.0,0.0,0.0,0.0,428.0,1.19,60.25,28.57,0.013,96.2,0.91,49.0,16.0,114.0,1170.0,630.0,0.4,0.1,0.0,65.0,26.0,33.1,428.0,60.25,1.19,28.570000000000004,2.108855442772138,2.108855442772138,0.01975103734439834
0.0,0.0,0.0,0.0,385.0,1.19,60.25,28.57,0.013,96.2,0.91,49.0,16.0,122.0,1170.0,630.0,0.4,0.1,0.0,65.0,30.0,35.5,428.0,63.861799065420556,1.07175,25.79107476635514,2.4761201168990934,2.4761201168990934,0.016782333346138437
0.0,0.0,0.0,0.0,342.0,1.19,60.25,28.57,0.013,96.2,0.91,49.0,16.0,122.0,1170.0,630.0,0.4,0.1,0.0,65.0,33.5,38.5,428.0,67.47359813084113,0.9534999999999999,23.012149532710282,2.9320858546887054,2.9320858546887054,0.014131453285639587
0.0,0.0,0.0,0.0,300.0,1.19,60.25,28.57,0.013,96.2,0.91,49.0,16.0,122.0,1170.0,630.0,0.4,0.1,0.0,65.0,28.5,34.0,428.0,71.00140186915887,0.838,20.29785046728972,3.4979763982190457,3.4979763982190457,0.011802583863685726
0.0,0.0,0.0,0.0,0.0,1.19,60.25,28.57,0.013,96.2,0.91,49.0,16.0,122.0,1170.0,630.0,0.4,0.1,0.0,65.0,8.0,10.5,428.0,96.2,0.013,0.91,105.71428571428571,105.71428571428571,0.00013513513513513514
0.0,0.0,0.0,0.0,428.0,1.19,60.25,28.57,0.013,96.2,0.91,57.0,16.0,114.0,1170.0,630.0,0.4,0.1,0.0,65.0,28.0,35.0,428.0,60.25,1.19,28.570000000000004,2.108855442772138,2.108855442772138,0.01975103734439834
0.0,0.0,0.0,0.0,428.0,1.19,60.25,28.57,0.013,96.2,0.91,43.0,16.0,128.0,1170.0,630.0,0.4,0.1,0.0,65.0,22.0,27.5,428.0,60.25,1.19,28.570000000000004,2.108855442772138,2.108855442772138,0.01975103734439834
0.0,0.0,0.0,0.0,428.0,1.19,60.25,28.57,0.013,96.2,0.91,57.0,16.0,114.0,1170.0,630.0,0.4,0.1,0.0,65.0,24.0,28.0,428.0,60.25,1.19,28.570000000000004,2.108855442772138,2.108855442772138,0.01975103734439834
0.0,0.0,0.0,0.0,428.0,1.19,60.25,28.57,0.013,96.2,0.91,49.0,16.0,122.0,1170.0,630.0,0.4,0.1,0.0,65.0,28.5,30.0,428.0,60.25,1.19,28.570000000000004,2.108855442772138,2.108855442772138,0.01975103734439834
0.0,0.0,0.0,0.0,428.0,1.19,60.25,28.57,0.013,96.2,0.91,43.0,16.0,128.0,1170.0,630.0,0.4,0.1,0.0,65.0,19.2,25.0,428.0,60.25,1.19,28.570000000000004,2.108855442772138,2.108855442772138,0.01975103734439834
0.0,0.0,0.0,0.0,342.0,1.19,60.25,28.57,0.013,96.2,0.91,49.0,16.0,122.0,1230.0,665.0,0.4,0.1,0.0,65.0,20.0,25.5,342.0,60.25,1.19,28.57,2.1088554427721387,2.1088554427721387,0.01975103734439834
0.0,0.0,0.0,0.0,285.0,1.19,60.25,28.57,0.013,96.2,0.91,49.0,16.0,122.0,1276.0,690.0,0.4,0.1,0.0,65.0,22.7,28.5,285.0,60.25,1.19,28.57,2.1088554427721387,2.1088554427721387,0.01975103734439834
0.0,0.0,0.0,0.0,342.0,1.19,60.25,28.57,0.013,96.2,0.91,49.0,16.0,122.0,1202.0,650.0,0.4,0.05,0.0,65.0,28.0,35.0,428.0,67.47359813084113,0.9534999999999999,23.012149532710282,2.9320858546887054,2.9320858546887054,0.014131453285639587
0.0,0.0,0.0,0.0,342.0,1.19,60.25,28.57,0.013,96.2,0.91,49.0,16.0,122.0,1147.0,620.0,0.4,0.125,0.0,65.0,26.4,30.5,428.0,67.47359813084113,0.9534999999999999,23.012149532710282,2.9320858546887054,2.9320858546887054,0.014131453285639587
688.0,38.81,33.81,14.78,172.0,1.24,54.22,31.18,1.84,95.38,0.0,45.0,10.0,314.0,0.0,905.0,0.5,0.1,0.0,65.0,34.0,101.4,905.0,40.75051933701658,29.831337016574587,17.161988950276243,2.37446367405805,2.37446367405805,0.7320480205383953
688.0,38.81,33.81,14.78,172.0,1.24,54.22,31.18,1.84,95.38,0.0,45.0,10.0,314.0,0.0,905.0,0.5,0.1,0.0,65.0,34.0,108.5,905.0,40.75051933701658,29.831337016574587,17.161988950276243,2.37446367405805,2.37446367405805,0.7320480205383953
688.0,38.81,33.81,14.78,172.0,1.24,54.22,31.18,1.84,95.38,0.0,45.0,10.0,314.0,0.0,905.0,0.5,0.1,0.0,65.0,34.0,127.5,905.0,40.75051933701658,29.831337016574587,17.161988950276243,2.37446367405805,2.37446367405805,0.7320480205383953
688.0,38.81,33.81,14.78,172.0,1.24,54.22,31.18,1.84,95.38,0.0,45.0,10.0,314.0,0.0,905.0,0.5,0.1,0.0,65.0,34.0,154.9,905.0,40.75051933701658,29.831337016574587,17.161988950276243,2.37446367405805,2.37446367405805,0.7320480205383953
652.0,38.81,33.81,14.78,163.0,1.24,54.22,31.18,1.84,95.38,0.0,45.0,10.0,314.0,0.0,905.0,0.5,0.1,0.0,65.0,34.0,104.0,905.0,43.60903867403315,28.36667403314917,16.263977900552486,2.6813267295789767,2.6813267295789767,0.6504769400028074
580.0,38.81,33.81,14.78,145.0,1.24,54.22,31.18,1.84,95.38,0.0,45.0,10.0,314.0,0.0,905.0,0.5,0.1,0.0,65.0,34.0,138.0,905.0,49.326077348066306,25.437348066298345,14.467955801104972,3.409332875090694,3.409332875090694,0.515697769494244
508.0,38.81,33.81,14.78,127.0,1.24,54.22,31.18,1.84,95.38,0.0,45.0,10.0,314.0,0.0,905.0,0.5,0.1,0.0,65.0,34.0,151.0,905.0,55.04311602209945,22.508022099447512,12.671933701657458,4.343702967361638,4.343702967361638,0.4089162047150581
200.0,38.45,34.28,20.68,160.0,1.23,58.7,29.4,0.35,93.57,0.87,72.0,12.0,108.0,1152.0,768.0,0.45,0.3,1.4,60.0,48.0,52.8,400.0,49.977,19.752000000000002,22.186999999999998,2.2525352684004147,2.2525352684004147,0.39522180202893337
200.0,38.45,34.28,20.68,160.0,1.23,58.7,29.4,0.35,93.57,0.87,60.0,12.0,120.0,1152.0,768.0,0.45,0.3,1.4,60.0,55.0,60.5,400.0,49.977,19.752000000000002,22.186999999999998,2.2525352684004147,2.2525352684004147,0.39522180202893337
200.0,38.45,34.28,20.68,160.0,1.23,58.7,29.4,0.35,93.57,0.87,51.4,12.0,128.6,1152.0,768.0,0.45,0.3,1.4,60.0,68.0,74.12,400.0,49.977,19.752000000000002,22.186999999999998,2.2525352684004147,2.2525352684004147,0.39522180202893337
250.0,38.45,34.28,20.68,200.0,1.23,58.7,29.4,0.35,93.57,0.87,75.0,12.0,150.0,1065.0,710.0,0.45,0.3,1.7,60.0,63.0,66.0,500.0,49.977,19.752,22.187,2.2525352684004143,2.2525352684004143,0.3952218020289333
250.0,38.45,34.28,20.68,200.0,1.23,58.7,29.4,0.35,93.57,0.87,64.3,12.0,160.7,1065.0,710.0,0.45,0.3,1.7,60.0,70.0,70.4,500.0,49.977,19.752,22.187,2.2525352684004143,2.2525352684004143,0.3952218020289333
300.0,38.45,34.28,20.68,240.0,1.23,58.7,29.4,0.35,93.57,0.87,77.1,12.0,192.9,978.0,652.0,0.45,0.3,2.0,60.0,72.0,68.9,600.0,49.977000000000004,19.752000000000002,22.187,2.2525352684004147,2.2525352684004147,0.3952218020289333
200.0,38.45,34.28,20.68,140.0,1.23,58.7,29.4,0.35,93.57,0.87,51.4,12.0,128.6,1152.0,768.0,0.45,0.3,1.4,60.0,60.0,66.7,400.0,51.7205,19.708000000000002,20.7605,2.491293562293779,2.491293562293779,0.38104813371873825
250.0,38.45,34.28,20.68,175.0,1.23,58.7,29.4,0.35,93.57,0.87,64.3,12.0,160.7,1065.0,710.0,0.45,0.3,1.7,60.0,66.0,69.0,500.0,51.7205,19.708,20.7605,2.491293562293779,2.491293562293779,0.3810481337187382
200.0,38.45,34.28,20.68,120.0,1.23,58.7,29.4,0.35,93.57,0.87,51.4,12.0,128.6,1152.0,768.0,0.45,0.3,1.4,60.0,54.0,58.7,400.0,53.464,19.664,19.334,2.7652839557256645,2.7652839557256645,0.36779889271285354
200.0,38.45,34.28,20.68,180.0,1.23,58.7,29.4,0.35,93.57,0.87,51.4,12.0,128.6,1152.0,768.0,0.45,0.3,1.4,60.0,50.0,54.9,400.0,48.23350000000001,19.796000000000003,23.6135,2.042623922756051,2.042623922756051,0.41042014367607577
0.0,32.7,34.07,20.1,300.0,4.01,60.1,26.54,0.0,0.0,0.0,56.0,10.0,180.0,1111.0,909.0,0.6,0.3,0.0,70.0,5.97,13.4,300.0,60.1,4.01,26.54,2.2645064054257724,2.2645064054257724,0.06672212978369384
0.0,32.7,34.07,20.1,400.0,4.01,60.1,26.54,0.0,0.0,0.0,74.0,10.0,195.0,1102.7,902.25,0.65,0.3,0.0,70.0,5.45,12.9,400.0,60.1,4.01,26.54,2.2645064054257724,2.2645064054257724,0.06672212978369384
0.0,32.7,34.07,20.1,500.0,4.01,60.1,26.54,0.0,0.0,0.0,93.0,10.0,210.0,1094.5,895.5,0.7,0.3,0.0,70.0,5.75,13.2,500.0,60.1,4.01,26.54,2.2645064054257724,2.2645064054257724,0.06672212978369384
150.0,32.7,34.07,20.1,150.0,4.01,60.1,26.54,0.0,0.0,0.0,62.0,10.0,240.0,1023.0,837.0,0.6,0.3,0.0,70.0,30.9,42.8,300.0,47.085,18.355,23.32,2.019082332761578,2.019082332761578,0.38982690878199
200.0,32.7,34.07,20.1,200.0,4.01,60.1,26.54,0.0,0.0,0.0,124.0,10.0,260.0,1012.0,828.0,0.65,0.3,0.0,70.0,30.1,42.1,400.0,47.085,18.355000000000004,23.32,2.019082332761578,2.019082332761578,0.3898269087819901
250.0,32.7,34.07,20.1,250.0,4.01,60.1,26.54,0.0,0.0,0.0,93.0,10.0,280.0,1001.0,819.0,0.7,0.3,0.0,70.0,27.9,40.2,500.0,47.085,18.355,23.32,2.019082332761578,2.019082332761578,0.38982690878199
300.0,32.7,34.07,20.1,0.0,4.01,60.1,26.54,0.0,0.0,0.0,93.0,10.0,300.0,935.0,765.0,0.6,0.3,0.0,70.0,70.6,76.5,300.0,34.07,32.7,20.1,1.6950248756218904,1.6950248756218904,0.9597886703845026
400.0,32.7,34.07,20.1,0.0,4.01,60.1,26.54,0.0,0.0,0.0,74.0,10.0,325.0,921.2,753.75,0.65,0.3,0.0,70.0,67.9,75.3,400.0,34.07,32.7,20.1,1.6950248756218904,1.6950248756218904,0.9597886703845026
500.0,32.7,34.07,20.1,0.0,4.01,60.1,26.54,0.0,0.0,0.0,74.0,10.0,350.0,907.5,742.5,0.7,0.3,0.0,70.0,69.7,76.2,500.0,34.07,32.7,20.1,1.6950248756218904,1.6950248756218904,0.9597886703845026
0.0,55.25,21.58,14.88,360.0,2.09,55.0,26.0,0.23,96.2,0.09,172.8,3.5,43.2,973.9,760.0,0.6,0.3,0.0,65.0,6.84,9.42,360.0,55.0,2.09,26.0,2.1153846153846154,2.1153846153846154,0.038
36.0,55.25,21.58,14.88,324.0,2.09,55.0,26.0,0.23,96.2,0.09,172.8,3.5,43.2,979.7,764.7,0.6,0.3,0.0,65.0,10.5,14.0,360.0,51.658,7.406,24.888,2.0756187720990034,2.0756187720990034,0.14336598397150488
72.0,55.25,21.58,14.88,288.0,2.09,55.0,26.0,0.23,96.2,0.09,172.8,3.5,43.2,985.5,769.4,0.6,0.3,0.0,65.0,15.5,20.0,360.0,48.315999999999995,12.722,23.776000000000003,2.032133243606998,2.032133243606998,0.26330822087921185
108.0,55.25,21.58,14.88,252.0,2.09,55.0,26.0,0.23,96.2,0.09,172.8,3.5,43.2,991.3,774.1,0.6,0.3,0.0,65.0,22.0,30.0,360.0,44.974,18.038,22.664,1.9843805153547474,1.9843805153547474,0.4010761773469116
0.0,55.25,21.58,14.88,460.0,2.09,55.0,26.0,0.23,96.2,0.09,129.72,5.0,86.48,925.5,722.4,0.47,0.3,0.0,65.0,9.0,11.46,460.0,55.0,2.09,26.0,2.1153846153846154,2.1153846153846154,0.038
46.0,55.25,21.58,14.88,414.0,2.09,55.0,26.0,0.23,96.2,0.09,129.72,5.0,86.48,932.7,728.1,0.47,0.3,0.0,65.0,17.0,26.0,460.0,51.658,7.406000000000001,24.887999999999998,2.075618772099004,2.075618772099004,0.1433659839715049
92.0,55.25,21.58,14.88,368.0,2.09,55.0,26.0,0.23,96.2,0.09,129.72,5.0,86.48,939.9,733.8,0.47,0.3,0.0,65.0,25.0,38.0,460.0,48.316,12.722,23.776,2.032133243606999,2.032133243606999,0.26330822087921185
138.0,55.25,21.58,14.88,322.0,2.09,55.0,26.0,0.23,96.2,0.09,129.72,5.0,86.48,947.1,739.5,0.47,0.3,0.0,65.0,35.0,52.0,460.0,44.974000000000004,18.038,22.664,1.9843805153547476,1.9843805153547476,0.40107617734691153
0.0,55.25,21.58,14.88,437.0,2.09,55.0,26.0,0.23,96.2,0.09,135.24,5.0,90.16,925.5,722.4,0.49,0.3,0.0,65.0,12.0,16.32,460.0,57.059999999999995,1.9969999999999997,24.7045,2.309700661822745,2.309700661822745,0.03499824745881528
46.0,55.25,21.58,14.88,391.0,2.09,55.0,26.0,0.23,96.2,0.09,135.24,5.0,90.16,932.7,728.1,0.49,0.3,0.0,65.0,28.0,40.0,460.0,53.717999999999996,7.313,23.592499999999998,2.2769100349687403,2.2769100349687403,0.13613686287650323
92.0,55.25,21.58,14.88,345.0,2.09,55.0,26.0,0.23,96.2,0.09,135.24,5.0,90.16,939.9,733.8,0.49,0.3,0.0,65.0,40.0,60.0,460.0,50.376,12.629,22.480499999999996,2.240875425368653,2.240875425368653,0.25069477528982054
138.0,55.25,21.58,14.88,299.0,2.09,55.0,26.0,0.23,96.2,0.09,135.24,5.0,90.16,947.1,739.5,0.49,0.3,0.0,65.0,52.0,78.0,460.0,47.034,17.945,21.3685,2.201090390060135,2.201090390060135,0.38153250839818004
122.37,37.63,34.81,17.92,200.0,1.38,61.42,24.84,0.0,0.0,0.0,20.79,12.0,86.4,1264.0,571.0,0.35,0.12,1.0,55.0,31.45,41.04,322.37,51.31898036417781,15.140314235195584,22.213203461860594,2.3102917349265253,2.3102917349265253,0.2950236759918944
122.37,37.63,34.81,17.92,200.0,1.38,61.42,24.84,0.0,0.0,0.0,17.32,12.0,96.0,1264.0,571.0,0.35,0.12,1.0,55.0,35.38,44.3,322.37,51.31898036417781,15.140314235195584,22.213203461860594,2.3102917349265253,2.3102917349265253,0.2950236759918944
122.37,37.63,34.81,17.92,200.0,1.38,61.42,24.84,0.0,0.0,0.0,14.85,12.0,102.86,1264.0,571.0,0.35,0.12,1.0,55.0,36.45,47.85,322.37,51.31898036417781,15.140314235195584,22.213203461860594,2.3102917349265253,2.3102917349265253,0.2950236759918944
122.37,37.63,34.81,17.92,200.0,1.38,61.42,24.84,0.0,0.0,0.0,23.29,14.0,86.4,1264.0,571.0,0.35,0.12,1.0,55.0,28.85,39.7,322.37,51.31898036417781,15.140314235195584,22.213203461860594,2.3102917349265253,2.3102917349265253,0.2950236759918944
122.37,37.63,34.81,17.92,200.0,1.38,61.42,24.84,0.0,0.0,0.0,19.41,14.0,96.0,1264.0,571.0,0.35,0.12,1.0,55.0,31.0,42.81,322.37,51.31898036417781,15.140314235195584,22.213203461860594,2.3102917349265253,2.3102917349265253,0.2950236759918944
122.37,37.63,34.81,17.92,200.0,1.38,61.42,24.84,0.0,0.0,0.0,16.63,14.0,102.86,1264.0,571.0,0.35,0.12,1.0,55.0,34.46,46.07,322.37,51.31898036417781,15.140314235195584,22.213203461860594,2.3102917349265253,2.3102917349265253,0.2950236759918944
40.0,37.6,36.77,13.56,360.0,3.65,53.24,26.42,0.0,0.0,0.0,53.0,10.0,107.0,1197.0,644.0,0.4,0.3,1.0,60.0,12.0,21.9,400.0,51.593,7.045,25.134,2.0527174345508077,2.0527174345508077,0.13654953191324404
60.0,37.6,36.77,13.56,340.0,3.65,53.24,26.42,0.0,0.0,0.0,53.0,10.0,107.0,1200.0,646.0,0.4,0.3,1.0,60.0,17.0,31.0,400.0,50.76950000000001,8.7425,24.491000000000003,2.072985994855253,2.072985994855253,0.17219984439476455
80.0,37.6,36.77,13.56,320.0,3.65,53.24,26.42,0.0,0.0,0.0,53.0,10.0,107.0,1203.0,648.0,0.4,0.3,1.0,60.0,28.0,43.0,400.0,49.946000000000005,10.44,23.848000000000003,2.094347534384435,2.094347534384435,0.20902574780763222
100.0,37.6,36.77,13.56,300.0,3.65,53.24,26.42,0.0,0.0,0.0,53.0,10.0,107.0,1207.0,650.0,0.4,0.3,1.0,60.0,32.0,50.0,400.0,49.1225,12.1375,23.205,2.1168929110105585,2.1168929110105585,0.24708636571835715
120.0,37.6,36.77,13.56,280.0,3.65,53.24,26.42,0.0,0.0,0.0,53.0,10.0,107.0,1200.0,652.0,0.4,0.3,1.0,60.0,36.0,56.4,400.0,48.29900000000001,13.835,22.562,2.1407233401294214,2.1407233401294214,0.28644485393072316
60.0,37.6,36.77,13.56,340.0,3.65,53.24,26.42,0.0,0.0,0.0,53.0,12.0,107.0,1207.0,646.0,0.4,0.3,1.0,60.0,20.0,38.0,400.0,50.76950000000001,8.7425,24.491000000000003,2.072985994855253,2.072985994855253,0.17219984439476455
80.0,37.6,36.77,13.56,320.0,3.65,53.24,26.42,0.0,0.0,0.0,53.0,12.0,107.0,1222.0,648.0,0.4,0.3,1.0,60.0,30.0,40.0,400.0,49.946000000000005,10.44,23.848000000000003,2.094347534384435,2.094347534384435,0.20902574780763222
100.0,37.6,36.77,13.56,300.0,3.65,53.24,26.42,0.0,0.0,0.0,53.0,12.0,107.0,1207.0,658.0,0.4,0.3,1.0,60.0,40.0,58.0,400.0,49.1225,12.1375,23.205,2.1168929110105585,2.1168929110105585,0.24708636571835715
60.0,37.6,36.77,13.56,340.0,3.65,53.24,26.42,0.0,0.0,0.0,47.0,10.0,93.0,1209.0,651.0,0.35,0.3,1.0,60.0,18.0,33.0,400.0,50.76950000000001,8.7425,24.491000000000003,2.072985994855253,2.072985994855253,0.17219984439476455
80.0,37.6,36.77,13.56,320.0,3.65,53.24,26.42,0.0,0.0,0.0,47.0,10.0,93.0,1227.0,661.0,0.35,0.3,1.0,60.0,28.0,42.0,400.0,49.946000000000005,10.44,23.848000000000003,2.094347534384435,2.094347534384435,0.20902574780763222
100.0,37.6,36.77,13.56,300.0,3.65,53.24,26.42,0.0,0.0,0.0,47.0,10.0,93.0,1246.0,671.0,0.35,0.3,1.0,60.0,35.0,49.0,400.0,49.1225,12.1375,23.205,2.1168929110105585,2.1168929110105585,0.24708636571835715
60.0,37.6,36.77,13.56,340.0,3.65,53.24,26.42,0.0,0.0,0.0,64.0,10.0,96.0,1184.0,637.0,0.4,0.3,1.0,60.0,19.0,34.0,400.0,50.76950000000001,8.7425,24.491000000000003,2.072985994855253,2.072985994855253,0.17219984439476455
100.0,37.6,36.77,13.56,300.0,3.65,53.24,26.42,0.0,0.0,0.0,46.0,10.0,114.0,1223.0,659.0,0.4,0.3,1.0,60.0,36.0,46.0,400.0,49.1225,12.1375,23.205,2.1168929110105585,2.1168929110105585,0.24708636571835715
311.0,38.81,33.81,14.78,0.0,1.24,54.22,31.18,0.0,0.0,0.0,6.81,10.0,10.4,1163.0,744.0,0.6,0.5,0.0,55.0,34.0,2.64,311.0,33.81,38.81,14.78,2.2875507442489855,2.2875507442489855,1.147885241052943
281.0,38.81,33.81,14.78,50.0,1.24,54.22,31.18,0.0,0.0,0.0,8.9,10.0,33.11,1132.0,723.0,0.6,0.5,0.0,55.0,34.0,7.52,331.0,36.89308157099698,33.134773413897285,17.257341389728094,2.1378195364992005,2.1378195364992005,0.898129730641578
244.0,38.81,33.81,14.78,105.0,1.24,54.22,31.18,0.0,0.0,0.0,9.83,10.0,70.07,1099.0,703.0,0.6,0.5,0.0,55.0,34.0,61.35,349.0,39.95054441260746,27.506704871060176,19.714097421203437,2.0264962457595836,2.0264962457595836,0.6885188994415732
202.0,38.81,33.81,14.78,165.0,1.24,54.22,31.18,0.0,0.0,0.0,9.35,10.0,122.96,1067.0,682.0,0.6,0.5,0.0,55.0,34.0,68.54,367.0,42.98615803814714,21.918855585831064,22.153297002724795,1.9403955101066879,1.9403955101066879,0.5099049690921355
400.0,38.81,33.81,14.78,0.0,1.24,54.22,31.18,0.0,0.0,0.0,8.45,10.0,60.19,1067.0,682.0,0.6,0.45,0.0,55.0,34.0,47.26,400.0,33.81,38.81,14.78,2.2875507442489855,2.2875507442489855,1.147885241052943
317.0,38.81,33.81,14.78,56.0,1.24,54.22,31.18,0.0,0.0,0.0,3.79,10.0,49.88,1099.0,703.0,0.6,0.45,0.0,55.0,34.0,10.45,373.0,36.874235924932975,33.16946380697051,17.242198391420914,2.138604085618238,2.138604085618238,0.8995295217640717
242.0,38.81,33.81,14.78,104.0,1.24,54.22,31.18,0.0,0.0,0.0,18.96,10.0,28.95,1132.0,723.0,0.6,0.45,0.0,55.0,34.0,76.35,346.0,39.944797687861275,27.517283236994217,19.709479768786125,2.0266794535653747,2.0266794535653747,0.6888827789796611
176.0,38.81,33.81,14.78,144.0,1.24,54.22,31.18,0.0,0.0,0.0,11.52,10.0,42.83,1163.0,744.0,0.6,0.45,0.0,55.0,34.0,70.56,320.0,42.9945,21.9035,22.16,1.9401850180505416,1.9401850180505416,0.5094488829966624
375.0,38.81,33.81,14.78,0.0,1.24,54.22,31.18,0.0,0.0,0.0,7.62,10.0,100.32,1132.0,723.0,0.6,0.4,0.0,55.0,34.0,86.24,375.0,33.81,38.81,14.78,2.2875507442489855,2.2875507442489855,1.147885241052943
294.0,38.81,33.81,14.78,52.0,1.24,54.22,31.18,0.0,0.0,0.0,12.19,10.0,86.9,1163.0,744.0,0.6,0.4,0.0,55.0,34.0,89.52,346.0,36.87739884393064,33.16364161849711,17.244739884393063,2.138472316262981,2.138472316262981,0.8992944908844961
292.0,38.81,33.81,14.78,125.0,1.24,54.22,31.18,0.0,0.0,0.0,7.49,10.0,27.86,1067.0,682.0,0.6,0.4,0.0,55.0,34.0,16.58,417.0,39.92810551558753,27.54800959232614,19.696067146282974,2.027212093614472,2.027212093614472,0.6899403123840091
213.0,38.81,33.81,14.78,175.0,1.24,54.22,31.18,0.0,0.0,0.0,12.75,10.0,19.47,1099.0,703.0,0.6,0.4,0.0,55.0,34.0,53.68,388.0,43.015541237113396,21.864768041237117,22.176907216494843,1.9396546514438722,1.9396546514438722,0.5082992660887968
427.0,38.81,33.81,14.78,0.0,1.24,54.22,31.18,0.0,0.0,0.0,19.19,10.0,71.34,1099.0,703.0,0.6,0.35,0.0,55.0,34.0,96.58,427.0,33.81,38.81000000000001,14.78,2.2875507442489855,2.2875507442489855,1.1478852410529432
381.0,38.81,33.81,14.78,67.0,1.24,54.22,31.18,0.0,0.0,0.0,19.64,10.0,29.99,1067.0,682.0,0.6,0.35,0.0,55.0,34.0,92.24,448.0,36.86238839285714,33.19127232142857,17.232678571428572,2.1390980073158348,2.1390980073158348,0.9004102492680608
256.0,38.81,33.81,14.78,110.0,1.24,54.22,31.18,0.0,0.0,0.0,5.57,10.0,78.31,1163.0,744.0,0.6,0.35,0.0,55.0,34.0,62.54,366.0,39.944153005464486,27.518469945355193,19.70896174863388,2.026700011644865,2.026700011644865,0.6889236064560083
213.0,38.81,33.81,14.78,174.0,1.24,54.22,31.18,0.0,0.0,0.0,5.45,10.0,38.36,1132.0,723.0,0.6,0.35,0.0,55.0,34.0,35.64,387.0,42.98658914728683,21.918062015503878,22.153643410852712,1.9403846288429645,1.9403846288429645,0.5098813944136174
208.0,38.81,33.81,14.78,139.0,1.24,54.22,31.18,0.0,0.0,0.0,4.77,10.0,70.72,1099.0,702.78,0.6,0.5,0.0,55.0,34.0,3.36,347.0,41.98576368876081,23.76034582132565,21.34945244956772,1.9665967447146837,1.9665967447146837,0.565914341762612
208.0,38.81,33.81,14.78,139.0,1.24,54.22,31.18,0.0,0.0,0.0,3.18,10.0,47.15,1067.0,703.0,0.6,0.5,0.0,55.0,34.0,1.25,347.0,41.98576368876081,23.76034582132565,21.34945244956772,1.9665967447146837,1.9665967447146837,0.565914341762612
208.0,38.81,33.81,14.78,139.0,1.24,54.22,31.18,0.0,0.0,0.0,4.77,10.0,70.72,1067.0,702.78,0.6,0.5,0.0,55.0,34.0,7.82,347.0,41.98576368876081,23.76034582132565,21.34945244956772,1.9665967447146837,1.9665967447146837,0.565914341762612
275.0,38.81,33.81,14.78,118.0,1.24,54.22,31.18,0.0,0.0,0.0,7.19,10.0,106.61,1099.0,682.11,0.6,0.5,0.0,55.0,34.0,51.35,393.0,39.938193384223915,27.52944020356234,19.70417302798982,2.026890107364142,2.026890107364142,0.6893010892785354
275.0,38.81,33.81,14.78,118.0,1.24,54.22,31.18,0.0,0.0,0.0,4.49,10.0,66.63,1132.0,682.0,0.6,0.45,0.0,55.0,34.0,48.65,393.0,39.938193384223915,27.52944020356234,19.70417302798982,2.026890107364142,2.026890107364142,0.6893010892785354
275.0,38.81,33.81,14.78,118.0,1.24,54.22,31.18,0.0,0.0,0.0,7.19,10.0,106.61,1163.0,682.11,0.6,0.45,0.0,55.0,34.0,72.68,393.0,39.938193384223915,27.52944020356234,19.70417302798982,2.026890107364142,2.026890107364142,0.6893010892785354
355.0,38.81,33.81,14.78,89.0,1.24,54.22,31.18,0.0,0.0,0.0,8.13,10.0,120.6,1132.0,661.44,0.6,0.45,0.0,55.0,34.0,89.98,444.0,37.9011936936937,31.279076576576582,18.067387387387388,2.0977683646807748,2.0977683646807748,0.8252794576699848
355.0,38.81,33.81,14.78,89.0,1.24,54.22,31.18,0.0,0.0,0.0,3.1,10.0,90.45,1163.0,661.0,0.6,0.45,0.0,55.0,34.0,83.26,444.0,37.9011936936937,31.279076576576582,18.067387387387388,2.0977683646807748,2.0977683646807748,0.8252794576699848
355.0,38.81,33.81,14.78,89.0,1.24,54.22,31.18,0.0,0.0,0.0,10.16,10.0,150.75,1067.0,661.44,0.6,0.4,0.0,55.0,34.0,27.25,444.0,37.9011936936937,31.279076576576582,18.067387387387388,2.0977683646807748,2.0977683646807748,0.8252794576699848
355.0,38.81,33.81,14.78,89.0,1.24,54.22,31.18,0.0,0.0,0.0,8.13,10.0,120.6,1099.0,661.44,0.6,0.4,0.0,55.0,34.0,95.21,444.0,37.9011936936937,31.279076576576582,18.067387387387388,2.0977683646807748,2.0977683646807748,0.8252794576699848
275.0,38.81,33.81,14.78,118.0,1.24,54.22,31.18,0.0,0.0,0.0,7.19,10.0,106.61,1099.0,661.44,0.6,0.4,0.0,55.0,34.0,73.48,393.0,39.938193384223915,27.52944020356234,19.70417302798982,2.026890107364142,2.026890107364142,0.6893010892785354
275.0,38.81,33.81,14.78,118.0,1.24,54.22,31.18,0.0,0.0,0.0,7.19,10.0,106.61,1067.0,682.11,0.6,0.4,0.0,55.0,34.0,83.31,393.0,39.938193384223915,27.52944020356234,19.70417302798982,2.026890107364142,2.026890107364142,0.6893010892785354
275.0,38.81,33.81,14.78,118.0,1.24,54.22,31.18,0.0,0.0,0.0,10.45,10.0,79.95,1163.0,682.11,0.6,0.35,0.0,55.0,34.0,85.62,393.0,39.938193384223915,27.52944020356234,19.70417302798982,2.026890107364142,2.026890107364142,0.6893010892785354
275.0,38.81,33.81,14.78,118.0,1.24,54.22,31.18,0.0,0.0,0.0,13.72,10.0,53.3,1132.0,682.11,0.6,0.35,0.0,55.0,34.0,67.51,393.0,39.938193384223915,27.52944020356234,19.70417302798982,2.026890107364142,2.026890107364142,0.6893010892785354
311.0,38.81,33.81,14.78,0.0,1.24,54.22,31.18,0.0,0.0,0.0,6.81,10.0,10.4,1163.0,744.0,0.6,0.5,0.0,80.0,34.0,3.24,311.0,33.81,38.81,14.78,2.2875507442489855,2.2875507442489855,1.147885241052943
281.0,38.81,33.81,14.78,50.0,1.24,54.22,31.18,0.0,0.0,0.0,8.9,10.0,33.11,1132.0,723.0,0.6,0.5,0.0,80.0,34.0,5.36,331.0,36.89308157099698,33.134773413897285,17.257341389728094,2.1378195364992005,2.1378195364992005,0.898129730641578
244.0,38.81,33.81,14.78,105.0,1.24,54.22,31.18,0.0,0.0,0.0,9.83,10.0,70.07,1099.0,703.0,0.6,0.5,0.0,80.0,34.0,75.24,349.0,39.95054441260746,27.506704871060176,19.714097421203437,2.0264962457595836,2.0264962457595836,0.6885188994415732
202.0,38.81,33.81,14.78,165.0,1.24,54.22,31.18,0.0,0.0,0.0,9.35,10.0,122.96,1067.0,682.0,0.6,0.5,0.0,80.0,34.0,80.51,367.0,42.98615803814714,21.918855585831064,22.153297002724795,1.9403955101066879,1.9403955101066879,0.5099049690921355
400.0,38.81,33.81,14.78,0.0,1.24,54.22,31.18,0.0,0.0,0.0,8.45,10.0,60.19,1067.0,682.0,0.6,0.45,0.0,80.0,34.0,62.35,400.0,33.81,38.81,14.78,2.2875507442489855,2.2875507442489855,1.147885241052943
317.0,38.81,33.81,14.78,56.0,1.24,54.22,31.18,0.0,0.0,0.0,3.79,10.0,49.88,1099.0,703.0,0.6,0.45,0.0,80.0,34.0,5.24,373.0,36.874235924932975,33.16946380697051,17.242198391420914,2.138604085618238,2.138604085618238,0.8995295217640717
242.0,38.81,33.81,14.78,104.0,1.24,54.22,31.18,0.0,0.0,0.0,18.96,10.0,28.95,1132.0,723.0,0.6,0.45,0.0,80.0,34.0,110.21,346.0,39.944797687861275,27.517283236994217,19.709479768786125,2.0266794535653747,2.0266794535653747,0.6888827789796611
176.0,38.81,33.81,14.78,144.0,1.24,54.22,31.18,0.0,0.0,0.0,11.52,10.0,42.83,1163.0,744.0,0.6,0.45,0.0,80.0,34.0,86.21,320.0,42.9945,21.9035,22.16,1.9401850180505416,1.9401850180505416,0.5094488829966624
375.0,38.81,33.81,14.78,0.0,1.24,54.22,31.18,0.0,0.0,0.0,7.62,10.0,100.32,1132.0,723.0,0.6,0.4,0.0,80.0,34.0,110.25,375.0,33.81,38.81,14.78,2.2875507442489855,2.2875507442489855,1.147885241052943
294.0,38.81,33.81,14.78,52.0,1.24,54.22,31.18,0.0,0.0,0.0,12.19,10.0,86.9,1163.0,744.0,0.6,0.4,0.0,80.0,34.0,108.24,346.0,36.87739884393064,33.16364161849711,17.244739884393063,2.138472316262981,2.138472316262981,0.8992944908844961
292.0,38.81,33.81,14.78,125.0,1.24,54.22,31.18,0.0,0.0,0.0,7.49,10.0,27.86,1067.0,682.0,0.6,0.4,0.0,80.0,34.0,20.34,417.0,39.92810551558753,27.54800959232614,19.696067146282974,2.027212093614472,2.027212093614472,0.6899403123840091
213.0,38.81,33.81,14.78,175.0,1.24,54.22,31.18,0.0,0.0,0.0,12.75,10.0,19.47,1099.0,703.0,0.6,0.4,0.0,80.0,34.0,68.35,388.0,43.015541237113396,21.864768041237117,22.176907216494843,1.9396546514438722,1.9396546514438722,0.5082992660887968
427.0,38.81,33.81,14.78,0.0,1.24,54.22,31.18,0.0,0.0,0.0,19.19,10.0,71.34,1099.0,703.0,0.6,0.35,0.0,80.0,34.0,120.35,427.0,33.81,38.81000000000001,14.78,2.2875507442489855,2.2875507442489855,1.1478852410529432
381.0,38.81,33.81,14.78,67.0,1.24,54.22,31.18,0.0,0.0,0.0,19.64,10.0,29.99,1067.0,682.0,0.6,0.35,0.0,80.0,34.0,110.35,448.0,36.86238839285714,33.19127232142857,17.232678571428572,2.1390980073158348,2.1390980073158348,0.9004102492680608
256.0,38.81,33.81,14.78,110.0,1.24,54.22,31.18,0.0,0.0,0.0,5.57,10.0,78.31,1163.0,744.0,0.6,0.35,0.0,80.0,34.0,79.25,366.0,39.944153005464486,27.518469945355193,19.70896174863388,2.026700011644865,2.026700011644865,0.6889236064560083
213.0,38.81,33.81,14.78,174.0,1.24,54.22,31.18,0.0,0.0,0.0,5.45,10.0,38.36,1132.0,723.0,0.6,0.35,0.0,80.0,34.0,45.24,387.0,42.98658914728683,21.918062015503878,22.153643410852712,1.9403846288429645,1.9403846288429645,0.5098813944136174
208.0,38.81,33.81,14.78,139.0,1.24,54.22,31.18,0.0,0.0,0.0,4.77,10.0,70.72,1099.0,702.78,0.6,0.5,0.0,80.0,34.0,6.35,347.0,41.98576368876081,23.76034582132565,21.34945244956772,1.9665967447146837,1.9665967447146837,0.565914341762612
208.0,38.81,33.81,14.78,139.0,1.24,54.22,31.18,0.0,0.0,0.0,3.18,10.0,47.15,1067.0,703.0,0.6,0.5,0.0,80.0,34.0,5.24,347.0,41.98576368876081,23.76034582132565,21.34945244956772,1.9665967447146837,1.9665967447146837,0.565914341762612
208.0,38.81,33.81,14.78,139.0,1.24,54.22,31.18,0.0,0.0,0.0,4.77,10.0,70.72,1067.0,702.78,0.6,0.5,0.0,80.0,34.0,5.0,347.0,41.98576368876081,23.76034582132565,21.34945244956772,1.9665967447146837,1.9665967447146837,0.565914341762612
275.0,38.81,33.81,14.78,118.0,1.24,54.22,31.18,0.0,0.0,0.0,7.19,10.0,106.61,1099.0,682.11,0.6,0.5,0.0,80.0,34.0,66.81,393.0,39.938193384223915,27.52944020356234,19.70417302798982,2.026890107364142,2.026890107364142,0.6893010892785354
275.0,38.81,33.81,14.78,118.0,1.24,54.22,31.18,0.0,0.0,0.0,4.49,10.0,66.63,1132.0,682.0,0.6,0.45,0.0,80.0,34.0,70.44,393.0,39.938193384223915,27.52944020356234,19.70417302798982,2.026890107364142,2.026890107364142,0.6893010892785354
275.0,38.81,33.81,14.78,118.0,1.24,54.22,31.18,0.0,0.0,0.0,7.19,10.0,106.61,1163.0,682.11,0.6,0.45,0.0,80.0,34.0,84.24,393.0,39.938193384223915,27.52944020356234,19.70417302798982,2.026890107364142,2.026890107364142,0.6893010892785354
355.0,38.81,33.81,14.78,89.0,1.24,54.22,31.18,0.0,0.0,0.0,8.13,10.0,120.6,1132.0,661.44,0.6,0.45,0.0,80.0,34.0,106.52,444.0,37.9011936936937,31.279076576576582,18.067387387387388,2.0977683646807748,2.0977683646807748,0.8252794576699848
355.0,38.81,33.81,14.78,89.0,1.24,54.22,31.18,0.0,0.0,0.0,3.1,10.0,90.45,1163.0,661.0,0.6,0.45,0.0,80.0,34.0,103.24,444.0,37.9011936936937,31.279076576576582,18.067387387387388,2.0977683646807748,2.0977683646807748,0.8252794576699848
355.0,38.81,33.81,14.78,89.0,1.24,54.22,31.18,0.0,0.0,0.0,10.16,10.0,150.75,1067.0,661.44,0.6,0.4,0.0,80.0,34.0,107.1,444.0,37.9011936936937,31.279076576576582,18.067387387387388,2.0977683646807748,2.0977683646807748,0.8252794576699848
355.0,38.81,33.81,14.78,89.0,1.24,54.22,31.18,0.0,0.0,0.0,8.13,10.0,120.6,1099.0,661.44,0.6,0.4,0.0,80.0,34.0,112.4,444.0,37.9011936936937,31.279076576576582,18.067387387387388,2.0977683646807748,2.0977683646807748,0.8252794576699848
275.0,38.81,33.81,14.78,118.0,1.24,54.22,31.18,0.0,0.0,0.0,7.19,10.0,106.61,1099.0,661.44,0.6,0.4,0.0,80.0,34.0,98.62,393.0,39.938193384223915,27.52944020356234,19.70417302798982,2.026890107364142,2.026890107364142,0.6893010892785354
275.0,38.81,33.81,14.78,118.0,1.24,54.22,31.18,0.0,0.0,0.0,7.19,10.0,106.61,1067.0,682.11,0.6,0.4,0.0,80.0,34.0,107.25,393.0,39.938193384223915,27.52944020356234,19.70417302798982,2.026890107364142,2.026890107364142,0.6893010892785354
275.0,38.81,33.81,14.78,118.0,1.24,54.22,31.18,0.0,0.0,0.0,10.45,10.0,79.95,1163.0,682.11,0.6,0.35,0.0,80.0,34.0,103.5,393.0,39.938193384223915,27.52944020356234,19.70417302798982,2.026890107364142,2.026890107364142,0.6893010892785354
275.0,38.81,33.81,14.78,118.0,1.24,54.22,31.18,0.0,0.0,0.0,13.72,10.0,53.3,1132.0,682.11,0.6,0.35,0.0,80.0,34.0,78.2,393.0,39.938193384223915,27.52944020356234,19.70417302798982,2.026890107364142,2.026890107364142,0.6893010892785354
88.0,56.1,21.0,17.0,293.0,2.6,46.0,33.0,0.0,0.0,0.0,143.3,6.0,71.7,1005.0,760.0,0.55,0.42,0.0,80.0,34.0,62.54,381.0,40.2257217847769,14.956955380577428,29.304461942257216,1.3726824899238692,1.3726824899238692,0.37182565574840143
88.0,56.1,21.0,17.0,293.0,2.6,46.0,33.0,0.0,0.0,0.0,107.5,6.0,107.5,1005.0,760.0,0.55,0.4,0.0,60.0,10.4,37.4,381.0,40.2257217847769,14.956955380577428,29.304461942257216,1.3726824899238692,1.3726824899238692,0.37182565574840143
88.0,56.1,21.0,17.0,293.0,2.6,46.0,33.0,0.0,0.0,0.0,143.3,4.0,71.7,1005.0,760.0,0.55,0.44,0.0,60.0,12.8,26.6,381.0,40.2257217847769,14.956955380577428,29.304461942257216,1.3726824899238692,1.3726824899238692,0.37182565574840143
88.0,56.1,21.0,17.0,293.0,2.6,46.0,33.0,0.0,0.0,0.0,107.5,4.0,107.5,1005.0,760.0,0.55,0.42,0.0,60.0,12.9,29.9,381.0,40.2257217847769,14.956955380577428,29.304461942257216,1.3726824899238692,1.3726824899238692,0.37182565574840143
88.0,56.1,21.0,17.0,344.0,2.6,46.0,33.0,0.0,0.0,0.0,143.3,4.0,107.5,1005.0,760.0,0.55,0.44,0.0,60.0,18.6,30.7,432.0,40.907407407407405,13.498148148148148,29.74074074074074,1.37546699875467,1.37546699875467,0.32996831145314626
88.0,56.1,21.0,17.0,316.0,2.6,46.0,33.0,0.0,0.0,0.0,143.3,4.0,177.0,1005.0,760.0,0.55,0.44,0.0,60.0,7.6,15.5,404.0,40.554455445544555,14.253465346534655,29.514851485148515,1.3740355585374036,1.3740355585374036,0.35146484375000003
250.0,37.56,33.68,21.7,250.0,1.4,60.32,27.68,0.45,92.68,0.68,72.0,10.0,177.0,1085.0,690.0,0.5,0.5,1.58,70.0,34.0,73.0,500.0,47.0,19.48,24.69,1.903604698258404,1.903604698258404,0.414468085106383
225.0,37.56,33.68,21.7,250.0,1.4,60.32,27.68,0.45,92.68,0.68,72.0,10.0,177.0,1085.0,690.0,0.5,0.5,1.58,70.0,34.0,77.0,500.0,49.95,17.6245,23.639,2.1130335462583023,2.1130335462583023,0.35284284284284284
200.0,37.56,33.68,21.7,250.0,1.4,60.32,27.68,0.45,92.68,0.68,72.0,10.0,177.0,1085.0,690.0,0.5,0.5,1.58,70.0,34.0,82.0,500.0,52.9,15.769,22.588,2.341951478661236,2.341951478661236,0.2980907372400756
175.0,37.56,33.68,21.7,250.0,1.4,60.32,27.68,0.45,92.68,0.68,72.0,10.0,161.0,1085.0,690.0,0.5,0.5,1.58,70.0,34.0,79.0,500.0,55.85,13.9135,21.537,2.593211682221294,2.593211682221294,0.24912264995523725
250.0,37.56,33.68,21.7,250.0,1.4,60.32,27.68,0.45,92.68,0.68,65.0,10.0,161.0,1066.0,711.0,0.452,0.45,1.5,70.0,34.0,67.0,500.0,47.0,19.48,24.69,1.903604698258404,1.903604698258404,0.414468085106383
250.0,37.56,33.68,21.7,250.0,1.4,60.32,27.68,0.45,92.68,0.68,65.0,10.0,161.0,1066.0,711.0,0.452,0.45,1.5,70.0,34.0,70.0,500.0,47.0,19.48,24.69,1.903604698258404,1.903604698258404,0.414468085106383
250.0,37.56,33.68,21.7,250.0,1.4,60.32,27.68,0.45,92.68,0.68,65.0,10.0,161.0,1066.0,711.0,0.452,0.45,1.5,70.0,34.0,72.0,500.0,47.0,19.48,24.69,1.903604698258404,1.903604698258404,0.414468085106383
225.0,37.56,33.68,21.7,250.0,1.4,60.32,27.68,0.45,92.68,0.68,65.0,10.0,161.0,1066.0,711.0,0.452,0.45,1.5,70.0,34.0,75.0,500.0,49.95,17.6245,23.639,2.1130335462583023,2.1130335462583023,0.35284284284284284
225.0,37.56,33.68,21.7,250.0,1.4,60.32,27.68,0.45,92.68,0.68,65.0,10.0,161.0,1066.0,711.0,0.452,0.45,1.5,70.0,34.0,78.0,500.0,49.95,17.6245,23.639,2.1130335462583023,2.1130335462583023,0.35284284284284284
225.0,37.56,33.68,21.7,250.0,1.4,60.32,27.68,0.45,92.68,0.68,65.0,10.0,161.0,1066.0,711.0,0.452,0.45,1.5,70.0,34.0,80.0,500.0,49.95,17.6245,23.639,2.1130335462583023,2.1130335462583023,0.35284284284284284
200.0,37.56,33.68,21.7,250.0,1.4,60.32,27.68,0.45,92.68,0.68,65.0,10.0,161.0,1066.0,711.0,0.452,0.45,1.5,70.0,34.0,82.0,500.0,52.9,15.769,22.588,2.341951478661236,2.341951478661236,0.2980907372400756
200.0,37.56,33.68,21.7,250.0,1.4,60.32,27.68,0.45,92.68,0.68,65.0,10.0,161.0,1066.0,711.0,0.452,0.45,1.5,70.0,34.0,85.0,500.0,52.9,15.769,22.588,2.341951478661236,2.341951478661236,0.2980907372400756
200.0,37.56,33.68,21.7,250.0,1.4,60.32,27.68,0.45,92.68,0.68,65.0,10.0,161.0,1066.0,711.0,0.452,0.45,1.5,70.0,34.0,86.0,500.0,52.9,15.769,22.588,2.341951478661236,2.341951478661236,0.2980907372400756
175.0,37.56,33.68,21.7,250.0,1.4,60.32,27.68,0.45,92.68,0.68,65.0,10.0,161.0,1066.0,711.0,0.452,0.45,1.5,70.0,34.0,80.0,500.0,55.85,13.9135,21.537,2.593211682221294,2.593211682221294,0.24912264995523725
175.0,37.56,33.68,21.7,250.0,1.4,60.32,27.68,0.45,92.68,0.68,65.0,10.0,161.0,1066.0,711.0,0.452,0.45,1.5,70.0,34.0,83.0,500.0,55.85,13.9135,21.537,2.593211682221294,2.593211682221294,0.24912264995523725
175.0,37.56,33.68,21.7,250.0,1.4,60.32,27.68,0.45,92.68,0.68,65.0,10.0,119.0,1066.0,711.0,0.452,0.45,1.5,70.0,34.0,84.0,500.0,55.85,13.9135,21.537,2.593211682221294,2.593211682221294,0.24912264995523725
250.0,37.56,33.68,21.7,250.0,1.4,60.32,27.68,0.45,92.68,0.68,47.0,10.0,119.0,1006.0,651.0,0.332,0.33,1.28,70.0,34.0,90.0,500.0,47.0,19.48,24.69,1.903604698258404,1.903604698258404,0.414468085106383
250.0,37.56,33.68,21.7,250.0,1.4,60.32,27.68,0.45,92.68,0.68,47.0,10.0,119.0,1006.0,651.0,0.332,0.33,1.28,70.0,34.0,95.0,500.0,47.0,19.48,24.69,1.903604698258404,1.903604698258404,0.414468085106383
250.0,37.56,33.68,21.7,250.0,1.4,60.32,27.68,0.45,92.68,0.68,47.0,10.0,119.0,1006.0,651.0,0.332,0.33,1.28,70.0,34.0,100.0,500.0,47.0,19.48,24.69,1.903604698258404,1.903604698258404,0.414468085106383
225.0,37.56,33.68,21.7,250.0,1.4,60.32,27.68,0.45,92.68,0.68,47.0,10.0,119.0,1006.0,651.0,0.332,0.33,1.28,70.0,34.0,98.0,500.0,49.95,17.6245,23.639,2.1130335462583023,2.1130335462583023,0.35284284284284284
225.0,37.56,33.68,21.7,250.0,1.4,60.32,27.68,0.45,92.68,0.68,47.0,10.0,119.0,1006.0,651.0,0.332,0.33,1.28,70.0,34.0,102.0,500.0,49.95,17.6245,23.639,2.1130335462583023,2.1130335462583023,0.35284284284284284
225.0,37.56,33.68,21.7,250.0,1.4,60.32,27.68,0.45,92.68,0.68,47.0,10.0,119.0,1006.0,651.0,0.332,0.33,1.28,70.0,34.0,104.65,500.0,49.95,17.6245,23.639,2.1130335462583023,2.1130335462583023,0.35284284284284284
200.0,37.56,33.68,21.7,250.0,1.4,60.32,27.68,0.45,92.68,0.68,47.0,10.0,119.0,1006.0,651.0,0.332,0.33,1.28,70.0,34.0,93.86,500.0,52.9,15.769,22.588,2.341951478661236,2.341951478661236,0.2980907372400756
200.0,37.56,33.68,21.7,250.0,1.4,60.32,27.68,0.45,92.68,0.68,47.0,10.0,119.0,1006.0,651.0,0.332,0.33,1.28,70.0,34.0,105.0,500.0,52.9,15.769,22.588,2.341951478661236,2.341951478661236,0.2980907372400756
200.0,37.56,33.68,21.7,250.0,1.4,60.32,27.68,0.45,92.68,0.68,47.0,10.0,119.0,1006.0,651.0,0.332,0.33,1.28,70.0,34.0,110.45,500.0,52.9,15.769,22.588,2.341951478661236,2.341951478661236,0.2980907372400756
175.0,37.56,33.68,21.7,250.0,1.4,60.32,27.68,0.45,92.68,0.68,47.0,10.0,119.0,1006.0,651.0,0.332,0.33,1.28,70.0,34.0,100.0,500.0,55.85,13.9135,21.537,2.593211682221294,2.593211682221294,0.24912264995523725
175.0,37.56,33.68,21.7,250.0,1.4,60.32,27.68,0.45,92.68,0.68,47.0,10.0,119.0,1006.0,651.0,0.332,0.33,1.28,70.0,34.0,104.0,500.0,55.85,13.9135,21.537,2.593211682221294,2.593211682221294,0.24912264995523725
175.0,37.56,33.68,21.7,250.0,1.4,60.32,27.68,0.45,92.68,0.68,47.0,10.0,178.0,1006.0,651.0,0.332,0.33,1.28,70.0,34.0,108.0,500.0,55.85,13.9135,21.537,2.593211682221294,2.593211682221294,0.24912264995523725
250.0,37.56,33.68,21.7,250.0,1.4,60.32,27.68,0.45,92.68,0.68,72.0,10.0,178.0,1022.0,680.0,0.5,0.5,1.36,70.0,34.0,92.0,500.0,47.0,19.48,24.69,1.903604698258404,1.903604698258404,0.414468085106383
250.0,37.56,33.68,21.7,250.0,1.4,60.32,27.68,0.45,92.68,0.68,72.0,10.0,178.0,1022.0,680.0,0.5,0.5,1.36,70.0,34.0,97.0,500.0,47.0,19.48,24.69,1.903604698258404,1.903604698258404,0.414468085106383
250.0,37.56,33.68,21.7,250.0,1.4,60.32,27.68,0.45,92.68,0.68,72.0,10.0,178.0,1022.0,680.0,0.5,0.5,1.36,70.0,34.0,100.0,500.0,47.0,19.48,24.69,1.903604698258404,1.903604698258404,0.414468085106383
200.0,37.56,33.68,21.7,250.0,1.4,60.32,27.68,0.45,92.68,0.68,72.0,10.0,178.0,1022.0,680.0,0.5,0.5,1.36,70.0,34.0,102.0,500.0,52.9,15.769,22.588,2.341951478661236,2.341951478661236,0.2980907372400756
200.0,37.56,33.68,21.7,250.0,1.4,60.32,27.68,0.45,92.68,0.68,72.0,10.0,178.0,1022.0,680.0,0.5,0.5,1.36,70.0,34.0,105.0,500.0,52.9,15.769,22.588,2.341951478661236,2.341951478661236,0.2980907372400756
200.0,37.56,33.68,21.7,250.0,1.4,60.32,27.68,0.45,92.68,0.68,72.0,10.0,178.0,1022.0,680.0,0.5,0.5,1.36,70.0,34.0,108.2,500.0,52.9,15.769,22.588,2.341951478661236,2.341951478661236,0.2980907372400756
105.7,46.0,35.0,16.0,422.8,4.06,55.19,25.35,0.31,93.67,0.83,29.8,8.0,93.9,0.0,1536.2,0.23,0.3,2.0,45.0,26.4,28.0,528.5,51.151999999999994,12.448,23.480000000000004,2.1785349233390114,2.1785349233390114,0.2433531435720989
160.2,46.0,35.0,16.0,373.9,4.06,55.19,25.35,0.31,93.67,0.83,31.0,8.0,97.2,0.0,1536.2,0.23,0.3,2.0,45.0,39.6,43.4,534.0999999999999,49.13413405729265,16.63964426137428,22.545525182550087,2.1793297631993847,2.1793297631993847,0.33865752558031637
106.1,46.0,35.0,16.0,397.9,4.06,55.19,25.35,0.31,93.67,0.83,29.8,8.0,93.9,0.0,1536.2,0.23,0.3,2.0,45.0,27.2,35.0,530.5,53.07418661639962,12.260676720075399,22.255155513666352,2.3848041225237924,2.3848041225237924,0.23101016712118427
0.0,46.0,35.0,16.0,517.6,4.06,55.19,25.35,0.31,93.67,0.83,29.2,8.0,92.1,0.0,1536.2,0.23,0.3,2.0,45.0,20.6,21.2,517.6,55.19,4.06,25.35,2.177120315581854,2.177120315581854,0.07356405145859757
225.0,37.14,33.21,15.76,225.0,4.87,56.74,24.58,0.0,0.0,0.0,99.0,10.0,113.0,0.0,1125.0,0.42,0.12,2.0,70.0,52.04,64.27,450.0,44.975,21.005,20.17,2.2297967278135844,2.2297967278135844,0.46703724291272924
225.0,37.14,33.21,15.76,225.0,4.87,56.74,24.58,0.0,0.0,0.0,99.0,10.0,113.0,0.0,1069.0,0.42,0.12,2.0,70.0,45.62,50.48,450.0,44.975,21.005,20.17,2.2297967278135844,2.2297967278135844,0.46703724291272924
225.0,37.14,33.21,15.76,225.0,4.87,56.74,24.58,0.0,0.0,0.0,99.0,10.0,113.0,0.0,1012.0,0.42,0.12,2.0,70.0,35.23,41.78,450.0,44.975,21.005,20.17,2.2297967278135844,2.2297967278135844,0.46703724291272924
225.0,37.14,33.21,15.76,225.0,4.87,56.74,24.58,0.0,0.0,0.0,99.0,10.0,113.0,0.0,956.0,0.42,0.12,2.0,70.0,29.81,35.24,450.0,44.975,21.005,20.17,2.2297967278135844,2.2297967278135844,0.46703724291272924
225.0,37.14,33.21,15.76,225.0,4.87,56.74,24.58,0.0,0.0,0.0,0.0,10.0,69.0,0.0,1125.0,0.13,0.4,2.0,70.0,49.78,63.29,450.0,44.975,21.005,20.17,2.2297967278135844,2.2297967278135844,0.46703724291272924
225.0,37.14,33.21,15.76,225.0,4.87,56.74,24.58,0.0,0.0,0.0,0.0,10.0,69.0,0.0,1069.0,0.13,0.4,2.0,70.0,39.14,47.47,450.0,44.975,21.005,20.17,2.2297967278135844,2.2297967278135844,0.46703724291272924
225.0,37.14,33.21,15.76,225.0,4.87,56.74,24.58,0.0,0.0,0.0,0.0,10.0,69.0,0.0,1012.0,0.13,0.4,2.0,70.0,32.16,40.73,450.0,44.975,21.005,20.17,2.2297967278135844,2.2297967278135844,0.46703724291272924
225.0,37.14,33.21,15.76,225.0,4.87,56.74,24.58,0.0,0.0,0.0,0.0,10.0,69.0,0.0,956.0,0.13,0.4,2.0,70.0,27.04,35.1,450.0,44.975,21.005,20.17,2.2297967278135844,2.2297967278135844,0.46703724291272924
225.0,37.14,33.21,15.76,225.0,4.87,56.74,24.58,0.0,0.0,0.0,25.0,10.0,43.0,0.0,1125.0,0.14,0.4,2.0,70.0,13.74,18.56,450.0,44.975,21.005,20.17,2.2297967278135844,2.2297967278135844,0.46703724291272924
225.0,37.14,33.21,15.76,225.0,4.87,56.74,24.58,0.0,0.0,0.0,25.0,10.0,43.0,0.0,1069.0,0.14,0.4,2.0,70.0,11.42,16.04,450.0,44.975,21.005,20.17,2.2297967278135844,2.2297967278135844,0.46703724291272924
225.0,37.14,33.21,15.76,225.0,4.87,56.74,24.58,0.0,0.0,0.0,25.0,10.0,43.0,0.0,1012.0,0.14,0.4,2.0,70.0,11.12,15.27,450.0,44.975,21.005,20.17,2.2297967278135844,2.2297967278135844,0.46703724291272924
225.0,37.14,33.21,15.76,225.0,4.87,56.74,24.58,0.0,0.0,0.0,25.0,10.0,43.0,0.0,956.0,0.14,0.4,2.0,70.0,10.44,13.82,450.0,44.975,21.005,20.17,2.2297967278135844,2.2297967278135844,0.46703724291272924
0.0,0.0,0.0,0.0,181.82,19.1,36.7,18.7,0.0,0.0,0.0,0.0,10.0,18.18,0.0,0.0,0.1,0.25,0.0,65.0,34.0,12.2,181.82,36.7,19.1,18.7,1.9625668449197864,1.9625668449197864,0.5204359673024523
0.0,0.0,0.0,0.0,173.91,19.1,36.7,18.7,0.0,0.0,0.0,0.0,10.0,26.09,0.0,0.0,0.15,0.25,0.0,65.0,34.0,38.0,173.91,36.7,19.1,18.7,1.9625668449197864,1.9625668449197864,0.5204359673024523
0.0,0.0,0.0,0.0,166.67,19.1,36.7,18.7,0.0,0.0,0.0,0.0,10.0,33.33,0.0,0.0,0.2,0.25,0.0,65.0,34.0,86.6,166.67,36.7,19.1,18.7,1.9625668449197864,1.9625668449197864,0.5204359673024523
0.0,0.0,0.0,0.0,160.0,19.1,36.7,18.7,0.0,0.0,0.0,0.0,10.0,40.0,0.0,0.0,0.25,0.25,0.0,65.0,34.0,36.3,160.0,36.7,19.1,18.7,1.9625668449197864,1.9625668449197864,0.5204359673024523
0.0,0.0,0.0,0.0,173.61,19.1,36.7,18.7,0.0,0.0,0.0,0.0,10.0,34.72,0.0,0.0,0.2,0.2,0.0,65.0,34.0,62.2,173.61,36.7,19.1,18.7,1.9625668449197864,1.9625668449197864,0.5204359673024523
0.0,0.0,0.0,0.0,166.67,19.1,36.7,18.7,0.0,0.0,0.0,0.0,10.0,33.33,0.0,0.0,0.2,0.25,0.0,65.0,34.0,83.6,166.67,36.7,19.1,18.7,1.9625668449197864,1.9625668449197864,0.5204359673024523
0.0,0.0,0.0,0.0,160.26,19.1,36.7,18.7,0.0,0.0,0.0,0.0,10.0,32.05,0.0,0.0,0.2,0.3,0.0,65.0,34.0,25.0,160.26,36.7,19.1,18.7,1.9625668449197864,1.9625668449197864,0.5204359673024523
0.0,0.0,0.0,0.0,125.0,21.93,34.9,13.11,0.19,78.02,1.68,100.0,10.0,100.0,0.0,0.0,0.4,0.27,0.0,65.0,34.0,14.13,500.0,67.24,5.625,4.5375,14.818732782369146,14.818732782369146,0.08365556216537776
0.0,0.0,0.0,0.0,250.0,21.93,34.9,13.11,0.19,78.02,1.68,100.0,8.0,100.0,0.0,0.0,0.4,0.27,0.0,65.0,34.0,9.39,500.0,56.46,11.06,7.395,7.634888438133875,7.634888438133875,0.19589089620970598
0.0,0.0,0.0,0.0,250.0,21.93,34.9,13.11,0.19,78.02,1.68,100.0,9.0,100.0,0.0,0.0,0.4,0.27,0.0,65.0,34.0,12.32,500.0,56.46,11.06,7.395,7.634888438133875,7.634888438133875,0.19589089620970598
0.0,0.0,0.0,0.0,250.0,21.93,34.9,13.11,0.19,78.02,1.68,100.0,10.0,100.0,0.0,0.0,0.4,0.27,0.0,65.0,34.0,21.31,500.0,56.46,11.06,7.395,7.634888438133875,7.634888438133875,0.19589089620970598
0.0,0.0,0.0,0.0,250.0,21.93,34.9,13.11,0.19,78.02,1.68,100.0,11.0,100.0,0.0,0.0,0.4,0.27,0.0,65.0,34.0,13.73,500.0,56.46,11.06,7.395,7.634888438133875,7.634888438133875,0.19589089620970598
0.0,0.0,0.0,0.0,250.0,21.93,34.9,13.11,0.19,78.02,1.68,100.0,12.0,100.0,0.0,0.0,0.4,0.27,0.0,65.0,34.0,16.25,500.0,56.46,11.06,7.395,7.634888438133875,7.634888438133875,0.19589089620970598
0.0,0.0,0.0,0.0,375.0,21.93,34.9,13.11,0.19,78.02,1.68,100.0,10.0,100.0,0.0,0.0,0.4,0.27,0.0,65.0,34.0,19.96,500.0,45.68,16.495,10.2525,4.455498658863692,4.455498658863692,0.36109894921190894
0.0,0.0,0.0,0.0,500.0,21.93,34.9,13.11,0.19,78.02,1.68,100.0,10.0,100.0,0.0,0.0,0.4,0.27,0.0,65.0,34.0,19.96,500.0,34.9,21.93,13.11,2.662090007627765,2.662090007627765,0.6283667621776504
0.0,0.0,0.0,0.0,0.0,3.12,51.04,24.89,0.19,78.02,1.68,100.0,10.0,100.0,0.0,0.0,0.4,0.27,0.0,65.0,34.0,7.83,500.0,78.02,0.19,1.68,46.44047619047619,46.44047619047619,0.0024352730069213025
0.0,0.0,0.0,0.0,125.0,3.12,51.04,24.89,0.19,78.02,1.68,100.0,10.0,100.0,0.0,0.0,0.4,0.27,0.0,65.0,34.0,12.63,500.0,71.275,0.9225,7.4825,9.525559639158036,9.525559639158036,0.012942827078218169
0.0,0.0,0.0,0.0,250.0,3.12,51.04,24.89,0.19,78.02,1.68,100.0,10.0,100.0,0.0,0.0,0.4,0.27,0.0,65.0,34.0,20.25,500.0,64.53,1.655,13.285,4.85735792246895,4.85735792246895,0.025646985898031924
0.0,0.0,0.0,0.0,375.0,3.12,51.04,24.89,0.19,78.02,1.68,100.0,10.0,100.0,0.0,0.0,0.4,0.27,0.0,65.0,34.0,31.91,500.0,57.785,2.3875,19.0875,3.027373935821873,3.027373935821873,0.04131695076576967
0.0,0.0,0.0,0.0,500.0,3.12,51.04,24.89,0.19,78.02,1.68,100.0,10.0,100.0,0.0,0.0,0.4,0.27,0.0,65.0,34.0,13.6,500.0,51.04,3.12,24.89,2.0506227400562476,2.0506227400562476,0.061128526645768025
0.0,34.54,41.36,15.77,159.2,4.59,56.45,30.27,0.0,0.0,0.0,26.53,12.0,53.07,398.1,358.3,0.5,0.3,2.0,65.0,18.3,23.33,159.2,56.45,4.59,30.27,1.8648827221671622,1.8648827221671622,0.08131089459698848
31.8,34.54,41.36,15.77,127.4,4.59,56.45,30.27,0.0,0.0,0.0,26.53,12.0,53.07,398.1,358.3,0.5,0.3,2.0,65.0,30.18,40.21,159.20000000000002,53.435791457286435,10.572474874371858,27.3736432160804,1.9520891331664636,1.9520891331664636,0.19785380895542456
47.7,34.54,41.36,15.77,111.5,4.59,56.45,30.27,0.0,0.0,0.0,26.53,12.0,53.07,398.1,358.3,0.5,0.3,2.0,65.0,35.6,45.6,159.2,51.928687185929654,13.563712311557788,25.925464824120603,2.00299927265397,2.00299927265397,0.26119882952159335
63.7,34.54,41.36,15.77,95.5,4.59,56.45,30.27,0.0,0.0,0.0,26.53,12.0,53.07,398.1,358.3,0.5,0.3,2.0,65.0,38.03,48.17,159.2,50.41210427135679,16.573762562814068,24.4681783919598,2.060312928236706,2.060312928236706,0.32876553760980315
0.0,34.54,41.36,15.77,159.2,4.59,56.45,30.27,0.0,0.0,0.0,29.92,8.0,49.68,398.1,358.3,0.5,0.53,2.0,65.0,15.33,20.01,159.2,56.45,4.59,30.27,1.8648827221671622,1.8648827221671622,0.08131089459698848
31.8,34.54,41.36,15.77,127.4,4.59,56.45,30.27,0.0,0.0,0.0,29.92,8.0,49.68,398.1,358.3,0.5,0.53,2.0,65.0,25.16,35.66,159.20000000000002,53.435791457286435,10.572474874371858,27.3736432160804,1.9520891331664636,1.9520891331664636,0.19785380895542456
47.7,34.54,41.36,15.77,111.5,4.59,56.45,30.27,0.0,0.0,0.0,29.92,8.0,49.68,398.1,358.3,0.5,0.53,2.0,65.0,30.45,40.18,159.2,51.928687185929654,13.563712311557788,25.925464824120603,2.00299927265397,2.00299927265397,0.26119882952159335
63.7,34.54,41.36,15.77,95.5,4.59,56.45,30.27,0.0,0.0,0.0,29.92,8.0,49.68,398.1,358.3,0.5,0.53,2.0,65.0,33.2,43.65,159.2,50.41210427135679,16.573762562814068,24.4681783919598,2.060312928236706,2.060312928236706,0.32876553760980315
0.0,0.0,0.0,0.0,350.0,1.1,62.55,29.02,0.0,0.0,0.0,45.0,8.0,112.5,1243.0,533.0,0.45,0.1,2.0,65.0,11.01,22.45,350.0,62.55,1.1,29.02,2.155410062026189,2.155410062026189,0.017585931254996006
0.0,0.0,0.0,0.0,375.0,1.1,62.55,29.02,0.0,0.0,0.0,48.22,8.0,120.5,1215.0,521.0,0.45,0.1,2.0,65.0,13.13,25.61,375.0,62.55,1.1,29.02,2.155410062026189,2.155410062026189,0.017585931254996006
0.0,0.0,0.0,0.0,400.0,1.1,62.55,29.02,0.0,0.0,0.0,51.42,8.0,128.5,1186.0,508.0,0.45,0.1,2.0,65.0,16.33,27.12,400.0,62.55,1.1,29.02,2.155410062026189,2.155410062026189,0.017585931254996006
0.0,0.0,0.0,0.0,350.0,1.1,62.55,29.02,0.0,0.0,0.0,45.0,12.0,112.5,1239.0,531.0,0.45,0.1,2.0,65.0,14.6,30.2,350.0,62.55,1.1,29.02,2.155410062026189,2.155410062026189,0.017585931254996006
0.0,0.0,0.0,0.0,375.0,1.1,62.55,29.02,0.0,0.0,0.0,48.22,12.0,120.5,1210.0,519.0,0.45,0.1,2.0,65.0,17.2,35.17,375.0,62.55,1.1,29.02,2.155410062026189,2.155410062026189,0.017585931254996006
0.0,0.0,0.0,0.0,400.0,1.1,62.55,29.02,0.0,0.0,0.0,51.42,12.0,128.5,1181.0,506.0,0.45,0.1,2.0,65.0,20.14,38.61,400.0,62.55,1.1,29.02,2.155410062026189,2.155410062026189,0.017585931254996006
0.0,0.0,0.0,0.0,350.0,1.1,62.55,29.02,0.0,0.0,0.0,45.0,16.0,112.5,1236.0,530.0,0.45,0.1,2.0,65.0,19.17,33.2,350.0,62.55,1.1,29.02,2.155410062026189,2.155410062026189,0.017585931254996006
0.0,0.0,0.0,0.0,375.0,1.1,62.55,29.02,0.0,0.0,0.0,48.22,16.0,120.5,1207.0,517.0,0.45,0.1,2.0,65.0,21.0,38.9,375.0,62.55,1.1,29.02,2.155410062026189,2.155410062026189,0.017585931254996006
0.0,0.0,0.0,0.0,400.0,1.1,62.55,29.02,0.0,0.0,0.0,51.42,16.0,128.5,1178.0,505.0,0.45,0.1,2.0,65.0,25.3,41.27,400.0,62.55,1.1,29.02,2.155410062026189,2.155410062026189,0.017585931254996006
860.0,39.0,36.0,11.0,0.0,0.0,0.0,0.0,0.59,95.1,1.22,27.06,14.0,99.0,1210.0,850.0,0.33,0.3,0.0,65.0,101.0,115.0,1145.0,50.71048034934498,29.43943231441048,8.565676855895196,5.920195356709524,5.920195356709524,0.5805394094396652
860.0,39.0,36.0,11.0,0.0,0.0,0.0,0.0,0.59,95.1,1.22,27.06,14.0,99.0,1210.0,850.0,0.33,0.3,0.0,65.0,115.0,140.0,1145.0,50.71048034934498,29.43943231441048,8.565676855895196,5.920195356709524,5.920195356709524,0.5805394094396652
860.0,39.0,36.0,11.0,0.0,0.0,0.0,0.0,0.59,95.1,1.22,27.06,14.0,99.0,1210.0,850.0,0.33,0.3,0.0,65.0,122.0,147.0,1145.0,50.71048034934498,29.43943231441048,8.565676855895196,5.920195356709524,5.920195356709524,0.5805394094396652
860.0,39.0,36.0,11.0,0.0,0.0,0.0,0.0,0.59,95.1,1.22,27.06,14.0,99.0,1210.0,850.0,0.33,0.3,0.0,65.0,123.0,144.0,1145.0,50.71048034934498,29.43943231441048,8.565676855895196,5.920195356709524,5.920195356709524,0.5805394094396652
860.0,39.0,36.0,11.0,0.0,0.0,0.0,0.0,0.59,95.1,1.22,27.06,14.0,99.0,1210.0,850.0,0.33,0.3,0.0,65.0,126.0,152.0,1145.0,50.71048034934498,29.43943231441048,8.565676855895196,5.920195356709524,5.920195356709524,0.5805394094396652
860.0,39.0,36.0,11.0,0.0,0.0,0.0,0.0,0.59,95.1,1.22,27.06,14.0,99.0,1210.0,850.0,0.33,0.3,0.0,65.0,127.0,150.0,1145.0,50.71048034934498,29.43943231441048,8.565676855895196,5.920195356709524,5.920195356709524,0.5805394094396652
860.0,39.0,36.0,11.0,0.0,0.0,0.0,0.0,0.59,95.1,1.22,27.06,14.0,99.0,1210.0,850.0,0.33,0.3,0.0,65.0,129.0,162.0,1145.0,50.71048034934498,29.43943231441048,8.565676855895196,5.920195356709524,5.920195356709524,0.5805394094396652
860.0,39.0,36.0,11.0,0.0,0.0,0.0,0.0,0.59,95.1,1.22,27.06,14.0,99.0,1210.0,850.0,0.33,0.3,0.0,65.0,123.0,145.0,1145.0,50.71048034934498,29.43943231441048,8.565676855895196,5.920195356709524,5.920195356709524,0.5805394094396652
860.0,39.0,36.0,11.0,0.0,0.0,0.0,0.0,0.59,95.1,1.22,27.06,14.0,99.0,1210.0,850.0,0.33,0.3,0.0,65.0,127.0,153.0,1145.0,50.71048034934498,29.43943231441048,8.565676855895196,5.920195356709524,5.920195356709524,0.5805394094396652
860.0,39.0,36.0,11.0,0.0,0.0,0.0,0.0,0.59,95.1,1.22,27.06,14.0,99.0,1210.0,850.0,0.33,0.3,0.0,65.0,128.0,154.0,1145.0,50.71048034934498,29.43943231441048,8.565676855895196,5.920195356709524,5.920195356709524,0.5805394094396652
0.0,39.7,34.0,14.3,500.0,1.4,51.75,34.75,0.0,0.0,0.0,65.0,12.0,163.0,1100.0,785.0,0.45,0.05,0.9,55.0,19.65,20.0,500.0,51.75,1.4,34.75,1.4892086330935252,1.4892086330935252,0.027053140096618356
0.0,39.7,34.0,14.3,0.0,1.4,51.75,34.75,0.0,0.0,0.0,65.0,12.0,163.0,1100.0,785.0,0.45,0.05,0.9,55.0,37.05,41.35,0.0,44.13259892510342,22.333496553773266,19.70621046605801,2.797416818309127,2.797416818309127,0.5936466547508775
475.0,39.7,34.0,14.3,0.0,1.4,51.75,34.75,0.0,0.0,0.0,65.0,12.0,163.0,1100.0,785.0,0.45,0.05,0.9,55.0,38.27,42.6,475.0,34.0,39.7,14.3,2.3776223776223775,2.3776223776223775,1.1676470588235295
425.0,39.7,34.0,14.3,0.0,1.4,51.75,34.75,0.0,0.0,0.0,65.0,12.0,163.0,1100.0,785.0,0.45,0.05,0.9,55.0,33.53,39.31,425.0,34.0,39.7,14.3,2.3776223776223775,2.3776223776223775,1.1676470588235295
375.0,39.7,34.0,14.3,0.0,1.4,51.75,34.75,0.0,0.0,0.0,65.0,12.0,163.0,1100.0,785.0,0.45,0.05,0.9,55.0,27.81,31.59,375.0,34.0,39.7,14.3,2.3776223776223775,2.3776223776223775,1.1676470588235295
225.0,34.12,36.4,11.39,225.0,1.6,62.33,21.14,0.0,0.0,0.0,64.3,12.0,160.7,742.88,865.61,0.5,0.08,5.0,65.0,34.0,60.7,450.0,49.365,17.86,16.265,3.035044574239164,3.035044574239164,0.36179479388230523
225.0,34.12,36.4,11.39,225.0,1.6,62.33,21.14,0.0,0.0,0.0,64.3,12.0,160.7,740.34,862.65,0.5,0.08,5.0,65.0,34.0,58.4,450.0,49.365,17.86,16.265,3.035044574239164,3.035044574239164,0.36179479388230523
225.0,34.12,36.4,11.39,225.0,1.6,62.33,21.14,0.0,0.0,0.0,64.3,12.0,160.7,737.8,859.69,0.5,0.08,5.0,65.0,34.0,57.7,450.0,49.365,17.86,16.265,3.035044574239164,3.035044574239164,0.36179479388230523
225.0,34.12,36.4,11.39,225.0,1.6,62.33,21.14,0.0,0.0,0.0,64.3,12.0,160.7,742.88,865.61,0.5,0.08,5.0,65.0,34.0,63.8,489.2,45.40934178250205,16.428863450531477,14.961672117743255,3.035044574239164,3.035044574239164,0.3617947938823052
225.0,34.12,36.4,11.39,225.0,1.6,62.33,21.14,0.0,0.0,0.0,64.3,12.0,160.7,742.88,865.61,0.5,0.08,5.0,65.0,34.0,60.2,489.2,45.40934178250205,16.428863450531477,14.961672117743255,3.035044574239164,3.035044574239164,0.3617947938823052
222.8,34.12,36.4,11.39,222.8,1.6,62.33,21.14,0.0,0.0,0.0,64.3,12.0,160.7,742.54,865.22,0.5,0.08,5.0,65.0,34.0,58.0,484.8,45.37344059405941,16.415874587458745,14.949843234323435,3.0350445742391634,3.0350445742391634,0.36179479388230523
220.5,34.12,36.4,11.39,220.5,1.6,62.33,21.14,0.0,0.0,0.0,64.3,12.0,160.7,742.21,864.83,0.5,0.08,5.0,65.0,34.0,65.1,519.4,41.91367924528302,15.164150943396226,13.809905660377359,3.035044574239164,3.035044574239164,0.36179479388230523
222.8,34.12,36.4,11.39,222.8,1.6,62.33,21.14,0.0,0.0,0.0,64.3,12.0,160.7,742.54,865.22,0.5,0.08,5.0,65.0,34.0,61.7,524.0,41.97909160305344,15.187816793893129,13.831458015267177,3.035044574239164,3.035044574239164,0.36179479388230523
220.5,34.12,36.4,11.39,220.5,1.6,62.33,21.14,0.0,0.0,0.0,64.3,12.0,160.7,742.21,864.83,0.5,0.08,5.0,65.0,34.0,59.9,519.4,41.91367924528302,15.164150943396226,13.809905660377359,3.035044574239164,3.035044574239164,0.36179479388230523
0.0,0.0,0.0,0.0,390.0,18.75,32.1,19.9,0.0,0.0,0.0,67.0,8.0,0.0,1092.0,585.0,0.6,0.35,0.0,65.0,34.0,23.4,390.0,32.1,18.75,19.9,1.613065326633166,1.613065326633166,0.5841121495327103
0.0,0.0,0.0,0.0,390.0,18.75,32.1,19.9,0.0,0.0,0.0,67.0,10.0,0.0,1092.0,585.0,0.6,0.35,0.0,65.0,34.0,25.0,390.0,32.1,18.75,19.9,1.613065326633166,1.613065326633166,0.5841121495327103
0.0,0.0,0.0,0.0,390.0,18.75,32.1,19.9,0.0,0.0,0.0,67.0,12.0,0.0,1092.0,585.0,0.6,0.35,0.0,65.0,34.0,28.2,390.0,32.1,18.75,19.9,1.613065326633166,1.613065326633166,0.5841121495327103
0.0,0.0,0.0,0.0,390.0,18.75,32.1,19.9,0.0,0.0,0.0,67.0,14.0,0.0,1092.0,585.0,0.6,0.35,0.0,65.0,34.0,31.8,390.0,32.1,18.75,19.9,1.613065326633166,1.613065326633166,0.5841121495327103
0.0,0.0,0.0,0.0,390.0,18.75,32.1,19.9,0.0,0.0,0.0,67.0,16.0,0.0,1092.0,585.0,0.6,0.35,0.0,65.0,34.0,32.2,390.0,32.1,18.75,19.9,1.613065326633166,1.613065326633166,0.5841121495327103
0.0,0.0,0.0,0.0,390.0,18.75,32.1,19.9,0.0,0.0,0.0,67.0,18.0,0.0,1092.0,585.0,0.6,0.35,0.0,65.0,34.0,30.3,390.0,32.1,18.75,19.9,1.613065326633166,1.613065326633166,0.5841121495327103
379.31,37.71,35.85,13.39,0.0,0.0,0.0,0.0,0.95,94.0,1.2,28.45,4.0,142.23,1108.8,739.2,0.45,0.48,0.0,65.0,52.1,62.5,379.31,35.85,37.71,13.39,2.6773711725168035,2.6773711725168035,1.0518828451882845
360.34,37.71,35.85,13.39,0.0,0.0,0.0,0.0,0.95,94.0,1.2,27.03,4.0,135.17,1108.8,739.2,0.45,0.48,0.0,65.0,59.0,71.9,379.30999999999995,38.75818987108171,35.87156389233082,12.780355382141257,3.0326378815131236,3.0326378815131236,0.9255221673573393
341.38,37.71,35.85,13.39,0.0,0.0,0.0,0.0,0.95,94.0,1.2,25.6,4.0,127.99,1108.8,739.2,0.45,0.48,0.0,65.0,63.0,72.2,379.31,41.66484669531518,34.03409691281537,12.171032137301943,3.4232796549456306,3.4232796549456306,0.8168540055288909
322.41,37.71,35.85,13.39,0.0,0.0,0.0,0.0,0.95,94.0,1.2,24.18,4.0,120.92,1108.8,739.2,0.45,0.48,0.0,65.0,66.0,71.0,379.31,44.57303656639688,32.19566080514619,11.5613875194432,3.8553362640458864,3.8553362640458864,0.7223124849747873
303.49,37.71,35.85,13.39,0.0,0.0,0.0,0.0,0.95,94.0,1.2,22.76,4.0,113.82,1108.8,739.2,0.45,0.48,0.0,65.0,67.5,80.3,379.35,47.47846711480163,30.358969025965465,10.952321339132727,4.335014070958703,4.335014070958703,0.639426057133612
284.48,37.71,35.85,13.39,0.0,0.0,0.0,0.0,0.95,94.0,1.2,21.34,4.0,106.69,1108.8,739.2,0.45,0.48,0.0,65.0,69.2,84.0,379.31,50.387883261712055,28.519757717961564,10.342419656745143,4.871962745086443,4.871962745086443,0.5660042826135684
265.52,37.71,35.85,13.39,0.0,0.0,0.0,0.0,0.95,94.0,1.2,19.91,4.0,99.55,1108.8,739.2,0.45,0.48,0.0,65.0,71.3,88.0,379.31,53.294540085945535,26.682290738446127,9.733096411905828,5.475599730087332,5.475599730087332,0.5006571160088235
379.31,37.71,35.85,13.39,0.0,0.0,0.0,0.0,0.95,94.0,1.2,28.45,6.0,142.23,1108.8,739.2,0.45,0.48,0.0,65.0,48.5,58.4,379.31,35.85,37.71,13.39,2.6773711725168035,2.6773711725168035,1.0518828451882845
360.34,37.71,35.85,13.39,0.0,0.0,0.0,0.0,0.95,94.0,1.2,27.03,6.0,135.17,1108.8,739.2,0.45,0.48,0.0,65.0,55.2,66.7,360.34,35.85,37.71,13.39,2.6773711725168035,2.6773711725168035,1.0518828451882845
341.38,37.71,35.85,13.39,0.0,0.0,0.0,0.0,0.95,94.0,1.2,25.6,6.0,127.99,1108.8,739.2,0.45,0.48,0.0,65.0,60.1,70.3,341.38,35.85,37.71,13.39,2.6773711725168035,2.6773711725168035,1.0518828451882845
322.41,37.71,35.85,13.39,0.0,0.0,0.0,0.0,0.95,94.0,1.2,24.18,6.0,120.92,1108.8,739.2,0.45,0.48,0.0,65.0,54.0,72.9,322.41,35.85,37.71,13.39,2.6773711725168035,2.6773711725168035,1.0518828451882845
303.49,37.71,35.85,13.39,0.0,0.0,0.0,0.0,0.95,94.0,1.2,22.76,6.0,113.82,1108.8,739.2,0.45,0.48,0.0,65.0,67.1,78.9,303.49,35.85,37.71,13.39,2.6773711725168035,2.6773711725168035,1.0518828451882845
284.48,37.71,35.85,13.39,0.0,0.0,0.0,0.0,0.95,94.0,1.2,21.34,6.0,106.69,1108.8,739.2,0.45,0.48,0.0,65.0,69.3,82.6,284.48,35.85,37.71,13.39,2.6773711725168035,2.6773711725168035,1.0518828451882845
265.52,37.71,35.85,13.39,0.0,0.0,0.0,0.0,0.95,94.0,1.2,19.91,6.0,99.55,1108.8,739.2,0.45,0.48,0.0,65.0,71.5,86.8,265.52,35.85,37.71,13.39,2.6773711725168035,2.6773711725168035,1.0518828451882845
360.34,37.71,35.85,13.39,0.0,0.0,0.0,0.0,0.95,94.0,1.2,28.45,8.0,142.23,1108.8,739.2,0.45,0.48,0.0,65.0,45.3,55.1,379.30999999999995,38.75818987108171,35.87156389233082,12.780355382141257,3.0326378815131236,3.0326378815131236,0.9255221673573393
341.38,37.71,35.85,13.39,0.0,0.0,0.0,0.0,0.95,94.0,1.2,27.03,8.0,135.17,1108.8,739.2,0.45,0.48,0.0,65.0,51.8,63.4,379.31,41.66484669531518,34.03409691281537,12.171032137301943,3.4232796549456306,3.4232796549456306,0.8168540055288909
322.41,37.71,35.85,13.39,0.0,0.0,0.0,0.0,0.95,94.0,1.2,25.6,8.0,127.99,1108.8,739.2,0.45,0.48,0.0,65.0,56.7,68.2,379.31,44.57303656639688,32.19566080514619,11.5613875194432,3.8553362640458864,3.8553362640458864,0.7223124849747873
303.49,37.71,35.85,13.39,0.0,0.0,0.0,0.0,0.95,94.0,1.2,24.18,8.0,120.92,1108.8,739.2,0.45,0.48,0.0,65.0,60.4,71.0,379.35,47.47846711480163,30.358969025965465,10.952321339132727,4.335014070958703,4.335014070958703,0.639426057133612
284.48,37.71,35.85,13.39,0.0,0.0,0.0,0.0,0.95,94.0,1.2,22.76,8.0,113.82,1108.8,739.2,0.45,0.48,0.0,65.0,63.0,75.2,379.31,50.387883261712055,28.519757717961564,10.342419656745143,4.871962745086443,4.871962745086443,0.5660042826135684
265.52,37.71,35.85,13.39,0.0,0.0,0.0,0.0,0.95,94.0,1.2,21.34,8.0,106.69,1108.8,739.2,0.45,0.48,0.0,65.0,65.1,77.8,379.31,53.294540085945535,26.682290738446127,9.733096411905828,5.475599730087332,5.475599730087332,0.5006571160088235
265.52,37.71,35.85,13.39,0.0,0.0,0.0,0.0,0.95,94.0,1.2,19.91,8.0,99.55,1108.8,739.2,0.45,0.48,0.0,65.0,67.2,79.5,341.38,48.77184369324507,29.541350401312318,10.68119046224149,4.566143059208224,4.566143059208224,0.6057050167534227
436.0,59.41,25.75,8.03,0.0,4.294,58.158,24.351,0.0,0.0,0.0,95.92,6.0,143.88,0.0,1199.0,0.55,0.3,0.0,65.0,34.0,15.59,436.0,25.75,59.41,8.03,3.206724782067248,3.206724782067248,2.307184466019417
436.0,59.41,25.75,8.03,0.0,4.294,58.158,24.351,0.0,0.0,0.0,95.92,8.0,143.88,0.0,1199.0,0.55,0.3,0.0,65.0,34.0,36.3,436.0,25.75,59.41,8.03,3.206724782067248,3.206724782067248,2.307184466019417
436.0,59.41,25.75,8.03,0.0,4.294,58.158,24.351,0.0,0.0,0.0,95.92,10.0,143.88,0.0,1199.0,0.55,0.3,0.0,65.0,34.0,50.23,436.0,25.75,59.41,8.03,3.206724782067248,3.206724782067248,2.307184466019417
436.0,59.41,25.75,8.03,0.0,4.294,58.158,24.351,0.0,0.0,0.0,95.92,12.0,143.88,0.0,1199.0,0.55,0.3,0.0,65.0,34.0,55.0,436.0,25.75,59.41,8.03,3.206724782067248,3.206724782067248,2.307184466019417
327.0,59.41,25.75,8.03,109.0,4.294,58.158,24.351,0.0,0.0,0.0,95.92,6.0,143.88,0.0,1199.0,0.55,0.3,0.0,65.0,34.0,26.52,436.0,33.852,45.63099999999999,12.110249999999999,2.7953180157304764,2.7953180157304764,1.347955807633227
327.0,59.41,25.75,8.03,109.0,4.294,58.158,24.351,0.0,0.0,0.0,95.92,8.0,143.88,0.0,1199.0,0.55,0.3,0.0,65.0,34.0,43.67,436.0,33.852,45.63099999999999,12.110249999999999,2.7953180157304764,2.7953180157304764,1.347955807633227
327.0,59.41,25.75,8.03,109.0,4.294,58.158,24.351,0.0,0.0,0.0,95.92,10.0,143.88,0.0,1199.0,0.55,0.3,0.0,65.0,34.0,41.52,436.0,33.852,45.63099999999999,12.110249999999999,2.7953180157304764,2.7953180157304764,1.347955807633227
327.0,59.41,25.75,8.03,109.0,4.294,58.158,24.351,0.0,0.0,0.0,95.92,12.0,143.88,0.0,1199.0,0.55,0.3,0.0,65.0,34.0,47.6,436.0,33.852,45.63099999999999,12.110249999999999,2.7953180157304764,2.7953180157304764,1.347955807633227
218.0,59.41,25.75,8.03,218.0,4.294,58.158,24.351,0.0,0.0,0.0,95.92,6.0,143.88,0.0,1199.0,0.55,0.3,0.0,65.0,34.0,16.99,436.0,41.954,31.852,16.1905,2.5912726598931473,2.5912726598931473,0.7592124708013539
218.0,59.41,25.75,8.03,218.0,4.294,58.158,24.351,0.0,0.0,0.0,95.92,8.0,143.88,0.0,1199.0,0.55,0.3,0.0,65.0,34.0,29.55,436.0,41.954,31.852,16.1905,2.5912726598931473,2.5912726598931473,0.7592124708013539
218.0,59.41,25.75,8.03,218.0,4.294,58.158,24.351,0.0,0.0,0.0,95.92,10.0,143.88,0.0,1199.0,0.55,0.3,0.0,65.0,34.0,40.8,436.0,41.954,31.852,16.1905,2.5912726598931473,2.5912726598931473,0.7592124708013539
109.0,59.41,25.75,8.03,327.0,4.294,58.158,24.351,0.0,0.0,0.0,95.92,12.0,143.88,0.0,1199.0,0.55,0.3,0.0,65.0,34.0,38.97,436.0,50.056000000000004,18.073,20.27075,2.4693708915555668,2.4693708915555668,0.36105561770816685
109.0,59.41,25.75,8.03,327.0,4.294,58.158,24.351,0.0,0.0,0.0,95.92,6.0,143.88,0.0,1199.0,0.55,0.3,0.0,65.0,34.0,7.02,436.0,50.056000000000004,18.073,20.27075,2.4693708915555668,2.4693708915555668,0.36105561770816685
109.0,59.41,25.75,8.03,327.0,4.294,58.158,24.351,0.0,0.0,0.0,95.92,8.0,143.88,0.0,1199.0,0.55,0.3,0.0,65.0,34.0,15.87,436.0,50.056000000000004,18.073,20.27075,2.4693708915555668,2.4693708915555668,0.36105561770816685
109.0,59.41,25.75,8.03,327.0,4.294,58.158,24.351,0.0,0.0,0.0,95.92,10.0,143.88,0.0,1199.0,0.55,0.3,0.0,65.0,34.0,25.44,436.0,50.056000000000004,18.073,20.27075,2.4693708915555668,2.4693708915555668,0.36105561770816685
109.0,59.41,25.75,8.03,327.0,4.294,58.158,24.351,0.0,0.0,0.0,95.92,12.0,143.88,0.0,1199.0,0.55,0.3,0.0,65.0,34.0,32.18,436.0,50.056000000000004,18.073,20.27075,2.4693708915555668,2.4693708915555668,0.36105561770816685
500.0,38.88,33.97,8.51,0.0,0.0,0.0,0.0,0.0,0.0,0.0,78.6,10.0,196.4,0.0,1250.0,0.55,0.1,0.0,65.0,21.46,25.12,500.0,33.97,38.88,8.51,3.991774383078731,3.991774383078731,1.1445392993818075
475.0,38.88,33.97,8.51,0.0,0.0,0.0,0.0,0.0,0.0,0.0,78.6,10.0,196.4,0.0,1250.0,0.55,0.1,0.0,65.0,17.84,21.63,500.0,32.2715,36.936,8.0845,3.9917743830787313,3.9917743830787313,1.1445392993818073
450.0,38.88,33.97,8.51,0.0,0.0,0.0,0.0,0.0,0.0,0.0,78.6,10.0,196.4,0.0,1250.0,0.55,0.1,0.0,65.0,18.27,23.05,500.0,30.573,34.992,7.659,3.991774383078731,3.991774383078731,1.1445392993818073
425.0,38.88,33.97,8.51,0.0,0.0,0.0,0.0,0.0,0.0,0.0,78.6,10.0,196.4,0.0,1250.0,0.55,0.1,0.0,65.0,21.94,27.41,500.0,28.8745,33.048,7.2335,3.991774383078731,3.991774383078731,1.1445392993818075
400.0,38.88,33.97,8.51,0.0,0.0,0.0,0.0,0.0,0.0,0.0,78.6,10.0,196.4,0.0,1250.0,0.55,0.1,0.0,65.0,24.18,31.62,500.0,27.176,31.104000000000003,6.808,3.991774383078731,3.991774383078731,1.1445392993818075
375.0,38.88,33.97,8.51,0.0,0.0,0.0,0.0,0.0,0.0,0.0,78.6,10.0,196.4,0.0,1250.0,0.55,0.1,0.0,65.0,22.73,29.84,525.0,24.264285714285716,27.771428571428576,6.078571428571428,3.9917743830787313,3.9917743830787313,1.1445392993818075
350.0,38.88,33.97,8.51,0.0,0.0,0.0,0.0,0.0,0.0,0.0,78.6,10.0,196.4,0.0,1250.0,0.55,0.1,0.0,65.0,20.56,27.93,525.0,22.64666666666667,25.92,5.673333333333333,3.9917743830787313,3.9917743830787313,1.1445392993818075
500.0,38.88,33.97,8.51,0.0,0.0,0.0,0.0,0.0,0.0,0.0,78.6,10.0,196.4,0.0,1250.0,0.55,0.1,0.0,65.0,28.63,35.51,500.0,33.97,38.88,8.51,3.991774383078731,3.991774383078731,1.1445392993818075
475.0,38.88,33.97,8.51,0.0,0.0,0.0,0.0,0.0,0.0,0.0,78.6,10.0,196.4,0.0,1250.0,0.55,0.1,0.0,65.0,18.54,23.06,500.0,32.2715,36.936,8.0845,3.9917743830787313,3.9917743830787313,1.1445392993818073
450.0,38.88,33.97,8.51,0.0,0.0,0.0,0.0,0.0,0.0,0.0,78.6,10.0,196.4,0.0,1250.0,0.55,0.1,0.0,65.0,22.47,28.36,500.0,30.573,34.992,7.659,3.991774383078731,3.991774383078731,1.1445392993818073
425.0,38.88,33.97,8.51,0.0,0.0,0.0,0.0,0.0,0.0,0.0,78.6,10.0,196.4,0.0,1250.0,0.55,0.1,0.0,65.0,28.95,34.82,500.0,28.8745,33.048,7.2335,3.991774383078731,3.991774383078731,1.1445392993818075
400.0,38.88,33.97,8.51,0.0,0.0,0.0,0.0,0.0,0.0,0.0,78.6,10.0,196.4,0.0,1250.0,0.55,0.1,0.0,65.0,35.62,42.37,500.0,27.176,31.104000000000003,6.808,3.991774383078731,3.991774383078731,1.1445392993818075
375.0,38.88,33.97,8.51,0.0,0.0,0.0,0.0,0.0,0.0,0.0,78.6,10.0,196.4,0.0,1250.0,0.55,0.1,0.0,65.0,41.74,48.96,525.0,24.264285714285716,27.771428571428576,6.078571428571428,3.9917743830787313,3.9917743830787313,1.1445392993818075
350.0,38.88,33.97,8.51,0.0,0.0,0.0,0.0,0.0,0.0,0.0,78.6,10.0,196.4,0.0,1250.0,0.55,0.1,0.0,65.0,44.31,52.59,525.0,22.64666666666667,25.92,5.673333333333333,3.9917743830787313,3.9917743830787313,1.1445392993818075
688.0,39.52,33.21,13.76,154.0,1.36,53.73,36.07,1.06,96.55,0.51,45.0,10.0,314.0,0.0,905.0,0.4,0.32,0.0,65.0,34.0,127.3,887.0,39.98607666290868,30.943517474633598,16.961228861330326,2.357498798573044,2.357498798573044,0.7738573037683636
688.0,39.52,33.21,13.76,172.0,1.36,53.73,36.07,1.06,96.55,0.51,45.0,10.0,314.0,0.0,905.0,0.4,0.32,0.0,65.0,34.0,139.8,905.0,40.259436464088395,30.35511602209945,17.341292817679555,2.3215937178019193,2.3215937178019193,0.7539876036063334
688.0,39.52,33.21,13.76,172.0,1.36,53.73,36.07,1.06,96.55,0.51,45.0,10.0,314.0,0.0,905.0,0.4,0.32,0.0,65.0,34.0,153.9,905.0,40.259436464088395,30.35511602209945,17.341292817679555,2.3215937178019193,2.3215937178019193,0.7539876036063334
688.0,39.52,33.21,13.76,172.0,1.36,53.73,36.07,1.06,96.55,0.51,45.0,10.0,314.0,0.0,905.0,0.4,0.32,0.0,65.0,34.0,168.8,905.0,40.259436464088395,30.35511602209945,17.341292817679555,2.3215937178019193,2.3215937178019193,0.7539876036063334
615.0,39.52,33.21,13.76,154.0,1.36,53.73,36.07,1.06,96.55,0.51,45.0,10.0,314.0,0.0,905.0,0.4,0.32,0.0,65.0,34.0,132.1,905.0,46.22029834254143,27.246850828729283,15.565237569060775,2.9694566586258935,2.9694566586258935,0.5894996745109956
543.0,39.52,33.21,13.76,134.0,1.36,53.73,36.07,1.06,96.55,0.51,45.0,10.0,314.0,0.0,905.0,0.4,0.32,0.0,65.0,34.0,157.1,903.0,52.10758582502768,24.231627906976748,13.75450719822813,3.788400781944426,3.788400781944426,0.46503071526560935
725.0,39.52,33.21,13.76,135.0,1.36,53.73,36.07,1.06,96.55,0.51,45.0,10.0,314.0,0.0,905.0,0.4,0.32,0.0,65.0,34.0,151.9,905.0,39.420497237569066,31.915248618784535,16.429171270718232,2.3994209195340455,2.3994209195340455,0.8096105035521527
634.0,39.52,33.21,13.76,226.0,1.36,53.73,36.07,1.06,96.55,0.51,45.0,10.0,314.0,0.0,905.0,0.4,0.32,0.0,65.0,34.0,132.3,905.0,41.483834254143645,28.078165745856356,18.67249723756906,2.2216543254149306,2.2216543254149306,0.6768459630283994
688.0,39.52,33.21,13.76,154.0,1.36,53.73,36.07,1.06,96.55,0.51,45.0,10.0,314.0,0.0,905.0,0.4,0.32,0.0,65.0,34.0,120.1,887.0,39.98607666290868,30.943517474633598,16.961228861330326,2.357498798573044,2.357498798573044,0.7738573037683636
688.0,39.52,33.21,13.76,172.0,1.36,53.73,36.07,1.06,96.55,0.51,45.0,10.0,314.0,0.0,905.0,0.4,0.32,0.0,65.0,34.0,132.1,905.0,40.259436464088395,30.35511602209945,17.341292817679555,2.3215937178019193,2.3215937178019193,0.7539876036063334
688.0,39.52,33.21,13.76,172.0,1.36,53.73,36.07,1.06,96.55,0.51,45.0,10.0,314.0,0.0,905.0,0.4,0.32,0.0,65.0,34.0,144.2,905.0,40.259436464088395,30.35511602209945,17.341292817679555,2.3215937178019193,2.3215937178019193,0.7539876036063334
688.0,39.52,33.21,13.76,172.0,1.36,53.73,36.07,1.06,96.55,0.51,45.0,10.0,314.0,0.0,905.0,0.4,0.32,0.0,65.0,34.0,157.1,905.0,40.259436464088395,30.35511602209945,17.341292817679555,2.3215937178019193,2.3215937178019193,0.7539876036063334
615.0,39.52,33.21,13.76,154.0,1.36,53.73,36.07,1.06,96.55,0.51,45.0,10.0,314.0,0.0,905.0,0.4,0.32,0.0,65.0,34.0,123.3,905.0,46.22029834254143,27.246850828729283,15.565237569060775,2.9694566586258935,2.9694566586258935,0.5894996745109956
543.0,39.52,33.21,13.76,134.0,1.36,53.73,36.07,1.06,96.55,0.51,45.0,10.0,314.0,0.0,905.0,0.4,0.32,0.0,65.0,34.0,146.5,903.0,52.10758582502768,24.231627906976748,13.75450719822813,3.788400781944426,3.788400781944426,0.46503071526560935
725.0,39.52,33.21,13.76,135.0,1.36,53.73,36.07,1.06,96.55,0.51,45.0,10.0,314.0,0.0,905.0,0.4,0.32,0.0,65.0,34.0,141.6,905.0,39.420497237569066,31.915248618784535,16.429171270718232,2.3994209195340455,2.3994209195340455,0.8096105035521527
634.0,39.52,33.21,13.76,226.0,1.36,53.73,36.07,1.06,96.55,0.51,45.0,10.0,314.0,0.0,905.0,0.4,0.32,0.0,65.0,34.0,124.6,905.0,41.483834254143645,28.078165745856356,18.67249723756906,2.2216543254149306,2.2216543254149306,0.6768459630283994
40.0,45.45,29.96,12.25,360.0,1.9,53.71,27.2,0.0,0.0,0.0,45.7,10.0,114.3,1029.0,651.0,0.4,0.02,0.0,70.0,31.0,47.0,400.0,51.335,6.255,25.705,1.9970822797121184,1.9970822797121184,0.12184669328917892
80.0,45.45,29.96,12.25,320.0,1.9,53.71,27.2,0.0,0.0,0.0,45.7,10.0,114.3,1029.0,651.0,0.4,0.02,0.0,70.0,35.0,43.0,400.0,48.96,10.61,24.21,2.0223048327137545,2.0223048327137545,0.21670751633986926
40.0,45.45,29.96,12.25,360.0,1.9,53.71,27.2,0.0,0.0,0.0,64.0,10.0,96.0,1029.0,651.0,0.4,0.02,0.0,70.0,29.0,54.0,400.0,51.335,6.255,25.705,1.9970822797121184,1.9970822797121184,0.12184669328917892
80.0,45.45,29.96,12.25,320.0,1.9,53.71,27.2,0.0,0.0,0.0,64.0,10.0,96.0,1029.0,651.0,0.4,0.02,1.5,70.0,11.0,25.0,400.0,48.96,10.61,24.21,2.0223048327137545,2.0223048327137545,0.21670751633986926
0.0,45.45,29.96,12.25,400.0,1.9,53.71,27.2,0.0,0.0,0.0,40.0,10.0,100.0,1222.0,658.0,0.35,0.02,1.5,70.0,15.0,27.0,400.0,53.71,1.9,27.2,1.9746323529411764,1.9746323529411764,0.03537516291193446
40.0,45.45,29.96,12.25,360.0,1.9,53.71,27.2,0.0,0.0,0.0,40.0,10.0,100.0,1216.0,655.0,0.35,0.02,1.5,70.0,22.0,35.0,400.0,51.335,6.255,25.705,1.9970822797121184,1.9970822797121184,0.12184669328917892
80.0,45.45,29.96,12.25,320.0,1.9,53.71,27.2,0.0,0.0,0.0,40.0,10.0,100.0,1216.0,655.0,0.35,0.02,1.5,70.0,8.0,27.0,400.0,48.96,10.61,24.21,2.0223048327137545,2.0223048327137545,0.21670751633986926
0.0,45.45,29.96,12.25,400.0,1.9,53.71,27.2,0.0,0.0,0.0,60.0,10.0,84.0,1222.0,658.0,0.35,0.02,1.5,70.0,14.0,27.0,400.0,53.71,1.9,27.2,1.9746323529411764,1.9746323529411764,0.03537516291193446
40.0,45.45,29.96,12.25,360.0,1.9,53.71,27.2,0.0,0.0,0.0,60.0,10.0,84.0,1216.0,655.0,0.35,0.02,1.5,70.0,25.0,45.0,400.0,51.335,6.255,25.705,1.9970822797121184,1.9970822797121184,0.12184669328917892
80.0,45.45,29.96,12.25,320.0,1.9,53.71,27.2,0.0,0.0,0.0,60.0,10.0,84.0,1216.0,655.0,0.35,0.02,1.5,70.0,36.0,48.0,400.0,48.96,10.61,24.21,2.0223048327137545,2.0223048327137545,0.21670751633986926
225.0,46.0,30.53,13.67,200.0,3.32,52.31,27.04,0.0,0.0,0.0,60.0,10.0,0.0,1050.0,0.0,0.6,0.3,0.0,65.0,0.0,1.5,425.0,40.779411764705884,25.915294117647058,19.961764705882352,2.0428760866362166,2.0428760866362166,0.6354994590695997
225.0,46.0,30.53,13.67,200.0,3.32,52.31,27.04,0.0,0.0,0.0,60.0,10.0,0.0,1050.0,0.0,0.6,0.3,0.0,65.0,6.5,18.3,425.0,40.779411764705884,25.915294117647058,19.961764705882352,2.0428760866362166,2.0428760866362166,0.6354994590695997
225.0,46.0,30.53,13.67,200.0,3.32,52.31,27.04,0.0,0.0,0.0,60.0,10.0,0.0,1050.0,0.0,0.6,0.3,0.0,65.0,15.5,27.1,425.0,40.779411764705884,25.915294117647058,19.961764705882352,2.0428760866362166,2.0428760866362166,0.6354994590695997
225.0,46.0,30.53,13.67,200.0,3.32,52.31,27.04,0.0,0.0,0.0,20.0,10.0,40.0,1050.0,0.0,0.6,0.3,0.0,65.0,0.0,42.8,425.0,40.779411764705884,25.915294117647058,19.961764705882352,2.0428760866362166,2.0428760866362166,0.6354994590695997
225.0,46.0,30.53,13.67,200.0,3.32,52.31,27.04,0.0,0.0,0.0,20.0,10.0,40.0,1050.0,0.0,0.6,0.3,0.0,65.0,84.9,114.5,425.0,40.779411764705884,25.915294117647058,19.961764705882352,2.0428760866362166,2.0428760866362166,0.6354994590695997
225.0,46.0,30.53,13.67,200.0,3.32,52.31,27.04,0.0,0.0,0.0,20.0,10.0,40.0,1050.0,0.0,0.6,0.3,0.0,65.0,144.4,171.7,425.0,40.779411764705884,25.915294117647058,19.961764705882352,2.0428760866362166,2.0428760866362166,0.6354994590695997
225.0,46.0,30.53,13.67,200.0,3.32,52.31,27.04,0.0,0.0,0.0,0.0,10.0,60.0,1050.0,0.0,0.6,0.3,0.0,65.0,0.0,0.0,425.0,40.779411764705884,25.915294117647058,19.961764705882352,2.0428760866362166,2.0428760866362166,0.6354994590695997
225.0,46.0,30.53,13.67,200.0,3.32,52.31,27.04,0.0,0.0,0.0,0.0,10.0,60.0,1050.0,0.0,0.6,0.3,0.0,65.0,38.7,54.9,425.0,40.779411764705884,25.915294117647058,19.961764705882352,2.0428760866362166,2.0428760866362166,0.6354994590695997
225.0,46.0,30.53,13.67,200.0,3.32,52.31,27.04,0.0,0.0,0.0,0.0,10.0,60.0,1050.0,0.0,0.6,0.3,0.0,65.0,119.6,173.0,425.0,40.779411764705884,25.915294117647058,19.961764705882352,2.0428760866362166,2.0428760866362166,0.6354994590695997
1377.0,40.54,33.32,14.99,0.0,2.36,61.83,20.39,0.0,0.0,0.0,48.8,5.0,640.0,0.0,0.0,0.5,0.3,0.0,65.0,41.82,46.61,1377.0,33.32,40.54,14.99,2.2228152101400935,2.2228152101400935,1.216686674669868
1102.0,40.54,33.32,14.99,215.0,2.36,61.83,20.39,0.0,0.0,0.0,48.8,5.0,640.0,0.0,0.0,0.5,0.3,0.0,65.0,38.74,42.95,1317.0,37.97425208807896,34.30712224753227,15.871548974943053,2.3925989925766027,2.3925989925766027,0.903431150347846
826.0,40.54,33.32,14.99,429.0,2.36,61.83,20.39,0.0,0.0,0.0,48.8,5.0,640.0,0.0,0.0,0.5,0.3,0.0,65.0,33.58,37.12,1255.0,43.065649402390434,27.488828685258966,16.835896414342628,2.5579659284255563,2.5579659284255563,0.6383005728861284
551.0,40.54,33.32,14.99,643.0,2.36,61.83,20.39,0.0,0.0,0.0,48.8,5.0,640.0,0.0,0.0,0.5,0.3,0.0,65.0,27.96,31.88,1194.0,48.67337520938024,19.979078726968176,17.898040201005028,2.719480717595387,2.719480717595387,0.410472432639474
1365.0,40.54,33.32,14.99,0.0,2.36,61.83,20.39,0.0,0.0,0.0,96.7,5.0,586.0,0.0,0.0,0.5,0.3,0.0,65.0,74.63,85.09,1365.0,33.32,40.54,14.989999999999998,2.2228152101400935,2.2228152101400935,1.216686674669868
1092.0,40.54,33.32,14.99,213.0,2.36,61.83,20.39,0.0,0.0,0.0,96.7,5.0,586.0,0.0,0.0,0.5,0.3,0.0,65.0,70.44,79.83,1305.0,37.973356321839084,34.30832183908046,15.871379310344828,2.392568130300331,2.392568130300331,0.9034840520364854
819.0,40.54,33.32,14.99,425.0,2.36,61.83,20.39,0.0,0.0,0.0,96.7,5.0,586.0,0.0,0.0,0.5,0.3,0.0,65.0,64.92,72.18,1244.0,43.060152733118976,27.496189710610935,16.834855305466235,2.557797614045275,2.557797614045275,0.6385530000561914
546.0,40.54,33.32,14.99,638.0,2.36,61.83,20.39,0.0,0.0,0.0,96.7,5.0,586.0,0.0,0.0,0.5,0.3,0.0,65.0,55.37,62.74,1184.0,48.68265202702703,19.966655405405405,17.899797297297297,2.7197320292770946,2.7197320292770946,0.4101390243555459
1353.0,40.54,33.32,14.99,0.0,2.36,61.83,20.39,0.0,0.0,0.0,143.7,5.0,533.0,0.0,0.0,0.5,0.3,0.0,65.0,85.47,93.06,1353.0,33.32,40.54,14.99,2.2228152101400935,2.2228152101400935,1.216686674669868
1082.0,40.54,33.32,14.99,211.0,2.36,61.83,20.39,0.0,0.0,0.0,143.7,5.0,533.0,0.0,0.0,0.5,0.3,0.0,65.0,80.18,87.96,1293.0,37.97244392884764,34.30954369682908,15.871206496519722,2.392536694496057,2.392536694496057,0.9035379382248332
812.0,40.54,33.32,14.99,421.0,2.36,61.83,20.39,0.0,0.0,0.0,143.7,5.0,533.0,0.0,0.0,0.5,0.3,0.0,65.0,72.64,79.5,1233.0,43.054557988645584,27.503682076236817,16.833795620437957,2.55762627510892,2.55762627510892,0.6388099973872715
541.0,40.54,33.32,14.99,632.0,2.36,61.83,20.39,0.0,0.0,0.0,143.7,5.0,533.0,0.0,0.0,0.5,0.3,0.0,65.0,63.11,69.82,1173.0,48.68088661551577,19.969019607843137,17.899462915601024,2.7196842075683683,2.7196842075683683,0.4102024633519828
0.0,0.0,0.0,0.0,1600.0,2.9,55.3,25.8,0.0,0.0,0.0,400.0,6.0,400.0,0.0,2400.0,0.5,0.1,9.98,65.0,9.9,25.9,1600.0,55.3,2.9,25.8,2.143410852713178,2.143410852713178,0.05244122965641953
0.0,0.0,0.0,0.0,1600.0,2.9,55.3,25.8,0.0,0.0,0.0,400.0,9.0,400.0,0.0,2400.0,0.5,0.1,8.01,65.0,18.2,43.1,1600.0,55.3,2.9,25.8,2.143410852713178,2.143410852713178,0.05244122965641953
0.0,0.0,0.0,0.0,1600.0,2.9,55.3,25.8,0.0,0.0,0.0,400.0,12.0,400.0,0.0,2400.0,0.5,0.1,6.83,65.0,20.5,44.8,1600.0,55.3,2.9,25.8,2.143410852713178,2.143410852713178,0.05244122965641953
0.0,0.0,0.0,0.0,1600.0,2.9,55.3,25.8,0.0,0.0,0.0,0.0,9.0,800.0,0.0,2400.0,0.5,0.1,14.5,65.0,8.6,13.1,1600.0,55.3,2.9,25.8,2.143410852713178,2.143410852713178,0.05244122965641953
0.0,0.0,0.0,0.0,1600.0,2.9,55.3,25.8,0.0,0.0,0.0,200.0,9.0,600.0,0.0,2400.0,0.5,0.1,10.5,65.0,14.6,32.3,1600.0,55.3,2.9,25.8,2.143410852713178,2.143410852713178,0.05244122965641953
0.0,0.0,0.0,0.0,1600.0,2.9,55.3,25.8,0.0,0.0,0.0,400.0,9.0,400.0,0.0,2400.0,0.5,0.1,8.01,65.0,18.2,43.1,1600.0,55.3,2.9,25.8,2.143410852713178,2.143410852713178,0.05244122965641953
0.0,0.0,0.0,0.0,1600.0,2.9,55.3,25.8,0.0,0.0,0.0,600.0,9.0,200.0,0.0,2400.0,0.5,0.1,6.32,65.0,17.6,22.8,1600.0,55.3,2.9,25.8,2.143410852713178,2.143410852713178,0.05244122965641953
0.0,0.0,0.0,0.0,1600.0,2.9,55.3,25.8,0.0,0.0,0.0,800.0,9.0,0.0,0.0,2400.0,0.5,0.1,5.0,65.0,5.9,138.0,1600.0,55.3,2.9,25.8,2.143410852713178,2.143410852713178,0.05244122965641953
400.0,40.7,32.4,14.96,200.0,2.27,62.2,27.5,0.92,85.76,1.89,56.0,10.0,84.0,1208.0,650.0,0.35,0.12,5.0,65.0,40.89,46.75,600.0,42.333333333333336,27.89,19.14,2.211772901428074,2.211772901428074,0.6588188976377952
400.0,40.7,32.4,14.96,200.0,2.27,62.2,27.5,0.92,85.76,1.89,60.0,12.0,120.0,1182.0,636.0,0.45,0.12,5.0,65.0,38.47,38.98,600.0,42.333333333333336,27.89,19.14,2.211772901428074,2.211772901428074,0.6588188976377952
400.0,40.7,32.4,14.96,200.0,2.27,62.2,27.5,0.92,85.76,1.89,63.0,14.0,157.0,1156.0,622.0,0.55,0.12,5.0,65.0,36.94,42.55,600.0,42.333333333333336,27.89,19.14,2.211772901428074,2.211772901428074,0.6588188976377952
450.0,40.7,32.4,14.96,200.0,2.27,62.2,27.5,0.92,85.76,1.89,53.0,14.0,105.0,1161.0,625.0,0.35,0.12,5.0,65.0,56.05,61.15,650.0,41.56923076923077,28.875384615384615,18.818461538461538,2.208960104643558,2.208960104643558,0.6946336047372317
450.0,40.7,32.4,14.96,200.0,2.27,62.2,27.5,0.92,85.76,1.89,58.0,10.0,145.0,1132.0,609.0,0.45,0.12,5.0,65.0,41.4,42.24,650.0,41.56923076923077,28.875384615384615,18.818461538461538,2.208960104643558,2.208960104643558,0.6946336047372317
450.0,40.7,32.4,14.96,200.0,2.27,62.2,27.5,0.92,85.76,1.89,99.0,12.0,149.0,1102.0,594.0,0.55,0.12,5.0,65.0,35.03,37.32,650.0,41.56923076923077,28.875384615384615,18.818461538461538,2.208960104643558,2.208960104643558,0.6946336047372317
500.0,40.7,32.4,14.96,200.0,2.27,62.2,27.5,0.92,85.76,1.89,50.0,12.0,125.0,1115.0,600.0,0.35,0.12,5.0,65.0,52.23,59.5,700.0,40.91428571428571,29.72,18.542857142857144,2.2064714946070874,2.2064714946070874,0.7263966480446927
500.0,40.7,32.4,14.96,200.0,2.27,62.2,27.5,0.92,85.76,1.89,90.0,14.0,135.0,1082.0,583.0,0.45,0.12,5.0,65.0,40.13,42.93,700.0,40.91428571428571,29.72,18.542857142857144,2.2064714946070874,2.2064714946070874,0.7263966480446927
500.0,40.7,32.4,14.96,200.0,2.27,62.2,27.5,0.92,85.76,1.89,92.0,10.0,183.0,1050.0,565.0,0.55,0.12,5.0,60.0,32.61,34.4,700.0,40.91428571428571,29.72,18.542857142857144,2.2064714946070874,2.2064714946070874,0.7263966480446927
75.0,40.15,35.32,15.63,175.0,3.25,50.13,27.28,0.0,0.0,0.0,80.0,16.0,120.0,1088.0,806.0,0.8,0.3,0.0,60.0,28.64,32.48,250.0,45.687,14.32,23.785,1.920832457431154,1.920832457431154,0.3134370827587717
85.0,40.15,35.32,15.63,200.0,3.25,50.13,27.28,0.0,0.0,0.0,80.0,16.0,120.0,1070.0,793.0,0.7,0.3,0.5,60.0,31.52,36.27,285.0,45.71298245614035,14.255263157894737,23.80543859649123,1.920274741876764,1.920274741876764,0.31184277183340753
100.0,40.15,35.32,15.63,233.0,3.25,50.13,27.28,0.0,0.0,0.0,80.0,16.0,120.0,1046.0,776.0,0.6,0.3,1.3,60.0,34.88,40.63,333.0,45.68255255255256,14.33108108108108,23.781501501501502,1.9209280183451949,1.9209280183451949,0.3137101646103249
120.0,40.15,35.32,15.63,280.0,3.25,50.13,27.28,0.0,0.0,0.0,80.0,16.0,120.0,1013.0,751.0,0.5,0.3,1.6,60.0,38.97,44.76,400.0,45.687000000000005,14.32,23.785,1.9208324574311544,1.9208324574311544,0.31343708275877163
150.0,40.15,35.32,15.63,350.0,3.25,50.13,27.28,0.0,0.0,0.0,80.0,16.0,120.0,963.0,714.0,0.4,0.3,1.9,60.0,47.35,54.18,500.0,45.687,14.32,23.785,1.920832457431154,1.920832457431154,0.3134370827587717
200.0,40.15,35.32,15.63,466.0,3.25,50.13,27.28,0.0,0.0,0.0,80.0,16.0,120.0,880.0,752.0,0.3,0.3,2.1,60.0,52.61,59.84,666.0,45.68255255255256,14.33108108108108,23.781501501501502,1.9209280183451949,1.9209280183451949,0.3137101646103249
